



                              FlightStream plot


     Simulation file:                            I:\Senior Design 2\AircraftDesignGroup6\flighstream.fsm
     Angle of attack (Deg)                       25.000
     Side-slip angle (Deg)                       .000
     Freestream velocity (in/s)                  20850.394
     Requested solver iterations                 1000
     Solver convergence limit                     1.000E-05
     Force solver to run all iterations           F
     Time increment (sec)                        1.000
     Solver model:                               Incompressible
     Solver mode:                                Steady
     Reference velocity (in/s)                   3937.008
     Reference length (in)                       197.640
     Reference area (in^2)                       1550.000
     Altitude (ft)                               .000
                                                  
     Wake refinement size (% average mesh size)  1000.000
     Reynolds Number                             34407128.
     Coordinate frame for analysis:              Reference
     Current solver iteration number:            1071
----------------------------------------------------------------------------------------------------
Lift coefficient_X, Lift coefficient_Y, Induced drag coefficient (vorticity)_X, Induced drag coefficient (vorticity)_Y, Pitching moment coefficient_X, Pitching moment coefficient_Y, 
----------------------------------------------------------------------------------------------------
0.1000000000000000E+01,-0.4255122668368982E+01,0.1000000000000000E+01,0.0000000000000000E+00,0.1000000000000000E+01,0.1514046507157955E+01,
0.2000000000000000E+01,-0.3197695538286932E+01,0.2000000000000000E+01,0.0000000000000000E+00,0.2000000000000000E+01,0.1551828168671342E+00,
0.3000000000000000E+01,-0.2398116740387732E+01,0.3000000000000000E+01,0.0000000000000000E+00,0.3000000000000000E+01,0.4321460942291628E+00,
0.4000000000000000E+01,-0.2927495903469431E+01,0.4000000000000000E+01,0.0000000000000000E+00,0.4000000000000000E+01,0.1273129788011644E+01,
0.5000000000000000E+01,-0.3894199821527755E+01,0.5000000000000000E+01,0.0000000000000000E+00,0.5000000000000000E+01,0.2400572638478380E+01,
0.6000000000000000E+01,-0.5010492265973156E+01,0.6000000000000000E+01,0.0000000000000000E+00,0.6000000000000000E+01,0.3807427815306188E+01,
0.7000000000000000E+01,-0.5406628682906554E+01,0.7000000000000000E+01,0.0000000000000000E+00,0.7000000000000000E+01,0.6060698275979744E+01,
0.8000000000000000E+01,-0.5237793937817953E+01,0.8000000000000000E+01,0.0000000000000000E+00,0.8000000000000000E+01,0.7760038712521274E+01,
0.9000000000000000E+01,-0.4528716453935838E+01,0.9000000000000000E+01,0.0000000000000000E+00,0.9000000000000000E+01,0.9071092234130155E+01,
0.1000000000000000E+02,-0.3798279207326870E+01,0.1000000000000000E+02,0.0000000000000000E+00,0.1000000000000000E+02,0.1008639609067980E+02,
0.1100000000000000E+02,-0.2673739458545397E+01,0.1100000000000000E+02,0.0000000000000000E+00,0.1100000000000000E+02,0.1084674017794050E+02,
0.1200000000000000E+02,-0.1623166439024646E+01,0.1200000000000000E+02,0.0000000000000000E+00,0.1200000000000000E+02,0.1161724893460273E+02,
0.1300000000000000E+02,-0.6509593600962331E+00,0.1300000000000000E+02,0.0000000000000000E+00,0.1300000000000000E+02,0.1224460333502103E+02,
0.1400000000000000E+02,0.1785755308561434E+00,0.1400000000000000E+02,0.0000000000000000E+00,0.1400000000000000E+02,0.1270743565845101E+02,
0.1500000000000000E+02,0.6266529606926081E+00,0.1500000000000000E+02,0.0000000000000000E+00,0.1500000000000000E+02,0.1278354837992138E+02,
0.1600000000000000E+02,0.3844345563522875E+00,0.1600000000000000E+02,0.0000000000000000E+00,0.1600000000000000E+02,0.1251496247747048E+02,
0.1700000000000000E+02,-0.6286793725910602E+00,0.1700000000000000E+02,0.0000000000000000E+00,0.1700000000000000E+02,0.1181214838687083E+02,
0.1800000000000000E+02,-0.2794565450547054E+01,0.1800000000000000E+02,0.0000000000000000E+00,0.1800000000000000E+02,0.9977995758372289E+01,
0.1900000000000000E+02,-0.3948578149669466E+01,0.1900000000000000E+02,0.0000000000000000E+00,0.1900000000000000E+02,0.1025284621954978E+02,
0.2000000000000000E+02,-0.2874196148845453E+01,0.2000000000000000E+02,0.0000000000000000E+00,0.2000000000000000E+02,0.1361398323363004E+02,
0.2100000000000000E+02,0.4149296330367243E+00,0.2100000000000000E+02,0.0000000000000000E+00,0.2100000000000000E+02,0.1938861083048977E+02,
0.2200000000000000E+02,0.4365088020740149E+01,0.2200000000000000E+02,0.0000000000000000E+00,0.2200000000000000E+02,0.2383756506944834E+02,
0.2300000000000000E+02,0.8315400571531937E+01,0.2300000000000000E+02,0.0000000000000000E+00,0.2300000000000000E+02,0.2601178208514346E+02,
0.2400000000000000E+02,0.1171878492156360E+02,0.2400000000000000E+02,0.0000000000000000E+00,0.2400000000000000E+02,0.2579438687121735E+02,
0.2500000000000000E+02,0.1494940183579553E+02,0.2500000000000000E+02,0.0000000000000000E+00,0.2500000000000000E+02,0.2320171541068449E+02,
0.2600000000000000E+02,0.1986844265416920E+02,0.2600000000000000E+02,0.0000000000000000E+00,0.2600000000000000E+02,0.2151699228040657E+02,
0.2700000000000000E+02,0.2520100114912864E+02,0.2700000000000000E+02,0.0000000000000000E+00,0.2700000000000000E+02,0.2229619407571596E+02,
0.2800000000000000E+02,0.2525138206840744E+02,0.2800000000000000E+02,0.0000000000000000E+00,0.2800000000000000E+02,0.2391814353369043E+02,
0.2900000000000000E+02,0.2190626803947553E+02,0.2900000000000000E+02,0.0000000000000000E+00,0.2900000000000000E+02,0.2965370590998266E+02,
0.3000000000000000E+02,0.1701185584583631E+02,0.3000000000000000E+02,0.0000000000000000E+00,0.3000000000000000E+02,0.3754024181992075E+02,
0.3100000000000000E+02,0.1079394811876902E+02,0.3100000000000000E+02,0.0000000000000000E+00,0.3100000000000000E+02,0.4001808990801496E+02,
0.3200000000000000E+02,0.6181067540290218E+01,0.3200000000000000E+02,0.0000000000000000E+00,0.3200000000000000E+02,0.2929589088991293E+02,
0.3300000000000000E+02,0.3121487320293646E+01,0.3300000000000000E+02,0.0000000000000000E+00,0.3300000000000000E+02,0.1336647224686015E+02,
0.3400000000000000E+02,0.2246254436510426E+00,0.3400000000000000E+02,0.0000000000000000E+00,0.3400000000000000E+02,0.5655518783619063E+01,
0.3500000000000000E+02,-0.5706199958411866E+00,0.3500000000000000E+02,0.0000000000000000E+00,0.3500000000000000E+02,0.1567834738126977E+01,
0.3600000000000000E+02,-0.2527269686336838E+00,0.3600000000000000E+02,0.0000000000000000E+00,0.3600000000000000E+02,0.1863081185787802E+00,
0.3700000000000000E+02,0.3541705427647149E-01,0.3700000000000000E+02,0.0000000000000000E+00,0.3700000000000000E+02,-0.1570812565466951E-01,
0.3800000000000000E+02,0.4987489134475348E-01,0.3800000000000000E+02,0.0000000000000000E+00,0.3800000000000000E+02,-0.2465653412855700E-01,
0.3900000000000000E+02,0.4987489134475348E-01,0.3900000000000000E+02,0.0000000000000000E+00,0.3900000000000000E+02,-0.2465653412855700E-01,
0.4000000000000000E+02,0.4987489134475348E-01,0.4000000000000000E+02,0.0000000000000000E+00,0.4000000000000000E+02,-0.2465653412855700E-01,
0.4100000000000000E+02,0.4987489134475348E-01,0.4100000000000000E+02,0.0000000000000000E+00,0.4100000000000000E+02,-0.2465653412855700E-01,
0.4200000000000000E+02,0.4987489134475348E-01,0.4200000000000000E+02,0.0000000000000000E+00,0.4200000000000000E+02,-0.2465653412855700E-01,
0.4300000000000000E+02,0.4987489134475348E-01,0.4300000000000000E+02,0.0000000000000000E+00,0.4300000000000000E+02,-0.2465653412855700E-01,
0.4400000000000000E+02,0.4987489134475348E-01,0.4400000000000000E+02,0.0000000000000000E+00,0.4400000000000000E+02,-0.2465653412855700E-01,
0.4500000000000000E+02,0.3015916399420784E+00,0.4500000000000000E+02,0.0000000000000000E+00,0.4500000000000000E+02,-0.2870652156435313E+00,
0.4600000000000000E+02,0.4987489134475348E-01,0.4600000000000000E+02,0.0000000000000000E+00,0.4600000000000000E+02,-0.2465653412855700E-01,
0.4700000000000000E+02,0.4987489134475348E-01,0.4700000000000000E+02,0.0000000000000000E+00,0.4700000000000000E+02,-0.2465653412855700E-01,
0.4800000000000000E+02,0.4987489134475348E-01,0.4800000000000000E+02,0.0000000000000000E+00,0.4800000000000000E+02,-0.2465653412855700E-01,
0.4900000000000000E+02,0.4987489134475348E-01,0.4900000000000000E+02,0.0000000000000000E+00,0.4900000000000000E+02,-0.2465653412855700E-01,
0.5000000000000000E+02,0.4987489134475348E-01,0.5000000000000000E+02,0.0000000000000000E+00,0.5000000000000000E+02,-0.2465653412855700E-01,
0.5100000000000000E+02,0.4987489134475348E-01,0.5100000000000000E+02,0.0000000000000000E+00,0.5100000000000000E+02,-0.2465653412855700E-01,
0.5200000000000000E+02,0.4987489134475348E-01,0.5200000000000000E+02,0.0000000000000000E+00,0.5200000000000000E+02,-0.2465653412855700E-01,
0.5300000000000000E+02,0.4987489134475348E-01,0.5300000000000000E+02,0.0000000000000000E+00,0.5300000000000000E+02,-0.2465653412855700E-01,
0.5400000000000000E+02,0.4987489134475348E-01,0.5400000000000000E+02,0.0000000000000000E+00,0.5400000000000000E+02,-0.2465653412855700E-01,
0.5500000000000000E+02,0.4987489134475348E-01,0.5500000000000000E+02,0.0000000000000000E+00,0.5500000000000000E+02,-0.2465653412855700E-01,
0.5600000000000000E+02,0.4987489134475348E-01,0.5600000000000000E+02,0.0000000000000000E+00,0.5600000000000000E+02,-0.2465653412855700E-01,
0.5700000000000000E+02,0.4987489134475348E-01,0.5700000000000000E+02,0.0000000000000000E+00,0.5700000000000000E+02,-0.2465653412855700E-01,
0.5800000000000000E+02,0.4987489134475348E-01,0.5800000000000000E+02,0.0000000000000000E+00,0.5800000000000000E+02,-0.2465653412855700E-01,
0.5900000000000000E+02,0.4987489134475348E-01,0.5900000000000000E+02,0.0000000000000000E+00,0.5900000000000000E+02,-0.2465653412855700E-01,
0.6000000000000000E+02,0.4987489134475348E-01,0.6000000000000000E+02,0.0000000000000000E+00,0.6000000000000000E+02,-0.2465653412855700E-01,
0.6100000000000000E+02,0.4987489134475348E-01,0.6100000000000000E+02,0.0000000000000000E+00,0.6100000000000000E+02,-0.2465653412855700E-01,
0.6200000000000000E+02,0.4987489134475348E-01,0.6200000000000000E+02,0.0000000000000000E+00,0.6200000000000000E+02,-0.2465653412855700E-01,
0.6300000000000000E+02,0.4987489134475348E-01,0.6300000000000000E+02,0.0000000000000000E+00,0.6300000000000000E+02,-0.2465653412855700E-01,
0.6400000000000000E+02,0.4987489134475348E-01,0.6400000000000000E+02,0.0000000000000000E+00,0.6400000000000000E+02,-0.2465653412855700E-01,
0.6500000000000000E+02,0.4987489134475348E-01,0.6500000000000000E+02,0.0000000000000000E+00,0.6500000000000000E+02,-0.2465653412855700E-01,
0.6600000000000000E+02,0.4987489134475348E-01,0.6600000000000000E+02,0.0000000000000000E+00,0.6600000000000000E+02,-0.2465653412855700E-01,
0.6700000000000000E+02,0.4987489134475348E-01,0.6700000000000000E+02,0.0000000000000000E+00,0.6700000000000000E+02,-0.2465653412855700E-01,
0.6800000000000000E+02,0.4987489134475348E-01,0.6800000000000000E+02,0.0000000000000000E+00,0.6800000000000000E+02,-0.2465653412855700E-01,
0.6900000000000000E+02,0.4987489134475348E-01,0.6900000000000000E+02,0.0000000000000000E+00,0.6900000000000000E+02,-0.2465653412855700E-01,
0.7000000000000000E+02,0.4987489134475348E-01,0.7000000000000000E+02,0.0000000000000000E+00,0.7000000000000000E+02,-0.2465653412855700E-01,
0.7100000000000000E+02,0.4987489134475348E-01,0.7100000000000000E+02,0.0000000000000000E+00,0.7100000000000000E+02,-0.2465653412855700E-01,
0.7200000000000000E+02,0.4987489134475348E-01,0.7200000000000000E+02,0.0000000000000000E+00,0.7200000000000000E+02,-0.2465653412855700E-01,
0.7300000000000000E+02,0.4987489134475348E-01,0.7300000000000000E+02,0.0000000000000000E+00,0.7300000000000000E+02,-0.2465653412855700E-01,
0.7400000000000000E+02,0.4987489134475348E-01,0.7400000000000000E+02,0.0000000000000000E+00,0.7400000000000000E+02,-0.2465653412855700E-01,
0.7500000000000000E+02,0.4987489134475348E-01,0.7500000000000000E+02,0.0000000000000000E+00,0.7500000000000000E+02,-0.2465653412855700E-01,
0.7600000000000000E+02,0.4987489134475348E-01,0.7600000000000000E+02,0.0000000000000000E+00,0.7600000000000000E+02,-0.2465653412855700E-01,
0.7700000000000000E+02,0.4987489134475348E-01,0.7700000000000000E+02,0.0000000000000000E+00,0.7700000000000000E+02,-0.2465653412855700E-01,
0.7800000000000000E+02,0.4987489134475348E-01,0.7800000000000000E+02,0.0000000000000000E+00,0.7800000000000000E+02,-0.2465653412855700E-01,
0.7900000000000000E+02,0.4987489134475348E-01,0.7900000000000000E+02,0.0000000000000000E+00,0.7900000000000000E+02,-0.2465653412855700E-01,
0.8000000000000000E+02,0.4987489134475348E-01,0.8000000000000000E+02,0.0000000000000000E+00,0.8000000000000000E+02,-0.2465653412855700E-01,
0.8100000000000000E+02,0.4987489134475348E-01,0.8100000000000000E+02,0.0000000000000000E+00,0.8100000000000000E+02,-0.2465653412855700E-01,
0.8200000000000000E+02,0.4987489134475348E-01,0.8200000000000000E+02,0.0000000000000000E+00,0.8200000000000000E+02,-0.2465653412855700E-01,
0.8300000000000000E+02,0.4987489134475348E-01,0.8300000000000000E+02,0.0000000000000000E+00,0.8300000000000000E+02,-0.2465653412855700E-01,
0.8400000000000000E+02,0.4987489134475348E-01,0.8400000000000000E+02,0.0000000000000000E+00,0.8400000000000000E+02,-0.2465653412855700E-01,
0.8500000000000000E+02,0.4987489134475348E-01,0.8500000000000000E+02,0.0000000000000000E+00,0.8500000000000000E+02,-0.2465653412855700E-01,
0.8600000000000000E+02,0.4987489134475348E-01,0.8600000000000000E+02,0.0000000000000000E+00,0.8600000000000000E+02,-0.2465653412855700E-01,
0.8700000000000000E+02,0.4987489134475348E-01,0.8700000000000000E+02,0.0000000000000000E+00,0.8700000000000000E+02,-0.2465653412855700E-01,
0.8800000000000000E+02,0.4987489134475348E-01,0.8800000000000000E+02,0.0000000000000000E+00,0.8800000000000000E+02,-0.2465653412855700E-01,
0.8900000000000000E+02,0.4987489134475348E-01,0.8900000000000000E+02,0.0000000000000000E+00,0.8900000000000000E+02,-0.2465653412855700E-01,
0.9000000000000000E+02,0.4987489134475348E-01,0.9000000000000000E+02,0.0000000000000000E+00,0.9000000000000000E+02,-0.2465653412855700E-01,
0.9100000000000000E+02,0.4987489134475348E-01,0.9100000000000000E+02,0.0000000000000000E+00,0.9100000000000000E+02,-0.2465653412855700E-01,
0.9200000000000000E+02,0.4987489134475348E-01,0.9200000000000000E+02,0.0000000000000000E+00,0.9200000000000000E+02,-0.2465653412855700E-01,
0.9300000000000000E+02,0.4987489134475348E-01,0.9300000000000000E+02,0.0000000000000000E+00,0.9300000000000000E+02,-0.2465653412855700E-01,
0.9400000000000000E+02,0.4987489134475348E-01,0.9400000000000000E+02,0.0000000000000000E+00,0.9400000000000000E+02,-0.2465653412855700E-01,
0.9500000000000000E+02,0.4987489134475348E-01,0.9500000000000000E+02,0.0000000000000000E+00,0.9500000000000000E+02,-0.2465653412855700E-01,
0.9600000000000000E+02,0.4987489134475348E-01,0.9600000000000000E+02,0.0000000000000000E+00,0.9600000000000000E+02,-0.2465653412855700E-01,
0.9700000000000000E+02,0.4987489134475348E-01,0.9700000000000000E+02,0.0000000000000000E+00,0.9700000000000000E+02,-0.2465653412855700E-01,
0.9800000000000000E+02,0.4987489134475348E-01,0.9800000000000000E+02,0.0000000000000000E+00,0.9800000000000000E+02,-0.2465653412855700E-01,
0.9900000000000000E+02,0.4987489134475348E-01,0.9900000000000000E+02,0.0000000000000000E+00,0.9900000000000000E+02,-0.2465653412855700E-01,
0.1000000000000000E+03,0.4987489134475348E-01,0.1000000000000000E+03,0.0000000000000000E+00,0.1000000000000000E+03,-0.2465653412855700E-01,
0.1010000000000000E+03,0.4987489134475348E-01,0.1010000000000000E+03,0.0000000000000000E+00,0.1010000000000000E+03,-0.2465653412855700E-01,
0.1020000000000000E+03,0.4987489134475348E-01,0.1020000000000000E+03,0.0000000000000000E+00,0.1020000000000000E+03,-0.2465653412855700E-01,
0.1030000000000000E+03,0.4987489134475348E-01,0.1030000000000000E+03,0.0000000000000000E+00,0.1030000000000000E+03,-0.2465653412855700E-01,
0.1040000000000000E+03,0.4987489134475348E-01,0.1040000000000000E+03,0.0000000000000000E+00,0.1040000000000000E+03,-0.2465653412855700E-01,
0.1050000000000000E+03,0.4987489134475348E-01,0.1050000000000000E+03,0.0000000000000000E+00,0.1050000000000000E+03,-0.2465653412855700E-01,
0.1060000000000000E+03,0.4987489134475348E-01,0.1060000000000000E+03,0.0000000000000000E+00,0.1060000000000000E+03,-0.2465653412855700E-01,
0.1070000000000000E+03,0.4987489134475348E-01,0.1070000000000000E+03,0.0000000000000000E+00,0.1070000000000000E+03,-0.2465653412855700E-01,
0.1080000000000000E+03,0.4987489134475348E-01,0.1080000000000000E+03,0.0000000000000000E+00,0.1080000000000000E+03,-0.2465653412855700E-01,
0.1090000000000000E+03,0.4987489134475348E-01,0.1090000000000000E+03,0.0000000000000000E+00,0.1090000000000000E+03,-0.2465653412855700E-01,
0.1100000000000000E+03,0.4987489134475348E-01,0.1100000000000000E+03,0.0000000000000000E+00,0.1100000000000000E+03,-0.2465653412855700E-01,
0.1110000000000000E+03,0.4987489134475348E-01,0.1110000000000000E+03,0.0000000000000000E+00,0.1110000000000000E+03,-0.2465653412855700E-01,
0.1120000000000000E+03,0.4987489134475348E-01,0.1120000000000000E+03,0.0000000000000000E+00,0.1120000000000000E+03,-0.2465653412855700E-01,
0.1130000000000000E+03,0.4987489134475348E-01,0.1130000000000000E+03,0.0000000000000000E+00,0.1130000000000000E+03,-0.2465653412855700E-01,
0.1140000000000000E+03,0.4987489134475348E-01,0.1140000000000000E+03,0.0000000000000000E+00,0.1140000000000000E+03,-0.2465653412855700E-01,
0.1150000000000000E+03,0.4987489134475348E-01,0.1150000000000000E+03,0.0000000000000000E+00,0.1150000000000000E+03,-0.2465653412855700E-01,
0.1160000000000000E+03,0.4987489134475348E-01,0.1160000000000000E+03,0.0000000000000000E+00,0.1160000000000000E+03,-0.2465653412855700E-01,
0.1170000000000000E+03,0.4987489134475348E-01,0.1170000000000000E+03,0.0000000000000000E+00,0.1170000000000000E+03,-0.2465653412855700E-01,
0.1180000000000000E+03,0.4987489134475348E-01,0.1180000000000000E+03,0.0000000000000000E+00,0.1180000000000000E+03,-0.2465653412855700E-01,
0.1190000000000000E+03,0.4987489134475348E-01,0.1190000000000000E+03,0.0000000000000000E+00,0.1190000000000000E+03,-0.2465653412855700E-01,
0.1200000000000000E+03,0.4987489134475348E-01,0.1200000000000000E+03,0.0000000000000000E+00,0.1200000000000000E+03,-0.2465653412855700E-01,
0.1210000000000000E+03,0.4987489134475348E-01,0.1210000000000000E+03,0.0000000000000000E+00,0.1210000000000000E+03,-0.2465653412855700E-01,
0.1220000000000000E+03,0.4987489134475348E-01,0.1220000000000000E+03,0.0000000000000000E+00,0.1220000000000000E+03,-0.2465653412855700E-01,
0.1230000000000000E+03,0.4987489134475348E-01,0.1230000000000000E+03,0.0000000000000000E+00,0.1230000000000000E+03,-0.2465653412855700E-01,
0.1240000000000000E+03,0.4987489134475348E-01,0.1240000000000000E+03,0.0000000000000000E+00,0.1240000000000000E+03,-0.2465653412855700E-01,
0.1250000000000000E+03,0.4987489134475348E-01,0.1250000000000000E+03,0.0000000000000000E+00,0.1250000000000000E+03,-0.2465653412855700E-01,
0.1260000000000000E+03,0.4987489134475348E-01,0.1260000000000000E+03,0.0000000000000000E+00,0.1260000000000000E+03,-0.2465653412855700E-01,
0.1270000000000000E+03,0.4987489134475348E-01,0.1270000000000000E+03,0.0000000000000000E+00,0.1270000000000000E+03,-0.2465653412855700E-01,
0.1280000000000000E+03,0.4987489134475348E-01,0.1280000000000000E+03,0.0000000000000000E+00,0.1280000000000000E+03,-0.2465653412855700E-01,
0.1290000000000000E+03,0.4987489134475348E-01,0.1290000000000000E+03,0.0000000000000000E+00,0.1290000000000000E+03,-0.2465653412855700E-01,
0.1300000000000000E+03,0.4987489134475348E-01,0.1300000000000000E+03,0.0000000000000000E+00,0.1300000000000000E+03,-0.2465653412855700E-01,
0.1310000000000000E+03,0.4987489134475348E-01,0.1310000000000000E+03,0.0000000000000000E+00,0.1310000000000000E+03,-0.2465653412855700E-01,
0.1320000000000000E+03,0.4987489134475348E-01,0.1320000000000000E+03,0.0000000000000000E+00,0.1320000000000000E+03,-0.2465653412855700E-01,
0.1330000000000000E+03,0.4987489134475348E-01,0.1330000000000000E+03,0.0000000000000000E+00,0.1330000000000000E+03,-0.2465653412855700E-01,
0.1340000000000000E+03,0.4987489134475348E-01,0.1340000000000000E+03,0.0000000000000000E+00,0.1340000000000000E+03,-0.2465653412855700E-01,
0.1350000000000000E+03,0.4987489134475348E-01,0.1350000000000000E+03,0.0000000000000000E+00,0.1350000000000000E+03,-0.2465653412855700E-01,
0.1360000000000000E+03,0.4987489134475348E-01,0.1360000000000000E+03,0.0000000000000000E+00,0.1360000000000000E+03,-0.2465653412855700E-01,
0.1370000000000000E+03,0.4987489134475348E-01,0.1370000000000000E+03,0.0000000000000000E+00,0.1370000000000000E+03,-0.2465653412855700E-01,
0.1380000000000000E+03,0.4987489134475348E-01,0.1380000000000000E+03,0.0000000000000000E+00,0.1380000000000000E+03,-0.2465653412855700E-01,
0.1390000000000000E+03,0.4987489134475348E-01,0.1390000000000000E+03,0.0000000000000000E+00,0.1390000000000000E+03,-0.2465653412855700E-01,
0.1400000000000000E+03,0.4987489134475348E-01,0.1400000000000000E+03,0.0000000000000000E+00,0.1400000000000000E+03,-0.2465653412855700E-01,
0.1410000000000000E+03,0.4987489134475348E-01,0.1410000000000000E+03,0.0000000000000000E+00,0.1410000000000000E+03,-0.2465653412855700E-01,
0.1420000000000000E+03,0.4987489134475348E-01,0.1420000000000000E+03,0.0000000000000000E+00,0.1420000000000000E+03,-0.2465653412855700E-01,
0.1430000000000000E+03,0.4987489134475348E-01,0.1430000000000000E+03,0.0000000000000000E+00,0.1430000000000000E+03,-0.2465653412855700E-01,
0.1440000000000000E+03,0.4987489134475348E-01,0.1440000000000000E+03,0.0000000000000000E+00,0.1440000000000000E+03,-0.2465653412855700E-01,
0.1450000000000000E+03,0.4987489134475348E-01,0.1450000000000000E+03,0.0000000000000000E+00,0.1450000000000000E+03,-0.2465653412855700E-01,
0.1460000000000000E+03,0.4987489134475348E-01,0.1460000000000000E+03,0.0000000000000000E+00,0.1460000000000000E+03,-0.2465653412855700E-01,
0.1470000000000000E+03,0.4987489134475348E-01,0.1470000000000000E+03,0.0000000000000000E+00,0.1470000000000000E+03,-0.2465653412855700E-01,
0.1480000000000000E+03,0.4987489134475348E-01,0.1480000000000000E+03,0.0000000000000000E+00,0.1480000000000000E+03,-0.2465653412855700E-01,
0.1490000000000000E+03,0.4987489134475348E-01,0.1490000000000000E+03,0.0000000000000000E+00,0.1490000000000000E+03,-0.2465653412855700E-01,
0.1500000000000000E+03,0.4987489134475348E-01,0.1500000000000000E+03,0.0000000000000000E+00,0.1500000000000000E+03,-0.2465653412855700E-01,
0.1510000000000000E+03,0.4987489134475348E-01,0.1510000000000000E+03,0.0000000000000000E+00,0.1510000000000000E+03,-0.2465653412855700E-01,
0.1520000000000000E+03,0.4987489134475348E-01,0.1520000000000000E+03,0.0000000000000000E+00,0.1520000000000000E+03,-0.2465653412855700E-01,
0.1530000000000000E+03,0.4987489134475348E-01,0.1530000000000000E+03,0.0000000000000000E+00,0.1530000000000000E+03,-0.2465653412855700E-01,
0.1540000000000000E+03,0.4987489134475348E-01,0.1540000000000000E+03,0.0000000000000000E+00,0.1540000000000000E+03,-0.2465653412855700E-01,
0.1550000000000000E+03,0.4987489134475348E-01,0.1550000000000000E+03,0.0000000000000000E+00,0.1550000000000000E+03,-0.2465653412855700E-01,
0.1560000000000000E+03,0.4987489134475348E-01,0.1560000000000000E+03,0.0000000000000000E+00,0.1560000000000000E+03,-0.2465653412855700E-01,
0.1570000000000000E+03,0.4987489134475348E-01,0.1570000000000000E+03,0.0000000000000000E+00,0.1570000000000000E+03,-0.2465653412855700E-01,
0.1580000000000000E+03,0.4987489134475348E-01,0.1580000000000000E+03,0.0000000000000000E+00,0.1580000000000000E+03,-0.2465653412855700E-01,
0.1590000000000000E+03,0.4987489134475348E-01,0.1590000000000000E+03,0.0000000000000000E+00,0.1590000000000000E+03,-0.2465653412855700E-01,
0.1600000000000000E+03,0.4987489134475348E-01,0.1600000000000000E+03,0.0000000000000000E+00,0.1600000000000000E+03,-0.2465653412855700E-01,
0.1610000000000000E+03,0.4987489134475348E-01,0.1610000000000000E+03,0.0000000000000000E+00,0.1610000000000000E+03,-0.2465653412855700E-01,
0.1620000000000000E+03,0.4987489134475348E-01,0.1620000000000000E+03,0.0000000000000000E+00,0.1620000000000000E+03,-0.2465653412855700E-01,
0.1630000000000000E+03,0.4987489134475348E-01,0.1630000000000000E+03,0.0000000000000000E+00,0.1630000000000000E+03,-0.2465653412855700E-01,
0.1640000000000000E+03,0.4987489134475348E-01,0.1640000000000000E+03,0.0000000000000000E+00,0.1640000000000000E+03,-0.2465653412855700E-01,
0.1650000000000000E+03,0.4987489134475348E-01,0.1650000000000000E+03,0.0000000000000000E+00,0.1650000000000000E+03,-0.2465653412855700E-01,
0.1660000000000000E+03,0.4987489134475348E-01,0.1660000000000000E+03,0.0000000000000000E+00,0.1660000000000000E+03,-0.2465653412855700E-01,
0.1670000000000000E+03,0.4987489134475348E-01,0.1670000000000000E+03,0.0000000000000000E+00,0.1670000000000000E+03,-0.2465653412855700E-01,
0.1680000000000000E+03,0.4987489134475348E-01,0.1680000000000000E+03,0.0000000000000000E+00,0.1680000000000000E+03,-0.2465653412855700E-01,
0.1690000000000000E+03,0.4987489134475348E-01,0.1690000000000000E+03,0.0000000000000000E+00,0.1690000000000000E+03,-0.2465653412855700E-01,
0.1700000000000000E+03,0.4987489134475348E-01,0.1700000000000000E+03,0.0000000000000000E+00,0.1700000000000000E+03,-0.2465653412855700E-01,
0.1710000000000000E+03,0.4987489134475348E-01,0.1710000000000000E+03,0.0000000000000000E+00,0.1710000000000000E+03,-0.2465653412855700E-01,
0.1720000000000000E+03,0.4987489134475348E-01,0.1720000000000000E+03,0.0000000000000000E+00,0.1720000000000000E+03,-0.2465653412855700E-01,
0.1730000000000000E+03,0.4987489134475348E-01,0.1730000000000000E+03,0.0000000000000000E+00,0.1730000000000000E+03,-0.2465653412855700E-01,
0.1740000000000000E+03,0.4987489134475348E-01,0.1740000000000000E+03,0.0000000000000000E+00,0.1740000000000000E+03,-0.2465653412855700E-01,
0.1750000000000000E+03,0.4987489134475348E-01,0.1750000000000000E+03,0.0000000000000000E+00,0.1750000000000000E+03,-0.2465653412855700E-01,
0.1760000000000000E+03,0.4987489134475348E-01,0.1760000000000000E+03,0.0000000000000000E+00,0.1760000000000000E+03,-0.2465653412855700E-01,
0.1770000000000000E+03,0.4987489134475348E-01,0.1770000000000000E+03,0.0000000000000000E+00,0.1770000000000000E+03,-0.2465653412855700E-01,
0.1780000000000000E+03,0.4987489134475348E-01,0.1780000000000000E+03,0.0000000000000000E+00,0.1780000000000000E+03,-0.2465653412855700E-01,
0.1790000000000000E+03,0.4987489134475348E-01,0.1790000000000000E+03,0.0000000000000000E+00,0.1790000000000000E+03,-0.2465653412855700E-01,
0.1800000000000000E+03,0.4987489134475348E-01,0.1800000000000000E+03,0.0000000000000000E+00,0.1800000000000000E+03,-0.2465653412855700E-01,
0.1810000000000000E+03,0.4987489134475348E-01,0.1810000000000000E+03,0.0000000000000000E+00,0.1810000000000000E+03,-0.2465653412855700E-01,
0.1820000000000000E+03,0.4987489134475348E-01,0.1820000000000000E+03,0.0000000000000000E+00,0.1820000000000000E+03,-0.2465653412855700E-01,
0.1830000000000000E+03,0.4987489134475348E-01,0.1830000000000000E+03,0.0000000000000000E+00,0.1830000000000000E+03,-0.2465653412855700E-01,
0.1840000000000000E+03,0.4987489134475348E-01,0.1840000000000000E+03,0.0000000000000000E+00,0.1840000000000000E+03,-0.2465653412855700E-01,
0.1850000000000000E+03,0.4987489134475348E-01,0.1850000000000000E+03,0.0000000000000000E+00,0.1850000000000000E+03,-0.2465653412855700E-01,
0.1860000000000000E+03,0.4987489134475348E-01,0.1860000000000000E+03,0.0000000000000000E+00,0.1860000000000000E+03,-0.2465653412855700E-01,
0.1870000000000000E+03,0.4987489134475348E-01,0.1870000000000000E+03,0.0000000000000000E+00,0.1870000000000000E+03,-0.2465653412855700E-01,
0.1880000000000000E+03,0.4987489134475348E-01,0.1880000000000000E+03,0.0000000000000000E+00,0.1880000000000000E+03,-0.2465653412855700E-01,
0.1890000000000000E+03,0.4987489134475348E-01,0.1890000000000000E+03,0.0000000000000000E+00,0.1890000000000000E+03,-0.2465653412855700E-01,
0.1900000000000000E+03,0.4987489134475348E-01,0.1900000000000000E+03,0.0000000000000000E+00,0.1900000000000000E+03,-0.2465653412855700E-01,
0.1910000000000000E+03,0.4987489134475348E-01,0.1910000000000000E+03,0.0000000000000000E+00,0.1910000000000000E+03,-0.2465653412855700E-01,
0.1920000000000000E+03,0.4987489134475348E-01,0.1920000000000000E+03,0.0000000000000000E+00,0.1920000000000000E+03,-0.2465653412855700E-01,
0.1930000000000000E+03,0.4987489134475348E-01,0.1930000000000000E+03,0.0000000000000000E+00,0.1930000000000000E+03,-0.2465653412855700E-01,
0.1940000000000000E+03,0.4987489134475348E-01,0.1940000000000000E+03,0.0000000000000000E+00,0.1940000000000000E+03,-0.2465653412855700E-01,
0.1950000000000000E+03,0.4987489134475348E-01,0.1950000000000000E+03,0.0000000000000000E+00,0.1950000000000000E+03,-0.2465653412855700E-01,
0.1960000000000000E+03,0.4987489134475348E-01,0.1960000000000000E+03,0.0000000000000000E+00,0.1960000000000000E+03,-0.2465653412855700E-01,
0.1970000000000000E+03,0.4987489134475348E-01,0.1970000000000000E+03,0.0000000000000000E+00,0.1970000000000000E+03,-0.2465653412855700E-01,
0.1980000000000000E+03,0.4987489134475348E-01,0.1980000000000000E+03,0.0000000000000000E+00,0.1980000000000000E+03,-0.2465653412855700E-01,
0.1990000000000000E+03,0.4987489134475348E-01,0.1990000000000000E+03,0.0000000000000000E+00,0.1990000000000000E+03,-0.2465653412855700E-01,
0.2000000000000000E+03,0.4987489134475348E-01,0.2000000000000000E+03,0.0000000000000000E+00,0.2000000000000000E+03,-0.2465653412855700E-01,
0.2010000000000000E+03,0.4987489134475348E-01,0.2010000000000000E+03,0.0000000000000000E+00,0.2010000000000000E+03,-0.2465653412855700E-01,
0.2020000000000000E+03,0.4987489134475348E-01,0.2020000000000000E+03,0.0000000000000000E+00,0.2020000000000000E+03,-0.2465653412855700E-01,
0.2030000000000000E+03,0.4987489134475348E-01,0.2030000000000000E+03,0.0000000000000000E+00,0.2030000000000000E+03,-0.2465653412855700E-01,
0.2040000000000000E+03,0.4987489134475348E-01,0.2040000000000000E+03,0.0000000000000000E+00,0.2040000000000000E+03,-0.2465653412855700E-01,
0.2050000000000000E+03,0.4987489134475348E-01,0.2050000000000000E+03,0.0000000000000000E+00,0.2050000000000000E+03,-0.2465653412855700E-01,
0.2060000000000000E+03,0.4987489134475348E-01,0.2060000000000000E+03,0.0000000000000000E+00,0.2060000000000000E+03,-0.2465653412855700E-01,
0.2070000000000000E+03,0.4987489134475348E-01,0.2070000000000000E+03,0.0000000000000000E+00,0.2070000000000000E+03,-0.2465653412855700E-01,
0.2080000000000000E+03,0.4987489134475348E-01,0.2080000000000000E+03,0.0000000000000000E+00,0.2080000000000000E+03,-0.2465653412855700E-01,
0.2090000000000000E+03,0.4987489134475348E-01,0.2090000000000000E+03,0.0000000000000000E+00,0.2090000000000000E+03,-0.2465653412855700E-01,
0.2100000000000000E+03,0.4987489134475348E-01,0.2100000000000000E+03,0.0000000000000000E+00,0.2100000000000000E+03,-0.2465653412855700E-01,
0.2110000000000000E+03,0.4987489134475348E-01,0.2110000000000000E+03,0.0000000000000000E+00,0.2110000000000000E+03,-0.2465653412855700E-01,
0.2120000000000000E+03,0.4987489134475348E-01,0.2120000000000000E+03,0.0000000000000000E+00,0.2120000000000000E+03,-0.2465653412855700E-01,
0.2130000000000000E+03,0.4987489134475348E-01,0.2130000000000000E+03,0.0000000000000000E+00,0.2130000000000000E+03,-0.2465653412855700E-01,
0.2140000000000000E+03,0.4987489134475348E-01,0.2140000000000000E+03,0.0000000000000000E+00,0.2140000000000000E+03,-0.2465653412855700E-01,
0.2150000000000000E+03,0.4987489134475348E-01,0.2150000000000000E+03,0.0000000000000000E+00,0.2150000000000000E+03,-0.2465653412855700E-01,
0.2160000000000000E+03,0.4987489134475348E-01,0.2160000000000000E+03,0.0000000000000000E+00,0.2160000000000000E+03,-0.2465653412855700E-01,
0.2170000000000000E+03,0.4987489134475348E-01,0.2170000000000000E+03,0.0000000000000000E+00,0.2170000000000000E+03,-0.2465653412855700E-01,
0.2180000000000000E+03,0.4987489134475348E-01,0.2180000000000000E+03,0.0000000000000000E+00,0.2180000000000000E+03,-0.2465653412855700E-01,
0.2190000000000000E+03,0.4987489134475348E-01,0.2190000000000000E+03,0.0000000000000000E+00,0.2190000000000000E+03,-0.2465653412855700E-01,
0.2200000000000000E+03,0.4987489134475348E-01,0.2200000000000000E+03,0.0000000000000000E+00,0.2200000000000000E+03,-0.2465653412855700E-01,
0.2210000000000000E+03,0.4987489134475348E-01,0.2210000000000000E+03,0.0000000000000000E+00,0.2210000000000000E+03,-0.2465653412855700E-01,
0.2220000000000000E+03,0.4987489134475348E-01,0.2220000000000000E+03,0.0000000000000000E+00,0.2220000000000000E+03,-0.2465653412855700E-01,
0.2230000000000000E+03,0.4987489134475348E-01,0.2230000000000000E+03,0.0000000000000000E+00,0.2230000000000000E+03,-0.2465653412855700E-01,
0.2240000000000000E+03,0.4987489134475348E-01,0.2240000000000000E+03,0.0000000000000000E+00,0.2240000000000000E+03,-0.2465653412855700E-01,
0.2250000000000000E+03,0.4987489134475348E-01,0.2250000000000000E+03,0.0000000000000000E+00,0.2250000000000000E+03,-0.2465653412855700E-01,
0.2260000000000000E+03,0.4987489134475348E-01,0.2260000000000000E+03,0.0000000000000000E+00,0.2260000000000000E+03,-0.2465653412855700E-01,
0.2270000000000000E+03,0.4987489134475348E-01,0.2270000000000000E+03,0.0000000000000000E+00,0.2270000000000000E+03,-0.2465653412855700E-01,
0.2280000000000000E+03,0.4987489134475348E-01,0.2280000000000000E+03,0.0000000000000000E+00,0.2280000000000000E+03,-0.2465653412855700E-01,
0.2290000000000000E+03,0.4987489134475348E-01,0.2290000000000000E+03,0.0000000000000000E+00,0.2290000000000000E+03,-0.2465653412855700E-01,
0.2300000000000000E+03,0.4987489134475348E-01,0.2300000000000000E+03,0.0000000000000000E+00,0.2300000000000000E+03,-0.2465653412855700E-01,
0.2310000000000000E+03,0.4987489134475348E-01,0.2310000000000000E+03,0.0000000000000000E+00,0.2310000000000000E+03,-0.2465653412855700E-01,
0.2320000000000000E+03,0.4987489134475348E-01,0.2320000000000000E+03,0.0000000000000000E+00,0.2320000000000000E+03,-0.2465653412855700E-01,
0.2330000000000000E+03,0.4987489134475348E-01,0.2330000000000000E+03,0.0000000000000000E+00,0.2330000000000000E+03,-0.2465653412855700E-01,
0.2340000000000000E+03,0.4987489134475348E-01,0.2340000000000000E+03,0.0000000000000000E+00,0.2340000000000000E+03,-0.2465653412855700E-01,
0.2350000000000000E+03,0.4987489134475348E-01,0.2350000000000000E+03,0.0000000000000000E+00,0.2350000000000000E+03,-0.2465653412855700E-01,
0.2360000000000000E+03,0.4987489134475348E-01,0.2360000000000000E+03,0.0000000000000000E+00,0.2360000000000000E+03,-0.2465653412855700E-01,
0.2370000000000000E+03,0.4987489134475348E-01,0.2370000000000000E+03,0.0000000000000000E+00,0.2370000000000000E+03,-0.2465653412855700E-01,
0.2380000000000000E+03,0.4987489134475348E-01,0.2380000000000000E+03,0.0000000000000000E+00,0.2380000000000000E+03,-0.2465653412855700E-01,
0.2390000000000000E+03,0.4987489134475348E-01,0.2390000000000000E+03,0.0000000000000000E+00,0.2390000000000000E+03,-0.2465653412855700E-01,
0.2400000000000000E+03,0.4987489134475348E-01,0.2400000000000000E+03,0.0000000000000000E+00,0.2400000000000000E+03,-0.2465653412855700E-01,
0.2410000000000000E+03,0.4987489134475348E-01,0.2410000000000000E+03,0.0000000000000000E+00,0.2410000000000000E+03,-0.2465653412855700E-01,
0.2420000000000000E+03,0.4987489134475348E-01,0.2420000000000000E+03,0.0000000000000000E+00,0.2420000000000000E+03,-0.2465653412855700E-01,
0.2430000000000000E+03,0.4987489134475348E-01,0.2430000000000000E+03,0.0000000000000000E+00,0.2430000000000000E+03,-0.2465653412855700E-01,
0.2440000000000000E+03,0.4987489134475348E-01,0.2440000000000000E+03,0.0000000000000000E+00,0.2440000000000000E+03,-0.2465653412855700E-01,
0.2450000000000000E+03,0.4987489134475348E-01,0.2450000000000000E+03,0.0000000000000000E+00,0.2450000000000000E+03,-0.2465653412855700E-01,
0.2460000000000000E+03,0.4987489134475348E-01,0.2460000000000000E+03,0.0000000000000000E+00,0.2460000000000000E+03,-0.2465653412855700E-01,
0.2470000000000000E+03,0.4987489134475348E-01,0.2470000000000000E+03,0.0000000000000000E+00,0.2470000000000000E+03,-0.2465653412855700E-01,
0.2480000000000000E+03,0.4987489134475348E-01,0.2480000000000000E+03,0.0000000000000000E+00,0.2480000000000000E+03,-0.2465653412855700E-01,
0.2490000000000000E+03,0.4987489134475348E-01,0.2490000000000000E+03,0.0000000000000000E+00,0.2490000000000000E+03,-0.2465653412855700E-01,
0.2500000000000000E+03,0.4987489134475348E-01,0.2500000000000000E+03,0.0000000000000000E+00,0.2500000000000000E+03,-0.2465653412855700E-01,
0.2510000000000000E+03,0.4987489134475348E-01,0.2510000000000000E+03,0.0000000000000000E+00,0.2510000000000000E+03,-0.2465653412855700E-01,
0.2520000000000000E+03,0.4987489134475348E-01,0.2520000000000000E+03,0.0000000000000000E+00,0.2520000000000000E+03,-0.2465653412855700E-01,
0.2530000000000000E+03,0.4987489134475348E-01,0.2530000000000000E+03,0.0000000000000000E+00,0.2530000000000000E+03,-0.2465653412855700E-01,
0.2540000000000000E+03,0.4987489134475348E-01,0.2540000000000000E+03,0.0000000000000000E+00,0.2540000000000000E+03,-0.2465653412855700E-01,
0.2550000000000000E+03,0.4987489134475348E-01,0.2550000000000000E+03,0.0000000000000000E+00,0.2550000000000000E+03,-0.2465653412855700E-01,
0.2560000000000000E+03,0.4987489134475348E-01,0.2560000000000000E+03,0.0000000000000000E+00,0.2560000000000000E+03,-0.2465653412855700E-01,
0.2570000000000000E+03,0.4987489134475348E-01,0.2570000000000000E+03,0.0000000000000000E+00,0.2570000000000000E+03,-0.2465653412855700E-01,
0.2580000000000000E+03,0.4987489134475348E-01,0.2580000000000000E+03,0.0000000000000000E+00,0.2580000000000000E+03,-0.2465653412855700E-01,
0.2590000000000000E+03,0.4987489134475348E-01,0.2590000000000000E+03,0.0000000000000000E+00,0.2590000000000000E+03,-0.2465653412855700E-01,
0.2600000000000000E+03,0.4987489134475348E-01,0.2600000000000000E+03,0.0000000000000000E+00,0.2600000000000000E+03,-0.2465653412855700E-01,
0.2610000000000000E+03,0.4987489134475348E-01,0.2610000000000000E+03,0.0000000000000000E+00,0.2610000000000000E+03,-0.2465653412855700E-01,
0.2620000000000000E+03,0.4987489134475348E-01,0.2620000000000000E+03,0.0000000000000000E+00,0.2620000000000000E+03,-0.2465653412855700E-01,
0.2630000000000000E+03,0.4987489134475348E-01,0.2630000000000000E+03,0.0000000000000000E+00,0.2630000000000000E+03,-0.2465653412855700E-01,
0.2640000000000000E+03,0.4987489134475348E-01,0.2640000000000000E+03,0.0000000000000000E+00,0.2640000000000000E+03,-0.2465653412855700E-01,
0.2650000000000000E+03,0.4987489134475348E-01,0.2650000000000000E+03,0.0000000000000000E+00,0.2650000000000000E+03,-0.2465653412855700E-01,
0.2660000000000000E+03,0.4987489134475348E-01,0.2660000000000000E+03,0.0000000000000000E+00,0.2660000000000000E+03,-0.2465653412855700E-01,
0.2670000000000000E+03,0.4987489134475348E-01,0.2670000000000000E+03,0.0000000000000000E+00,0.2670000000000000E+03,-0.2465653412855700E-01,
0.2680000000000000E+03,0.4987489134475348E-01,0.2680000000000000E+03,0.0000000000000000E+00,0.2680000000000000E+03,-0.2465653412855700E-01,
0.2690000000000000E+03,0.4987489134475348E-01,0.2690000000000000E+03,0.0000000000000000E+00,0.2690000000000000E+03,-0.2465653412855700E-01,
0.2700000000000000E+03,0.4987489134475348E-01,0.2700000000000000E+03,0.0000000000000000E+00,0.2700000000000000E+03,-0.2465653412855700E-01,
0.2710000000000000E+03,0.4987489134475348E-01,0.2710000000000000E+03,0.0000000000000000E+00,0.2710000000000000E+03,-0.2465653412855700E-01,
0.2720000000000000E+03,0.4987489134475348E-01,0.2720000000000000E+03,0.0000000000000000E+00,0.2720000000000000E+03,-0.2465653412855700E-01,
0.2730000000000000E+03,0.4987489134475348E-01,0.2730000000000000E+03,0.0000000000000000E+00,0.2730000000000000E+03,-0.2465653412855700E-01,
0.2740000000000000E+03,0.4987489134475348E-01,0.2740000000000000E+03,0.0000000000000000E+00,0.2740000000000000E+03,-0.2465653412855700E-01,
0.2750000000000000E+03,0.4987489134475348E-01,0.2750000000000000E+03,0.0000000000000000E+00,0.2750000000000000E+03,-0.2465653412855700E-01,
0.2760000000000000E+03,0.4987489134475348E-01,0.2760000000000000E+03,0.0000000000000000E+00,0.2760000000000000E+03,-0.2465653412855700E-01,
0.2770000000000000E+03,0.4987489134475348E-01,0.2770000000000000E+03,0.0000000000000000E+00,0.2770000000000000E+03,-0.2465653412855700E-01,
0.2780000000000000E+03,0.4987489134475348E-01,0.2780000000000000E+03,0.0000000000000000E+00,0.2780000000000000E+03,-0.2465653412855700E-01,
0.2790000000000000E+03,0.4987489134475348E-01,0.2790000000000000E+03,0.0000000000000000E+00,0.2790000000000000E+03,-0.2465653412855700E-01,
0.2800000000000000E+03,0.4987489134475348E-01,0.2800000000000000E+03,0.0000000000000000E+00,0.2800000000000000E+03,-0.2465653412855700E-01,
0.2810000000000000E+03,0.4987489134475348E-01,0.2810000000000000E+03,0.0000000000000000E+00,0.2810000000000000E+03,-0.2465653412855700E-01,
0.2820000000000000E+03,0.4987489134475348E-01,0.2820000000000000E+03,0.0000000000000000E+00,0.2820000000000000E+03,-0.2465653412855700E-01,
0.2830000000000000E+03,0.4987489134475348E-01,0.2830000000000000E+03,0.0000000000000000E+00,0.2830000000000000E+03,-0.2465653412855700E-01,
0.2840000000000000E+03,0.4987489134475348E-01,0.2840000000000000E+03,0.0000000000000000E+00,0.2840000000000000E+03,-0.2465653412855700E-01,
0.2850000000000000E+03,0.4987489134475348E-01,0.2850000000000000E+03,0.0000000000000000E+00,0.2850000000000000E+03,-0.2465653412855700E-01,
0.2860000000000000E+03,0.4987489134475348E-01,0.2860000000000000E+03,0.0000000000000000E+00,0.2860000000000000E+03,-0.2465653412855700E-01,
0.2870000000000000E+03,0.4987489134475348E-01,0.2870000000000000E+03,0.0000000000000000E+00,0.2870000000000000E+03,-0.2465653412855700E-01,
0.2880000000000000E+03,0.4987489134475348E-01,0.2880000000000000E+03,0.0000000000000000E+00,0.2880000000000000E+03,-0.2465653412855700E-01,
0.2890000000000000E+03,0.4987489134475348E-01,0.2890000000000000E+03,0.0000000000000000E+00,0.2890000000000000E+03,-0.2465653412855700E-01,
0.2900000000000000E+03,0.4987489134475348E-01,0.2900000000000000E+03,0.0000000000000000E+00,0.2900000000000000E+03,-0.2465653412855700E-01,
0.2910000000000000E+03,0.4987489134475348E-01,0.2910000000000000E+03,0.0000000000000000E+00,0.2910000000000000E+03,-0.2465653412855700E-01,
0.2920000000000000E+03,0.4987489134475348E-01,0.2920000000000000E+03,0.0000000000000000E+00,0.2920000000000000E+03,-0.2465653412855700E-01,
0.2930000000000000E+03,0.4987489134475348E-01,0.2930000000000000E+03,0.0000000000000000E+00,0.2930000000000000E+03,-0.2465653412855700E-01,
0.2940000000000000E+03,0.4987489134475348E-01,0.2940000000000000E+03,0.0000000000000000E+00,0.2940000000000000E+03,-0.2465653412855700E-01,
0.2950000000000000E+03,0.4987489134475348E-01,0.2950000000000000E+03,0.0000000000000000E+00,0.2950000000000000E+03,-0.2465653412855700E-01,
0.2960000000000000E+03,0.4987489134475348E-01,0.2960000000000000E+03,0.0000000000000000E+00,0.2960000000000000E+03,-0.2465653412855700E-01,
0.2970000000000000E+03,0.4987489134475348E-01,0.2970000000000000E+03,0.0000000000000000E+00,0.2970000000000000E+03,-0.2465653412855700E-01,
0.2980000000000000E+03,0.4987489134475348E-01,0.2980000000000000E+03,0.0000000000000000E+00,0.2980000000000000E+03,-0.2465653412855700E-01,
0.2990000000000000E+03,0.4987489134475348E-01,0.2990000000000000E+03,0.0000000000000000E+00,0.2990000000000000E+03,-0.2465653412855700E-01,
0.3000000000000000E+03,0.4987489134475348E-01,0.3000000000000000E+03,0.0000000000000000E+00,0.3000000000000000E+03,-0.2465653412855700E-01,
0.3010000000000000E+03,0.4987489134475348E-01,0.3010000000000000E+03,0.0000000000000000E+00,0.3010000000000000E+03,-0.2465653412855700E-01,
0.3020000000000000E+03,0.4987489134475348E-01,0.3020000000000000E+03,0.0000000000000000E+00,0.3020000000000000E+03,-0.2465653412855700E-01,
0.3030000000000000E+03,0.4987489134475348E-01,0.3030000000000000E+03,0.0000000000000000E+00,0.3030000000000000E+03,-0.2465653412855700E-01,
0.3040000000000000E+03,0.4987489134475348E-01,0.3040000000000000E+03,0.0000000000000000E+00,0.3040000000000000E+03,-0.2465653412855700E-01,
0.3050000000000000E+03,0.4987489134475348E-01,0.3050000000000000E+03,0.0000000000000000E+00,0.3050000000000000E+03,-0.2465653412855700E-01,
0.3060000000000000E+03,0.4987489134475348E-01,0.3060000000000000E+03,0.0000000000000000E+00,0.3060000000000000E+03,-0.2465653412855700E-01,
0.3070000000000000E+03,0.4987489134475348E-01,0.3070000000000000E+03,0.0000000000000000E+00,0.3070000000000000E+03,-0.2465653412855700E-01,
0.3080000000000000E+03,0.4987489134475348E-01,0.3080000000000000E+03,0.0000000000000000E+00,0.3080000000000000E+03,-0.2465653412855700E-01,
0.3090000000000000E+03,0.4987489134475348E-01,0.3090000000000000E+03,0.0000000000000000E+00,0.3090000000000000E+03,-0.2465653412855700E-01,
0.3100000000000000E+03,0.4987489134475348E-01,0.3100000000000000E+03,0.0000000000000000E+00,0.3100000000000000E+03,-0.2465653412855700E-01,
0.3110000000000000E+03,0.4987489134475348E-01,0.3110000000000000E+03,0.0000000000000000E+00,0.3110000000000000E+03,-0.2465653412855700E-01,
0.3120000000000000E+03,0.4987489134475348E-01,0.3120000000000000E+03,0.0000000000000000E+00,0.3120000000000000E+03,-0.2465653412855700E-01,
0.3130000000000000E+03,0.4987489134475348E-01,0.3130000000000000E+03,0.0000000000000000E+00,0.3130000000000000E+03,-0.2465653412855700E-01,
0.3140000000000000E+03,0.4987489134475348E-01,0.3140000000000000E+03,0.0000000000000000E+00,0.3140000000000000E+03,-0.2465653412855700E-01,
0.3150000000000000E+03,0.4987489134475348E-01,0.3150000000000000E+03,0.0000000000000000E+00,0.3150000000000000E+03,-0.2465653412855700E-01,
0.3160000000000000E+03,0.4987489134475348E-01,0.3160000000000000E+03,0.0000000000000000E+00,0.3160000000000000E+03,-0.2465653412855700E-01,
0.3170000000000000E+03,0.4987489134475348E-01,0.3170000000000000E+03,0.0000000000000000E+00,0.3170000000000000E+03,-0.2465653412855700E-01,
0.3180000000000000E+03,0.4987489134475348E-01,0.3180000000000000E+03,0.0000000000000000E+00,0.3180000000000000E+03,-0.2465653412855700E-01,
0.3190000000000000E+03,0.4987489134475348E-01,0.3190000000000000E+03,0.0000000000000000E+00,0.3190000000000000E+03,-0.2465653412855700E-01,
0.3200000000000000E+03,0.4987489134475348E-01,0.3200000000000000E+03,0.0000000000000000E+00,0.3200000000000000E+03,-0.2465653412855700E-01,
0.3210000000000000E+03,0.4987489134475348E-01,0.3210000000000000E+03,0.0000000000000000E+00,0.3210000000000000E+03,-0.2465653412855700E-01,
0.3220000000000000E+03,0.4987489134475348E-01,0.3220000000000000E+03,0.0000000000000000E+00,0.3220000000000000E+03,-0.2465653412855700E-01,
0.3230000000000000E+03,0.4987489134475348E-01,0.3230000000000000E+03,0.0000000000000000E+00,0.3230000000000000E+03,-0.2465653412855700E-01,
0.3240000000000000E+03,0.4987489134475348E-01,0.3240000000000000E+03,0.0000000000000000E+00,0.3240000000000000E+03,-0.2465653412855700E-01,
0.3250000000000000E+03,0.4987489134475348E-01,0.3250000000000000E+03,0.0000000000000000E+00,0.3250000000000000E+03,-0.2465653412855700E-01,
0.3260000000000000E+03,0.4987489134475348E-01,0.3260000000000000E+03,0.0000000000000000E+00,0.3260000000000000E+03,-0.2465653412855700E-01,
0.3270000000000000E+03,0.4987489134475348E-01,0.3270000000000000E+03,0.0000000000000000E+00,0.3270000000000000E+03,-0.2465653412855700E-01,
0.3280000000000000E+03,0.4987489134475348E-01,0.3280000000000000E+03,0.0000000000000000E+00,0.3280000000000000E+03,-0.2465653412855700E-01,
0.3290000000000000E+03,0.4987489134475348E-01,0.3290000000000000E+03,0.0000000000000000E+00,0.3290000000000000E+03,-0.2465653412855700E-01,
0.3300000000000000E+03,0.4987489134475348E-01,0.3300000000000000E+03,0.0000000000000000E+00,0.3300000000000000E+03,-0.2465653412855700E-01,
0.3310000000000000E+03,0.4987489134475348E-01,0.3310000000000000E+03,0.0000000000000000E+00,0.3310000000000000E+03,-0.2465653412855700E-01,
0.3320000000000000E+03,0.4987489134475348E-01,0.3320000000000000E+03,0.0000000000000000E+00,0.3320000000000000E+03,-0.2465653412855700E-01,
0.3330000000000000E+03,0.4987489134475348E-01,0.3330000000000000E+03,0.0000000000000000E+00,0.3330000000000000E+03,-0.2465653412855700E-01,
0.3340000000000000E+03,0.4987489134475348E-01,0.3340000000000000E+03,0.0000000000000000E+00,0.3340000000000000E+03,-0.2465653412855700E-01,
0.3350000000000000E+03,0.4987489134475348E-01,0.3350000000000000E+03,0.0000000000000000E+00,0.3350000000000000E+03,-0.2465653412855700E-01,
0.3360000000000000E+03,0.4987489134475348E-01,0.3360000000000000E+03,0.0000000000000000E+00,0.3360000000000000E+03,-0.2465653412855700E-01,
0.3370000000000000E+03,0.4987489134475348E-01,0.3370000000000000E+03,0.0000000000000000E+00,0.3370000000000000E+03,-0.2465653412855700E-01,
0.3380000000000000E+03,0.4987489134475348E-01,0.3380000000000000E+03,0.0000000000000000E+00,0.3380000000000000E+03,-0.2465653412855700E-01,
0.3390000000000000E+03,0.4987489134475348E-01,0.3390000000000000E+03,0.0000000000000000E+00,0.3390000000000000E+03,-0.2465653412855700E-01,
0.3400000000000000E+03,0.4987489134475348E-01,0.3400000000000000E+03,0.0000000000000000E+00,0.3400000000000000E+03,-0.2465653412855700E-01,
0.3410000000000000E+03,0.4987489134475348E-01,0.3410000000000000E+03,0.0000000000000000E+00,0.3410000000000000E+03,-0.2465653412855700E-01,
0.3420000000000000E+03,0.4987489134475348E-01,0.3420000000000000E+03,0.0000000000000000E+00,0.3420000000000000E+03,-0.2465653412855700E-01,
0.3430000000000000E+03,0.4987489134475348E-01,0.3430000000000000E+03,0.0000000000000000E+00,0.3430000000000000E+03,-0.2465653412855700E-01,
0.3440000000000000E+03,0.4987489134475348E-01,0.3440000000000000E+03,0.0000000000000000E+00,0.3440000000000000E+03,-0.2465653412855700E-01,
0.3450000000000000E+03,0.4987489134475348E-01,0.3450000000000000E+03,0.0000000000000000E+00,0.3450000000000000E+03,-0.2465653412855700E-01,
0.3460000000000000E+03,0.4987489134475348E-01,0.3460000000000000E+03,0.0000000000000000E+00,0.3460000000000000E+03,-0.2465653412855700E-01,
0.3470000000000000E+03,0.4987489134475348E-01,0.3470000000000000E+03,0.0000000000000000E+00,0.3470000000000000E+03,-0.2465653412855700E-01,
0.3480000000000000E+03,0.4987489134475348E-01,0.3480000000000000E+03,0.0000000000000000E+00,0.3480000000000000E+03,-0.2465653412855700E-01,
0.3490000000000000E+03,0.4987489134475348E-01,0.3490000000000000E+03,0.0000000000000000E+00,0.3490000000000000E+03,-0.2465653412855700E-01,
0.3500000000000000E+03,0.4987489134475348E-01,0.3500000000000000E+03,0.0000000000000000E+00,0.3500000000000000E+03,-0.2465653412855700E-01,
0.3510000000000000E+03,0.4987489134475348E-01,0.3510000000000000E+03,0.0000000000000000E+00,0.3510000000000000E+03,-0.2465653412855700E-01,
0.3520000000000000E+03,0.4987489134475348E-01,0.3520000000000000E+03,0.0000000000000000E+00,0.3520000000000000E+03,-0.2465653412855700E-01,
0.3530000000000000E+03,0.4987489134475348E-01,0.3530000000000000E+03,0.0000000000000000E+00,0.3530000000000000E+03,-0.2465653412855700E-01,
0.3540000000000000E+03,0.4987489134475348E-01,0.3540000000000000E+03,0.0000000000000000E+00,0.3540000000000000E+03,-0.2465653412855700E-01,
0.3550000000000000E+03,0.4987489134475348E-01,0.3550000000000000E+03,0.0000000000000000E+00,0.3550000000000000E+03,-0.2465653412855700E-01,
0.3560000000000000E+03,0.4987489134475348E-01,0.3560000000000000E+03,0.0000000000000000E+00,0.3560000000000000E+03,-0.2465653412855700E-01,
0.3570000000000000E+03,0.4987489134475348E-01,0.3570000000000000E+03,0.0000000000000000E+00,0.3570000000000000E+03,-0.2465653412855700E-01,
0.3580000000000000E+03,0.4987489134475348E-01,0.3580000000000000E+03,0.0000000000000000E+00,0.3580000000000000E+03,-0.2465653412855700E-01,
0.3590000000000000E+03,0.4987489134475348E-01,0.3590000000000000E+03,0.0000000000000000E+00,0.3590000000000000E+03,-0.2465653412855700E-01,
0.3600000000000000E+03,0.4987489134475348E-01,0.3600000000000000E+03,0.0000000000000000E+00,0.3600000000000000E+03,-0.2465653412855700E-01,
0.3610000000000000E+03,0.4987489134475348E-01,0.3610000000000000E+03,0.0000000000000000E+00,0.3610000000000000E+03,-0.2465653412855700E-01,
0.3620000000000000E+03,0.4987489134475348E-01,0.3620000000000000E+03,0.0000000000000000E+00,0.3620000000000000E+03,-0.2465653412855700E-01,
0.3630000000000000E+03,0.4987489134475348E-01,0.3630000000000000E+03,0.0000000000000000E+00,0.3630000000000000E+03,-0.2465653412855700E-01,
0.3640000000000000E+03,0.4987489134475348E-01,0.3640000000000000E+03,0.0000000000000000E+00,0.3640000000000000E+03,-0.2465653412855700E-01,
0.3650000000000000E+03,0.4987489134475348E-01,0.3650000000000000E+03,0.0000000000000000E+00,0.3650000000000000E+03,-0.2465653412855700E-01,
0.3660000000000000E+03,0.4987489134475348E-01,0.3660000000000000E+03,0.0000000000000000E+00,0.3660000000000000E+03,-0.2465653412855700E-01,
0.3670000000000000E+03,0.4987489134475348E-01,0.3670000000000000E+03,0.0000000000000000E+00,0.3670000000000000E+03,-0.2465653412855700E-01,
0.3680000000000000E+03,0.4987489134475348E-01,0.3680000000000000E+03,0.0000000000000000E+00,0.3680000000000000E+03,-0.2465653412855700E-01,
0.3690000000000000E+03,0.4987489134475348E-01,0.3690000000000000E+03,0.0000000000000000E+00,0.3690000000000000E+03,-0.2465653412855700E-01,
0.3700000000000000E+03,0.4987489134475348E-01,0.3700000000000000E+03,0.0000000000000000E+00,0.3700000000000000E+03,-0.2465653412855700E-01,
0.3710000000000000E+03,0.4987489134475348E-01,0.3710000000000000E+03,0.0000000000000000E+00,0.3710000000000000E+03,-0.2465653412855700E-01,
0.3720000000000000E+03,0.4987489134475348E-01,0.3720000000000000E+03,0.0000000000000000E+00,0.3720000000000000E+03,-0.2465653412855700E-01,
0.3730000000000000E+03,0.4987489134475348E-01,0.3730000000000000E+03,0.0000000000000000E+00,0.3730000000000000E+03,-0.2465653412855700E-01,
0.3740000000000000E+03,0.4987489134475348E-01,0.3740000000000000E+03,0.0000000000000000E+00,0.3740000000000000E+03,-0.2465653412855700E-01,
0.3750000000000000E+03,0.4987489134475348E-01,0.3750000000000000E+03,0.0000000000000000E+00,0.3750000000000000E+03,-0.2465653412855700E-01,
0.3760000000000000E+03,0.4987489134475348E-01,0.3760000000000000E+03,0.0000000000000000E+00,0.3760000000000000E+03,-0.2465653412855700E-01,
0.3770000000000000E+03,0.4987489134475348E-01,0.3770000000000000E+03,0.0000000000000000E+00,0.3770000000000000E+03,-0.2465653412855700E-01,
0.3780000000000000E+03,0.4987489134475348E-01,0.3780000000000000E+03,0.0000000000000000E+00,0.3780000000000000E+03,-0.2465653412855700E-01,
0.3790000000000000E+03,0.4987489134475348E-01,0.3790000000000000E+03,0.0000000000000000E+00,0.3790000000000000E+03,-0.2465653412855700E-01,
0.3800000000000000E+03,0.4987489134475348E-01,0.3800000000000000E+03,0.0000000000000000E+00,0.3800000000000000E+03,-0.2465653412855700E-01,
0.3810000000000000E+03,0.4987489134475348E-01,0.3810000000000000E+03,0.0000000000000000E+00,0.3810000000000000E+03,-0.2465653412855700E-01,
0.3820000000000000E+03,0.4987489134475348E-01,0.3820000000000000E+03,0.0000000000000000E+00,0.3820000000000000E+03,-0.2465653412855700E-01,
0.3830000000000000E+03,0.4987489134475348E-01,0.3830000000000000E+03,0.0000000000000000E+00,0.3830000000000000E+03,-0.2465653412855700E-01,
0.3840000000000000E+03,0.4987489134475348E-01,0.3840000000000000E+03,0.0000000000000000E+00,0.3840000000000000E+03,-0.2465653412855700E-01,
0.3850000000000000E+03,0.4987489134475348E-01,0.3850000000000000E+03,0.0000000000000000E+00,0.3850000000000000E+03,-0.2465653412855700E-01,
0.3860000000000000E+03,0.4987489134475348E-01,0.3860000000000000E+03,0.0000000000000000E+00,0.3860000000000000E+03,-0.2465653412855700E-01,
0.3870000000000000E+03,0.4987489134475348E-01,0.3870000000000000E+03,0.0000000000000000E+00,0.3870000000000000E+03,-0.2465653412855700E-01,
0.3880000000000000E+03,0.4987489134475348E-01,0.3880000000000000E+03,0.0000000000000000E+00,0.3880000000000000E+03,-0.2465653412855700E-01,
0.3890000000000000E+03,0.4987489134475348E-01,0.3890000000000000E+03,0.0000000000000000E+00,0.3890000000000000E+03,-0.2465653412855700E-01,
0.3900000000000000E+03,0.4987489134475348E-01,0.3900000000000000E+03,0.0000000000000000E+00,0.3900000000000000E+03,-0.2465653412855700E-01,
0.3910000000000000E+03,0.4987489134475348E-01,0.3910000000000000E+03,0.0000000000000000E+00,0.3910000000000000E+03,-0.2465653412855700E-01,
0.3920000000000000E+03,0.4987489134475348E-01,0.3920000000000000E+03,0.0000000000000000E+00,0.3920000000000000E+03,-0.2465653412855700E-01,
0.3930000000000000E+03,0.4987489134475348E-01,0.3930000000000000E+03,0.0000000000000000E+00,0.3930000000000000E+03,-0.2465653412855700E-01,
0.3940000000000000E+03,0.4987489134475348E-01,0.3940000000000000E+03,0.0000000000000000E+00,0.3940000000000000E+03,-0.2465653412855700E-01,
0.3950000000000000E+03,0.4987489134475348E-01,0.3950000000000000E+03,0.0000000000000000E+00,0.3950000000000000E+03,-0.2465653412855700E-01,
0.3960000000000000E+03,0.4987489134475348E-01,0.3960000000000000E+03,0.0000000000000000E+00,0.3960000000000000E+03,-0.2465653412855700E-01,
0.3970000000000000E+03,0.4987489134475348E-01,0.3970000000000000E+03,0.0000000000000000E+00,0.3970000000000000E+03,-0.2465653412855700E-01,
0.3980000000000000E+03,0.4987489134475348E-01,0.3980000000000000E+03,0.0000000000000000E+00,0.3980000000000000E+03,-0.2465653412855700E-01,
0.3990000000000000E+03,0.4987489134475348E-01,0.3990000000000000E+03,0.0000000000000000E+00,0.3990000000000000E+03,-0.2465653412855700E-01,
0.4000000000000000E+03,0.4987489134475348E-01,0.4000000000000000E+03,0.0000000000000000E+00,0.4000000000000000E+03,-0.2465653412855700E-01,
0.4010000000000000E+03,0.4987489134475348E-01,0.4010000000000000E+03,0.0000000000000000E+00,0.4010000000000000E+03,-0.2465653412855700E-01,
0.4020000000000000E+03,0.4987489134475348E-01,0.4020000000000000E+03,0.0000000000000000E+00,0.4020000000000000E+03,-0.2465653412855700E-01,
0.4030000000000000E+03,0.4987489134475348E-01,0.4030000000000000E+03,0.0000000000000000E+00,0.4030000000000000E+03,-0.2465653412855700E-01,
0.4040000000000000E+03,0.4987489134475348E-01,0.4040000000000000E+03,0.0000000000000000E+00,0.4040000000000000E+03,-0.2465653412855700E-01,
0.4050000000000000E+03,0.4987489134475348E-01,0.4050000000000000E+03,0.0000000000000000E+00,0.4050000000000000E+03,-0.2465653412855700E-01,
0.4060000000000000E+03,0.4987489134475348E-01,0.4060000000000000E+03,0.0000000000000000E+00,0.4060000000000000E+03,-0.2465653412855700E-01,
0.4070000000000000E+03,0.4987489134475348E-01,0.4070000000000000E+03,0.0000000000000000E+00,0.4070000000000000E+03,-0.2465653412855700E-01,
0.4080000000000000E+03,0.4987489134475348E-01,0.4080000000000000E+03,0.0000000000000000E+00,0.4080000000000000E+03,-0.2465653412855700E-01,
0.4090000000000000E+03,0.4987489134475348E-01,0.4090000000000000E+03,0.0000000000000000E+00,0.4090000000000000E+03,-0.2465653412855700E-01,
0.4100000000000000E+03,0.4987489134475348E-01,0.4100000000000000E+03,0.0000000000000000E+00,0.4100000000000000E+03,-0.2465653412855700E-01,
0.4110000000000000E+03,0.4987489134475348E-01,0.4110000000000000E+03,0.0000000000000000E+00,0.4110000000000000E+03,-0.2465653412855700E-01,
0.4120000000000000E+03,0.4987489134475348E-01,0.4120000000000000E+03,0.0000000000000000E+00,0.4120000000000000E+03,-0.2465653412855700E-01,
0.4130000000000000E+03,0.4987489134475348E-01,0.4130000000000000E+03,0.0000000000000000E+00,0.4130000000000000E+03,-0.2465653412855700E-01,
0.4140000000000000E+03,0.4987489134475348E-01,0.4140000000000000E+03,0.0000000000000000E+00,0.4140000000000000E+03,-0.2465653412855700E-01,
0.4150000000000000E+03,0.4987489134475348E-01,0.4150000000000000E+03,0.0000000000000000E+00,0.4150000000000000E+03,-0.2465653412855700E-01,
0.4160000000000000E+03,0.4987489134475348E-01,0.4160000000000000E+03,0.0000000000000000E+00,0.4160000000000000E+03,-0.2465653412855700E-01,
0.4170000000000000E+03,0.4987489134475348E-01,0.4170000000000000E+03,0.0000000000000000E+00,0.4170000000000000E+03,-0.2465653412855700E-01,
0.4180000000000000E+03,0.4987489134475348E-01,0.4180000000000000E+03,0.0000000000000000E+00,0.4180000000000000E+03,-0.2465653412855700E-01,
0.4190000000000000E+03,0.4987489134475348E-01,0.4190000000000000E+03,0.0000000000000000E+00,0.4190000000000000E+03,-0.2465653412855700E-01,
0.4200000000000000E+03,0.4987489134475348E-01,0.4200000000000000E+03,0.0000000000000000E+00,0.4200000000000000E+03,-0.2465653412855700E-01,
0.4210000000000000E+03,0.4987489134475348E-01,0.4210000000000000E+03,0.0000000000000000E+00,0.4210000000000000E+03,-0.2465653412855700E-01,
0.4220000000000000E+03,0.4987489134475348E-01,0.4220000000000000E+03,0.0000000000000000E+00,0.4220000000000000E+03,-0.2465653412855700E-01,
0.4230000000000000E+03,0.4987489134475348E-01,0.4230000000000000E+03,0.0000000000000000E+00,0.4230000000000000E+03,-0.2465653412855700E-01,
0.4240000000000000E+03,0.4987489134475348E-01,0.4240000000000000E+03,0.0000000000000000E+00,0.4240000000000000E+03,-0.2465653412855700E-01,
0.4250000000000000E+03,0.4987489134475348E-01,0.4250000000000000E+03,0.0000000000000000E+00,0.4250000000000000E+03,-0.2465653412855700E-01,
0.4260000000000000E+03,0.4987489134475348E-01,0.4260000000000000E+03,0.0000000000000000E+00,0.4260000000000000E+03,-0.2465653412855700E-01,
0.4270000000000000E+03,0.4987489134475348E-01,0.4270000000000000E+03,0.0000000000000000E+00,0.4270000000000000E+03,-0.2465653412855700E-01,
0.4280000000000000E+03,0.4987489134475348E-01,0.4280000000000000E+03,0.0000000000000000E+00,0.4280000000000000E+03,-0.2465653412855700E-01,
0.4290000000000000E+03,0.4987489134475348E-01,0.4290000000000000E+03,0.0000000000000000E+00,0.4290000000000000E+03,-0.2465653412855700E-01,
0.4300000000000000E+03,0.4987489134475348E-01,0.4300000000000000E+03,0.0000000000000000E+00,0.4300000000000000E+03,-0.2465653412855700E-01,
0.4310000000000000E+03,0.4987489134475348E-01,0.4310000000000000E+03,0.0000000000000000E+00,0.4310000000000000E+03,-0.2465653412855700E-01,
0.4320000000000000E+03,0.4987489134475348E-01,0.4320000000000000E+03,0.0000000000000000E+00,0.4320000000000000E+03,-0.2465653412855700E-01,
0.4330000000000000E+03,0.4987489134475348E-01,0.4330000000000000E+03,0.0000000000000000E+00,0.4330000000000000E+03,-0.2465653412855700E-01,
0.4340000000000000E+03,0.4987489134475348E-01,0.4340000000000000E+03,0.0000000000000000E+00,0.4340000000000000E+03,-0.2465653412855700E-01,
0.4350000000000000E+03,0.4987489134475348E-01,0.4350000000000000E+03,0.0000000000000000E+00,0.4350000000000000E+03,-0.2465653412855700E-01,
0.4360000000000000E+03,0.4987489134475348E-01,0.4360000000000000E+03,0.0000000000000000E+00,0.4360000000000000E+03,-0.2465653412855700E-01,
0.4370000000000000E+03,0.4987489134475348E-01,0.4370000000000000E+03,0.0000000000000000E+00,0.4370000000000000E+03,-0.2465653412855700E-01,
0.4380000000000000E+03,0.4987489134475348E-01,0.4380000000000000E+03,0.0000000000000000E+00,0.4380000000000000E+03,-0.2465653412855700E-01,
0.4390000000000000E+03,0.4987489134475348E-01,0.4390000000000000E+03,0.0000000000000000E+00,0.4390000000000000E+03,-0.2465653412855700E-01,
0.4400000000000000E+03,0.4987489134475348E-01,0.4400000000000000E+03,0.0000000000000000E+00,0.4400000000000000E+03,-0.2465653412855700E-01,
0.4410000000000000E+03,0.4987489134475348E-01,0.4410000000000000E+03,0.0000000000000000E+00,0.4410000000000000E+03,-0.2465653412855700E-01,
0.4420000000000000E+03,0.4987489134475348E-01,0.4420000000000000E+03,0.0000000000000000E+00,0.4420000000000000E+03,-0.2465653412855700E-01,
0.4430000000000000E+03,0.4987489134475348E-01,0.4430000000000000E+03,0.0000000000000000E+00,0.4430000000000000E+03,-0.2465653412855700E-01,
0.4440000000000000E+03,0.4987489134475348E-01,0.4440000000000000E+03,0.0000000000000000E+00,0.4440000000000000E+03,-0.2465653412855700E-01,
0.4450000000000000E+03,0.4987489134475348E-01,0.4450000000000000E+03,0.0000000000000000E+00,0.4450000000000000E+03,-0.2465653412855700E-01,
0.4460000000000000E+03,0.4987489134475348E-01,0.4460000000000000E+03,0.0000000000000000E+00,0.4460000000000000E+03,-0.2465653412855700E-01,
0.4470000000000000E+03,0.4987489134475348E-01,0.4470000000000000E+03,0.0000000000000000E+00,0.4470000000000000E+03,-0.2465653412855700E-01,
0.4480000000000000E+03,0.4987489134475348E-01,0.4480000000000000E+03,0.0000000000000000E+00,0.4480000000000000E+03,-0.2465653412855700E-01,
0.4490000000000000E+03,0.4987489134475348E-01,0.4490000000000000E+03,0.0000000000000000E+00,0.4490000000000000E+03,-0.2465653412855700E-01,
0.4500000000000000E+03,0.4987489134475348E-01,0.4500000000000000E+03,0.0000000000000000E+00,0.4500000000000000E+03,-0.2465653412855700E-01,
0.4510000000000000E+03,0.4987489134475348E-01,0.4510000000000000E+03,0.0000000000000000E+00,0.4510000000000000E+03,-0.2465653412855700E-01,
0.4520000000000000E+03,0.4987489134475348E-01,0.4520000000000000E+03,0.0000000000000000E+00,0.4520000000000000E+03,-0.2465653412855700E-01,
0.4530000000000000E+03,0.4987489134475348E-01,0.4530000000000000E+03,0.0000000000000000E+00,0.4530000000000000E+03,-0.2465653412855700E-01,
0.4540000000000000E+03,0.4987489134475348E-01,0.4540000000000000E+03,0.0000000000000000E+00,0.4540000000000000E+03,-0.2465653412855700E-01,
0.4550000000000000E+03,0.4987489134475348E-01,0.4550000000000000E+03,0.0000000000000000E+00,0.4550000000000000E+03,-0.2465653412855700E-01,
0.4560000000000000E+03,0.4987489134475348E-01,0.4560000000000000E+03,0.0000000000000000E+00,0.4560000000000000E+03,-0.2465653412855700E-01,
0.4570000000000000E+03,0.4987489134475348E-01,0.4570000000000000E+03,0.0000000000000000E+00,0.4570000000000000E+03,-0.2465653412855700E-01,
0.4580000000000000E+03,0.4987489134475348E-01,0.4580000000000000E+03,0.0000000000000000E+00,0.4580000000000000E+03,-0.2465653412855700E-01,
0.4590000000000000E+03,0.4987489134475348E-01,0.4590000000000000E+03,0.0000000000000000E+00,0.4590000000000000E+03,-0.2465653412855700E-01,
0.4600000000000000E+03,0.4987489134475348E-01,0.4600000000000000E+03,0.0000000000000000E+00,0.4600000000000000E+03,-0.2465653412855700E-01,
0.4610000000000000E+03,0.4987489134475348E-01,0.4610000000000000E+03,0.0000000000000000E+00,0.4610000000000000E+03,-0.2465653412855700E-01,
0.4620000000000000E+03,0.4987489134475348E-01,0.4620000000000000E+03,0.0000000000000000E+00,0.4620000000000000E+03,-0.2465653412855700E-01,
0.4630000000000000E+03,0.4987489134475348E-01,0.4630000000000000E+03,0.0000000000000000E+00,0.4630000000000000E+03,-0.2465653412855700E-01,
0.4640000000000000E+03,0.4987489134475348E-01,0.4640000000000000E+03,0.0000000000000000E+00,0.4640000000000000E+03,-0.2465653412855700E-01,
0.4650000000000000E+03,0.4987489134475348E-01,0.4650000000000000E+03,0.0000000000000000E+00,0.4650000000000000E+03,-0.2465653412855700E-01,
0.4660000000000000E+03,0.4987489134475348E-01,0.4660000000000000E+03,0.0000000000000000E+00,0.4660000000000000E+03,-0.2465653412855700E-01,
0.4670000000000000E+03,0.4987489134475348E-01,0.4670000000000000E+03,0.0000000000000000E+00,0.4670000000000000E+03,-0.2465653412855700E-01,
0.4680000000000000E+03,0.4987489134475348E-01,0.4680000000000000E+03,0.0000000000000000E+00,0.4680000000000000E+03,-0.2465653412855700E-01,
0.4690000000000000E+03,0.4987489134475348E-01,0.4690000000000000E+03,0.0000000000000000E+00,0.4690000000000000E+03,-0.2465653412855700E-01,
0.4700000000000000E+03,0.4987489134475348E-01,0.4700000000000000E+03,0.0000000000000000E+00,0.4700000000000000E+03,-0.2465653412855700E-01,
0.4710000000000000E+03,0.4987489134475348E-01,0.4710000000000000E+03,0.0000000000000000E+00,0.4710000000000000E+03,-0.2465653412855700E-01,
0.4720000000000000E+03,0.4987489134475348E-01,0.4720000000000000E+03,0.0000000000000000E+00,0.4720000000000000E+03,-0.2465653412855700E-01,
0.4730000000000000E+03,0.4987489134475348E-01,0.4730000000000000E+03,0.0000000000000000E+00,0.4730000000000000E+03,-0.2465653412855700E-01,
0.4740000000000000E+03,0.4987489134475348E-01,0.4740000000000000E+03,0.0000000000000000E+00,0.4740000000000000E+03,-0.2465653412855700E-01,
0.4750000000000000E+03,0.4987489134475348E-01,0.4750000000000000E+03,0.0000000000000000E+00,0.4750000000000000E+03,-0.2465653412855700E-01,
0.4760000000000000E+03,0.4987489134475348E-01,0.4760000000000000E+03,0.0000000000000000E+00,0.4760000000000000E+03,-0.2465653412855700E-01,
0.4770000000000000E+03,0.4987489134475348E-01,0.4770000000000000E+03,0.0000000000000000E+00,0.4770000000000000E+03,-0.2465653412855700E-01,
0.4780000000000000E+03,0.4987489134475348E-01,0.4780000000000000E+03,0.0000000000000000E+00,0.4780000000000000E+03,-0.2465653412855700E-01,
0.4790000000000000E+03,0.4987489134475348E-01,0.4790000000000000E+03,0.0000000000000000E+00,0.4790000000000000E+03,-0.2465653412855700E-01,
0.4800000000000000E+03,0.4987489134475348E-01,0.4800000000000000E+03,0.0000000000000000E+00,0.4800000000000000E+03,-0.2465653412855700E-01,
0.4810000000000000E+03,0.4987489134475348E-01,0.4810000000000000E+03,0.0000000000000000E+00,0.4810000000000000E+03,-0.2465653412855700E-01,
0.4820000000000000E+03,0.4987489134475348E-01,0.4820000000000000E+03,0.0000000000000000E+00,0.4820000000000000E+03,-0.2465653412855700E-01,
0.4830000000000000E+03,0.4987489134475348E-01,0.4830000000000000E+03,0.0000000000000000E+00,0.4830000000000000E+03,-0.2465653412855700E-01,
0.4840000000000000E+03,0.4987489134475348E-01,0.4840000000000000E+03,0.0000000000000000E+00,0.4840000000000000E+03,-0.2465653412855700E-01,
0.4850000000000000E+03,0.4987489134475348E-01,0.4850000000000000E+03,0.0000000000000000E+00,0.4850000000000000E+03,-0.2465653412855700E-01,
0.4860000000000000E+03,0.4987489134475348E-01,0.4860000000000000E+03,0.0000000000000000E+00,0.4860000000000000E+03,-0.2465653412855700E-01,
0.4870000000000000E+03,0.4987489134475348E-01,0.4870000000000000E+03,0.0000000000000000E+00,0.4870000000000000E+03,-0.2465653412855700E-01,
0.4880000000000000E+03,0.4987489134475348E-01,0.4880000000000000E+03,0.0000000000000000E+00,0.4880000000000000E+03,-0.2465653412855700E-01,
0.4890000000000000E+03,0.4987489134475348E-01,0.4890000000000000E+03,0.0000000000000000E+00,0.4890000000000000E+03,-0.2465653412855700E-01,
0.4900000000000000E+03,0.4987489134475348E-01,0.4900000000000000E+03,0.0000000000000000E+00,0.4900000000000000E+03,-0.2465653412855700E-01,
0.4910000000000000E+03,0.4987489134475348E-01,0.4910000000000000E+03,0.0000000000000000E+00,0.4910000000000000E+03,-0.2465653412855700E-01,
0.4920000000000000E+03,0.4987489134475348E-01,0.4920000000000000E+03,0.0000000000000000E+00,0.4920000000000000E+03,-0.2465653412855700E-01,
0.4930000000000000E+03,0.4987489134475348E-01,0.4930000000000000E+03,0.0000000000000000E+00,0.4930000000000000E+03,-0.2465653412855700E-01,
0.4940000000000000E+03,0.4987489134475348E-01,0.4940000000000000E+03,0.0000000000000000E+00,0.4940000000000000E+03,-0.2465653412855700E-01,
0.4950000000000000E+03,0.4987489134475348E-01,0.4950000000000000E+03,0.0000000000000000E+00,0.4950000000000000E+03,-0.2465653412855700E-01,
0.4960000000000000E+03,0.4987489134475348E-01,0.4960000000000000E+03,0.0000000000000000E+00,0.4960000000000000E+03,-0.2465653412855700E-01,
0.4970000000000000E+03,0.4987489134475348E-01,0.4970000000000000E+03,0.0000000000000000E+00,0.4970000000000000E+03,-0.2465653412855700E-01,
0.4980000000000000E+03,0.4987489134475348E-01,0.4980000000000000E+03,0.0000000000000000E+00,0.4980000000000000E+03,-0.2465653412855700E-01,
0.4990000000000000E+03,0.4987489134475348E-01,0.4990000000000000E+03,0.0000000000000000E+00,0.4990000000000000E+03,-0.2465653412855700E-01,
0.5000000000000000E+03,0.4987489134475348E-01,0.5000000000000000E+03,0.0000000000000000E+00,0.5000000000000000E+03,-0.2465653412855700E-01,
0.5010000000000000E+03,0.4987489134475348E-01,0.5010000000000000E+03,0.0000000000000000E+00,0.5010000000000000E+03,-0.2465653412855700E-01,
0.5020000000000000E+03,0.4987489134475348E-01,0.5020000000000000E+03,0.0000000000000000E+00,0.5020000000000000E+03,-0.2465653412855700E-01,
0.5030000000000000E+03,0.4987489134475348E-01,0.5030000000000000E+03,0.0000000000000000E+00,0.5030000000000000E+03,-0.2465653412855700E-01,
0.5040000000000000E+03,0.4987489134475348E-01,0.5040000000000000E+03,0.0000000000000000E+00,0.5040000000000000E+03,-0.2465653412855700E-01,
0.5050000000000000E+03,0.4987489134475348E-01,0.5050000000000000E+03,0.0000000000000000E+00,0.5050000000000000E+03,-0.2465653412855700E-01,
0.5060000000000000E+03,0.4987489134475348E-01,0.5060000000000000E+03,0.0000000000000000E+00,0.5060000000000000E+03,-0.2465653412855700E-01,
0.5070000000000000E+03,0.4987489134475348E-01,0.5070000000000000E+03,0.0000000000000000E+00,0.5070000000000000E+03,-0.2465653412855700E-01,
0.5080000000000000E+03,0.4987489134475348E-01,0.5080000000000000E+03,0.0000000000000000E+00,0.5080000000000000E+03,-0.2465653412855700E-01,
0.5090000000000000E+03,0.4987489134475348E-01,0.5090000000000000E+03,0.0000000000000000E+00,0.5090000000000000E+03,-0.2465653412855700E-01,
0.5100000000000000E+03,0.4987489134475348E-01,0.5100000000000000E+03,0.0000000000000000E+00,0.5100000000000000E+03,-0.2465653412855700E-01,
0.5110000000000000E+03,0.4987489134475348E-01,0.5110000000000000E+03,0.0000000000000000E+00,0.5110000000000000E+03,-0.2465653412855700E-01,
0.5120000000000000E+03,0.4987489134475348E-01,0.5120000000000000E+03,0.0000000000000000E+00,0.5120000000000000E+03,-0.2465653412855700E-01,
0.5130000000000000E+03,0.4987489134475348E-01,0.5130000000000000E+03,0.0000000000000000E+00,0.5130000000000000E+03,-0.2465653412855700E-01,
0.5140000000000000E+03,0.4987489134475348E-01,0.5140000000000000E+03,0.0000000000000000E+00,0.5140000000000000E+03,-0.2465653412855700E-01,
0.5150000000000000E+03,0.4987489134475348E-01,0.5150000000000000E+03,0.0000000000000000E+00,0.5150000000000000E+03,-0.2465653412855700E-01,
0.5160000000000000E+03,0.4987489134475348E-01,0.5160000000000000E+03,0.0000000000000000E+00,0.5160000000000000E+03,-0.2465653412855700E-01,
0.5170000000000000E+03,0.4987489134475348E-01,0.5170000000000000E+03,0.0000000000000000E+00,0.5170000000000000E+03,-0.2465653412855700E-01,
0.5180000000000000E+03,0.4987489134475348E-01,0.5180000000000000E+03,0.0000000000000000E+00,0.5180000000000000E+03,-0.2465653412855700E-01,
0.5190000000000000E+03,0.4987489134475348E-01,0.5190000000000000E+03,0.0000000000000000E+00,0.5190000000000000E+03,-0.2465653412855700E-01,
0.5200000000000000E+03,0.4987489134475348E-01,0.5200000000000000E+03,0.0000000000000000E+00,0.5200000000000000E+03,-0.2465653412855700E-01,
0.5210000000000000E+03,0.4987489134475348E-01,0.5210000000000000E+03,0.0000000000000000E+00,0.5210000000000000E+03,-0.2465653412855700E-01,
0.5220000000000000E+03,0.4987489134475348E-01,0.5220000000000000E+03,0.0000000000000000E+00,0.5220000000000000E+03,-0.2465653412855700E-01,
0.5230000000000000E+03,0.4987489134475348E-01,0.5230000000000000E+03,0.0000000000000000E+00,0.5230000000000000E+03,-0.2465653412855700E-01,
0.5240000000000000E+03,0.4987489134475348E-01,0.5240000000000000E+03,0.0000000000000000E+00,0.5240000000000000E+03,-0.2465653412855700E-01,
0.5250000000000000E+03,0.4987489134475348E-01,0.5250000000000000E+03,0.0000000000000000E+00,0.5250000000000000E+03,-0.2465653412855700E-01,
0.5260000000000000E+03,0.4987489134475348E-01,0.5260000000000000E+03,0.0000000000000000E+00,0.5260000000000000E+03,-0.2465653412855700E-01,
0.5270000000000000E+03,0.4987489134475348E-01,0.5270000000000000E+03,0.0000000000000000E+00,0.5270000000000000E+03,-0.2465653412855700E-01,
0.5280000000000000E+03,0.4987489134475348E-01,0.5280000000000000E+03,0.0000000000000000E+00,0.5280000000000000E+03,-0.2465653412855700E-01,
0.5290000000000000E+03,0.4987489134475348E-01,0.5290000000000000E+03,0.0000000000000000E+00,0.5290000000000000E+03,-0.2465653412855700E-01,
0.5300000000000000E+03,0.4987489134475348E-01,0.5300000000000000E+03,0.0000000000000000E+00,0.5300000000000000E+03,-0.2465653412855700E-01,
0.5310000000000000E+03,0.4987489134475348E-01,0.5310000000000000E+03,0.0000000000000000E+00,0.5310000000000000E+03,-0.2465653412855700E-01,
0.5320000000000000E+03,0.4987489134475348E-01,0.5320000000000000E+03,0.0000000000000000E+00,0.5320000000000000E+03,-0.2465653412855700E-01,
0.5330000000000000E+03,0.4987489134475348E-01,0.5330000000000000E+03,0.0000000000000000E+00,0.5330000000000000E+03,-0.2465653412855700E-01,
0.5340000000000000E+03,0.4987489134475348E-01,0.5340000000000000E+03,0.0000000000000000E+00,0.5340000000000000E+03,-0.2465653412855700E-01,
0.5350000000000000E+03,0.4987489134475348E-01,0.5350000000000000E+03,0.0000000000000000E+00,0.5350000000000000E+03,-0.2465653412855700E-01,
0.5360000000000000E+03,0.4987489134475348E-01,0.5360000000000000E+03,0.0000000000000000E+00,0.5360000000000000E+03,-0.2465653412855700E-01,
0.5370000000000000E+03,0.4987489134475348E-01,0.5370000000000000E+03,0.0000000000000000E+00,0.5370000000000000E+03,-0.2465653412855700E-01,
0.5380000000000000E+03,0.4987489134475348E-01,0.5380000000000000E+03,0.0000000000000000E+00,0.5380000000000000E+03,-0.2465653412855700E-01,
0.5390000000000000E+03,0.4987489134475348E-01,0.5390000000000000E+03,0.0000000000000000E+00,0.5390000000000000E+03,-0.2465653412855700E-01,
0.5400000000000000E+03,0.4987489134475348E-01,0.5400000000000000E+03,0.0000000000000000E+00,0.5400000000000000E+03,-0.2465653412855700E-01,
0.5410000000000000E+03,0.4987489134475348E-01,0.5410000000000000E+03,0.0000000000000000E+00,0.5410000000000000E+03,-0.2465653412855700E-01,
0.5420000000000000E+03,0.4987489134475348E-01,0.5420000000000000E+03,0.0000000000000000E+00,0.5420000000000000E+03,-0.2465653412855700E-01,
0.5430000000000000E+03,0.4987489134475348E-01,0.5430000000000000E+03,0.0000000000000000E+00,0.5430000000000000E+03,-0.2465653412855700E-01,
0.5440000000000000E+03,0.4987489134475348E-01,0.5440000000000000E+03,0.0000000000000000E+00,0.5440000000000000E+03,-0.2465653412855700E-01,
0.5450000000000000E+03,0.4987489134475348E-01,0.5450000000000000E+03,0.0000000000000000E+00,0.5450000000000000E+03,-0.2465653412855700E-01,
0.5460000000000000E+03,0.4987489134475348E-01,0.5460000000000000E+03,0.0000000000000000E+00,0.5460000000000000E+03,-0.2465653412855700E-01,
0.5470000000000000E+03,0.4987489134475348E-01,0.5470000000000000E+03,0.0000000000000000E+00,0.5470000000000000E+03,-0.2465653412855700E-01,
0.5480000000000000E+03,0.4987489134475348E-01,0.5480000000000000E+03,0.0000000000000000E+00,0.5480000000000000E+03,-0.2465653412855700E-01,
0.5490000000000000E+03,0.4987489134475348E-01,0.5490000000000000E+03,0.0000000000000000E+00,0.5490000000000000E+03,-0.2465653412855700E-01,
0.5500000000000000E+03,0.4987489134475348E-01,0.5500000000000000E+03,0.0000000000000000E+00,0.5500000000000000E+03,-0.2465653412855700E-01,
0.5510000000000000E+03,0.4987489134475348E-01,0.5510000000000000E+03,0.0000000000000000E+00,0.5510000000000000E+03,-0.2465653412855700E-01,
0.5520000000000000E+03,0.4987489134475348E-01,0.5520000000000000E+03,0.0000000000000000E+00,0.5520000000000000E+03,-0.2465653412855700E-01,
0.5530000000000000E+03,0.4987489134475348E-01,0.5530000000000000E+03,0.0000000000000000E+00,0.5530000000000000E+03,-0.2465653412855700E-01,
0.5540000000000000E+03,0.4987489134475348E-01,0.5540000000000000E+03,0.0000000000000000E+00,0.5540000000000000E+03,-0.2465653412855700E-01,
0.5550000000000000E+03,0.4987489134475348E-01,0.5550000000000000E+03,0.0000000000000000E+00,0.5550000000000000E+03,-0.2465653412855700E-01,
0.5560000000000000E+03,0.4987489134475348E-01,0.5560000000000000E+03,0.0000000000000000E+00,0.5560000000000000E+03,-0.2465653412855700E-01,
0.5570000000000000E+03,0.4987489134475348E-01,0.5570000000000000E+03,0.0000000000000000E+00,0.5570000000000000E+03,-0.2465653412855700E-01,
0.5580000000000000E+03,0.4987489134475348E-01,0.5580000000000000E+03,0.0000000000000000E+00,0.5580000000000000E+03,-0.2465653412855700E-01,
0.5590000000000000E+03,0.4987489134475348E-01,0.5590000000000000E+03,0.0000000000000000E+00,0.5590000000000000E+03,-0.2465653412855700E-01,
0.5600000000000000E+03,0.4987489134475348E-01,0.5600000000000000E+03,0.0000000000000000E+00,0.5600000000000000E+03,-0.2465653412855700E-01,
0.5610000000000000E+03,0.4987489134475348E-01,0.5610000000000000E+03,0.0000000000000000E+00,0.5610000000000000E+03,-0.2465653412855700E-01,
0.5620000000000000E+03,0.4987489134475348E-01,0.5620000000000000E+03,0.0000000000000000E+00,0.5620000000000000E+03,-0.2465653412855700E-01,
0.5630000000000000E+03,0.4987489134475348E-01,0.5630000000000000E+03,0.0000000000000000E+00,0.5630000000000000E+03,-0.2465653412855700E-01,
0.5640000000000000E+03,0.4987489134475348E-01,0.5640000000000000E+03,0.0000000000000000E+00,0.5640000000000000E+03,-0.2465653412855700E-01,
0.5650000000000000E+03,0.4987489134475348E-01,0.5650000000000000E+03,0.0000000000000000E+00,0.5650000000000000E+03,-0.2465653412855700E-01,
0.5660000000000000E+03,0.4987489134475348E-01,0.5660000000000000E+03,0.0000000000000000E+00,0.5660000000000000E+03,-0.2465653412855700E-01,
0.5670000000000000E+03,0.4987489134475348E-01,0.5670000000000000E+03,0.0000000000000000E+00,0.5670000000000000E+03,-0.2465653412855700E-01,
0.5680000000000000E+03,0.4987489134475348E-01,0.5680000000000000E+03,0.0000000000000000E+00,0.5680000000000000E+03,-0.2465653412855700E-01,
0.5690000000000000E+03,0.4987489134475348E-01,0.5690000000000000E+03,0.0000000000000000E+00,0.5690000000000000E+03,-0.2465653412855700E-01,
0.5700000000000000E+03,0.4987489134475348E-01,0.5700000000000000E+03,0.0000000000000000E+00,0.5700000000000000E+03,-0.2465653412855700E-01,
0.5710000000000000E+03,0.4987489134475348E-01,0.5710000000000000E+03,0.0000000000000000E+00,0.5710000000000000E+03,-0.2465653412855700E-01,
0.5720000000000000E+03,0.4987489134475348E-01,0.5720000000000000E+03,0.0000000000000000E+00,0.5720000000000000E+03,-0.2465653412855700E-01,
0.5730000000000000E+03,0.4987489134475348E-01,0.5730000000000000E+03,0.0000000000000000E+00,0.5730000000000000E+03,-0.2465653412855700E-01,
0.5740000000000000E+03,0.4987489134475348E-01,0.5740000000000000E+03,0.0000000000000000E+00,0.5740000000000000E+03,-0.2465653412855700E-01,
0.5750000000000000E+03,0.4987489134475348E-01,0.5750000000000000E+03,0.0000000000000000E+00,0.5750000000000000E+03,-0.2465653412855700E-01,
0.5760000000000000E+03,0.4987489134475348E-01,0.5760000000000000E+03,0.0000000000000000E+00,0.5760000000000000E+03,-0.2465653412855700E-01,
0.5770000000000000E+03,0.4987489134475348E-01,0.5770000000000000E+03,0.0000000000000000E+00,0.5770000000000000E+03,-0.2465653412855700E-01,
0.5780000000000000E+03,0.4987489134475348E-01,0.5780000000000000E+03,0.0000000000000000E+00,0.5780000000000000E+03,-0.2465653412855700E-01,
0.5790000000000000E+03,0.4987489134475348E-01,0.5790000000000000E+03,0.0000000000000000E+00,0.5790000000000000E+03,-0.2465653412855700E-01,
0.5800000000000000E+03,0.4987489134475348E-01,0.5800000000000000E+03,0.0000000000000000E+00,0.5800000000000000E+03,-0.2465653412855700E-01,
0.5810000000000000E+03,0.4987489134475348E-01,0.5810000000000000E+03,0.0000000000000000E+00,0.5810000000000000E+03,-0.2465653412855700E-01,
0.5820000000000000E+03,0.4987489134475348E-01,0.5820000000000000E+03,0.0000000000000000E+00,0.5820000000000000E+03,-0.2465653412855700E-01,
0.5830000000000000E+03,0.4987489134475348E-01,0.5830000000000000E+03,0.0000000000000000E+00,0.5830000000000000E+03,-0.2465653412855700E-01,
0.5840000000000000E+03,0.4987489134475348E-01,0.5840000000000000E+03,0.0000000000000000E+00,0.5840000000000000E+03,-0.2465653412855700E-01,
0.5850000000000000E+03,0.4987489134475348E-01,0.5850000000000000E+03,0.0000000000000000E+00,0.5850000000000000E+03,-0.2465653412855700E-01,
0.5860000000000000E+03,0.4987489134475348E-01,0.5860000000000000E+03,0.0000000000000000E+00,0.5860000000000000E+03,-0.2465653412855700E-01,
0.5870000000000000E+03,0.4987489134475348E-01,0.5870000000000000E+03,0.0000000000000000E+00,0.5870000000000000E+03,-0.2465653412855700E-01,
0.5880000000000000E+03,0.4987489134475348E-01,0.5880000000000000E+03,0.0000000000000000E+00,0.5880000000000000E+03,-0.2465653412855700E-01,
0.5890000000000000E+03,0.4987489134475348E-01,0.5890000000000000E+03,0.0000000000000000E+00,0.5890000000000000E+03,-0.2465653412855700E-01,
0.5900000000000000E+03,0.4987489134475348E-01,0.5900000000000000E+03,0.0000000000000000E+00,0.5900000000000000E+03,-0.2465653412855700E-01,
0.5910000000000000E+03,0.4987489134475348E-01,0.5910000000000000E+03,0.0000000000000000E+00,0.5910000000000000E+03,-0.2465653412855700E-01,
0.5920000000000000E+03,0.4987489134475348E-01,0.5920000000000000E+03,0.0000000000000000E+00,0.5920000000000000E+03,-0.2465653412855700E-01,
0.5930000000000000E+03,0.4987489134475348E-01,0.5930000000000000E+03,0.0000000000000000E+00,0.5930000000000000E+03,-0.2465653412855700E-01,
0.5940000000000000E+03,0.4987489134475348E-01,0.5940000000000000E+03,0.0000000000000000E+00,0.5940000000000000E+03,-0.2465653412855700E-01,
0.5950000000000000E+03,0.4987489134475348E-01,0.5950000000000000E+03,0.0000000000000000E+00,0.5950000000000000E+03,-0.2465653412855700E-01,
0.5960000000000000E+03,0.4987489134475348E-01,0.5960000000000000E+03,0.0000000000000000E+00,0.5960000000000000E+03,-0.2465653412855700E-01,
0.5970000000000000E+03,0.4987489134475348E-01,0.5970000000000000E+03,0.0000000000000000E+00,0.5970000000000000E+03,-0.2465653412855700E-01,
0.5980000000000000E+03,0.4987489134475348E-01,0.5980000000000000E+03,0.0000000000000000E+00,0.5980000000000000E+03,-0.2465653412855700E-01,
0.5990000000000000E+03,0.4987489134475348E-01,0.5990000000000000E+03,0.0000000000000000E+00,0.5990000000000000E+03,-0.2465653412855700E-01,
0.6000000000000000E+03,0.4987489134475348E-01,0.6000000000000000E+03,0.0000000000000000E+00,0.6000000000000000E+03,-0.2465653412855700E-01,
0.6010000000000000E+03,0.4987489134475348E-01,0.6010000000000000E+03,0.0000000000000000E+00,0.6010000000000000E+03,-0.2465653412855700E-01,
0.6020000000000000E+03,0.4987489134475348E-01,0.6020000000000000E+03,0.0000000000000000E+00,0.6020000000000000E+03,-0.2465653412855700E-01,
0.6030000000000000E+03,0.4987489134475348E-01,0.6030000000000000E+03,0.0000000000000000E+00,0.6030000000000000E+03,-0.2465653412855700E-01,
0.6040000000000000E+03,0.4987489134475348E-01,0.6040000000000000E+03,0.0000000000000000E+00,0.6040000000000000E+03,-0.2465653412855700E-01,
0.6050000000000000E+03,0.4987489134475348E-01,0.6050000000000000E+03,0.0000000000000000E+00,0.6050000000000000E+03,-0.2465653412855700E-01,
0.6060000000000000E+03,0.4987489134475348E-01,0.6060000000000000E+03,0.0000000000000000E+00,0.6060000000000000E+03,-0.2465653412855700E-01,
0.6070000000000000E+03,0.4987489134475348E-01,0.6070000000000000E+03,0.0000000000000000E+00,0.6070000000000000E+03,-0.2465653412855700E-01,
0.6080000000000000E+03,0.4987489134475348E-01,0.6080000000000000E+03,0.0000000000000000E+00,0.6080000000000000E+03,-0.2465653412855700E-01,
0.6090000000000000E+03,0.4987489134475348E-01,0.6090000000000000E+03,0.0000000000000000E+00,0.6090000000000000E+03,-0.2465653412855700E-01,
0.6100000000000000E+03,0.4987489134475348E-01,0.6100000000000000E+03,0.0000000000000000E+00,0.6100000000000000E+03,-0.2465653412855700E-01,
0.6110000000000000E+03,0.4987489134475348E-01,0.6110000000000000E+03,0.0000000000000000E+00,0.6110000000000000E+03,-0.2465653412855700E-01,
0.6120000000000000E+03,0.4987489134475348E-01,0.6120000000000000E+03,0.0000000000000000E+00,0.6120000000000000E+03,-0.2465653412855700E-01,
0.6130000000000000E+03,0.4987489134475348E-01,0.6130000000000000E+03,0.0000000000000000E+00,0.6130000000000000E+03,-0.2465653412855700E-01,
0.6140000000000000E+03,0.4987489134475348E-01,0.6140000000000000E+03,0.0000000000000000E+00,0.6140000000000000E+03,-0.2465653412855700E-01,
0.6150000000000000E+03,0.4987489134475348E-01,0.6150000000000000E+03,0.0000000000000000E+00,0.6150000000000000E+03,-0.2465653412855700E-01,
0.6160000000000000E+03,0.4987489134475348E-01,0.6160000000000000E+03,0.0000000000000000E+00,0.6160000000000000E+03,-0.2465653412855700E-01,
0.6170000000000000E+03,0.4987489134475348E-01,0.6170000000000000E+03,0.0000000000000000E+00,0.6170000000000000E+03,-0.2465653412855700E-01,
0.6180000000000000E+03,0.4987489134475348E-01,0.6180000000000000E+03,0.0000000000000000E+00,0.6180000000000000E+03,-0.2465653412855700E-01,
0.6190000000000000E+03,0.4987489134475348E-01,0.6190000000000000E+03,0.0000000000000000E+00,0.6190000000000000E+03,-0.2465653412855700E-01,
0.6200000000000000E+03,0.4987489134475348E-01,0.6200000000000000E+03,0.0000000000000000E+00,0.6200000000000000E+03,-0.2465653412855700E-01,
0.6210000000000000E+03,0.4987489134475348E-01,0.6210000000000000E+03,0.0000000000000000E+00,0.6210000000000000E+03,-0.2465653412855700E-01,
0.6220000000000000E+03,0.4987489134475348E-01,0.6220000000000000E+03,0.0000000000000000E+00,0.6220000000000000E+03,-0.2465653412855700E-01,
0.6230000000000000E+03,0.4987489134475348E-01,0.6230000000000000E+03,0.0000000000000000E+00,0.6230000000000000E+03,-0.2465653412855700E-01,
0.6240000000000000E+03,0.4987489134475348E-01,0.6240000000000000E+03,0.0000000000000000E+00,0.6240000000000000E+03,-0.2465653412855700E-01,
0.6250000000000000E+03,0.4987489134475348E-01,0.6250000000000000E+03,0.0000000000000000E+00,0.6250000000000000E+03,-0.2465653412855700E-01,
0.6260000000000000E+03,0.4987489134475348E-01,0.6260000000000000E+03,0.0000000000000000E+00,0.6260000000000000E+03,-0.2465653412855700E-01,
0.6270000000000000E+03,0.4987489134475348E-01,0.6270000000000000E+03,0.0000000000000000E+00,0.6270000000000000E+03,-0.2465653412855700E-01,
0.6280000000000000E+03,0.4987489134475348E-01,0.6280000000000000E+03,0.0000000000000000E+00,0.6280000000000000E+03,-0.2465653412855700E-01,
0.6290000000000000E+03,0.4987489134475348E-01,0.6290000000000000E+03,0.0000000000000000E+00,0.6290000000000000E+03,-0.2465653412855700E-01,
0.6300000000000000E+03,0.4987489134475348E-01,0.6300000000000000E+03,0.0000000000000000E+00,0.6300000000000000E+03,-0.2465653412855700E-01,
0.6310000000000000E+03,0.4987489134475348E-01,0.6310000000000000E+03,0.0000000000000000E+00,0.6310000000000000E+03,-0.2465653412855700E-01,
0.6320000000000000E+03,0.4987489134475348E-01,0.6320000000000000E+03,0.0000000000000000E+00,0.6320000000000000E+03,-0.2465653412855700E-01,
0.6330000000000000E+03,0.4987489134475348E-01,0.6330000000000000E+03,0.0000000000000000E+00,0.6330000000000000E+03,-0.2465653412855700E-01,
0.6340000000000000E+03,0.4987489134475348E-01,0.6340000000000000E+03,0.0000000000000000E+00,0.6340000000000000E+03,-0.2465653412855700E-01,
0.6350000000000000E+03,0.4987489134475348E-01,0.6350000000000000E+03,0.0000000000000000E+00,0.6350000000000000E+03,-0.2465653412855700E-01,
0.6360000000000000E+03,0.4987489134475348E-01,0.6360000000000000E+03,0.0000000000000000E+00,0.6360000000000000E+03,-0.2465653412855700E-01,
0.6370000000000000E+03,0.4987489134475348E-01,0.6370000000000000E+03,0.0000000000000000E+00,0.6370000000000000E+03,-0.2465653412855700E-01,
0.6380000000000000E+03,0.4987489134475348E-01,0.6380000000000000E+03,0.0000000000000000E+00,0.6380000000000000E+03,-0.2465653412855700E-01,
0.6390000000000000E+03,0.4987489134475348E-01,0.6390000000000000E+03,0.0000000000000000E+00,0.6390000000000000E+03,-0.2465653412855700E-01,
0.6400000000000000E+03,0.4987489134475348E-01,0.6400000000000000E+03,0.0000000000000000E+00,0.6400000000000000E+03,-0.2465653412855700E-01,
0.6410000000000000E+03,0.4987489134475348E-01,0.6410000000000000E+03,0.0000000000000000E+00,0.6410000000000000E+03,-0.2465653412855700E-01,
0.6420000000000000E+03,0.4987489134475348E-01,0.6420000000000000E+03,0.0000000000000000E+00,0.6420000000000000E+03,-0.2465653412855700E-01,
0.6430000000000000E+03,0.4987489134475348E-01,0.6430000000000000E+03,0.0000000000000000E+00,0.6430000000000000E+03,-0.2465653412855700E-01,
0.6440000000000000E+03,0.4987489134475348E-01,0.6440000000000000E+03,0.0000000000000000E+00,0.6440000000000000E+03,-0.2465653412855700E-01,
0.6450000000000000E+03,0.4987489134475348E-01,0.6450000000000000E+03,0.0000000000000000E+00,0.6450000000000000E+03,-0.2465653412855700E-01,
0.6460000000000000E+03,0.4987489134475348E-01,0.6460000000000000E+03,0.0000000000000000E+00,0.6460000000000000E+03,-0.2465653412855700E-01,
0.6470000000000000E+03,0.4987489134475348E-01,0.6470000000000000E+03,0.0000000000000000E+00,0.6470000000000000E+03,-0.2465653412855700E-01,
0.6480000000000000E+03,0.4987489134475348E-01,0.6480000000000000E+03,0.0000000000000000E+00,0.6480000000000000E+03,-0.2465653412855700E-01,
0.6490000000000000E+03,0.4987489134475348E-01,0.6490000000000000E+03,0.0000000000000000E+00,0.6490000000000000E+03,-0.2465653412855700E-01,
0.6500000000000000E+03,0.4987489134475348E-01,0.6500000000000000E+03,0.0000000000000000E+00,0.6500000000000000E+03,-0.2465653412855700E-01,
0.6510000000000000E+03,0.4987489134475348E-01,0.6510000000000000E+03,0.0000000000000000E+00,0.6510000000000000E+03,-0.2465653412855700E-01,
0.6520000000000000E+03,0.4987489134475348E-01,0.6520000000000000E+03,0.0000000000000000E+00,0.6520000000000000E+03,-0.2465653412855700E-01,
0.6530000000000000E+03,0.4987489134475348E-01,0.6530000000000000E+03,0.0000000000000000E+00,0.6530000000000000E+03,-0.2465653412855700E-01,
0.6540000000000000E+03,0.4987489134475348E-01,0.6540000000000000E+03,0.0000000000000000E+00,0.6540000000000000E+03,-0.2465653412855700E-01,
0.6550000000000000E+03,0.4987489134475348E-01,0.6550000000000000E+03,0.0000000000000000E+00,0.6550000000000000E+03,-0.2465653412855700E-01,
0.6560000000000000E+03,0.4987489134475348E-01,0.6560000000000000E+03,0.0000000000000000E+00,0.6560000000000000E+03,-0.2465653412855700E-01,
0.6570000000000000E+03,0.4987489134475348E-01,0.6570000000000000E+03,0.0000000000000000E+00,0.6570000000000000E+03,-0.2465653412855700E-01,
0.6580000000000000E+03,0.4987489134475348E-01,0.6580000000000000E+03,0.0000000000000000E+00,0.6580000000000000E+03,-0.2465653412855700E-01,
0.6590000000000000E+03,0.4987489134475348E-01,0.6590000000000000E+03,0.0000000000000000E+00,0.6590000000000000E+03,-0.2465653412855700E-01,
0.6600000000000000E+03,0.4987489134475348E-01,0.6600000000000000E+03,0.0000000000000000E+00,0.6600000000000000E+03,-0.2465653412855700E-01,
0.6610000000000000E+03,0.4987489134475348E-01,0.6610000000000000E+03,0.0000000000000000E+00,0.6610000000000000E+03,-0.2465653412855700E-01,
0.6620000000000000E+03,0.4987489134475348E-01,0.6620000000000000E+03,0.0000000000000000E+00,0.6620000000000000E+03,-0.2465653412855700E-01,
0.6630000000000000E+03,0.4987489134475348E-01,0.6630000000000000E+03,0.0000000000000000E+00,0.6630000000000000E+03,-0.2465653412855700E-01,
0.6640000000000000E+03,0.4987489134475348E-01,0.6640000000000000E+03,0.0000000000000000E+00,0.6640000000000000E+03,-0.2465653412855700E-01,
0.6650000000000000E+03,0.4987489134475348E-01,0.6650000000000000E+03,0.0000000000000000E+00,0.6650000000000000E+03,-0.2465653412855700E-01,
0.6660000000000000E+03,0.4987489134475348E-01,0.6660000000000000E+03,0.0000000000000000E+00,0.6660000000000000E+03,-0.2465653412855700E-01,
0.6670000000000000E+03,0.4987489134475348E-01,0.6670000000000000E+03,0.0000000000000000E+00,0.6670000000000000E+03,-0.2465653412855700E-01,
0.6680000000000000E+03,0.4987489134475348E-01,0.6680000000000000E+03,0.0000000000000000E+00,0.6680000000000000E+03,-0.2465653412855700E-01,
0.6690000000000000E+03,0.4987489134475348E-01,0.6690000000000000E+03,0.0000000000000000E+00,0.6690000000000000E+03,-0.2465653412855700E-01,
0.6700000000000000E+03,0.4987489134475348E-01,0.6700000000000000E+03,0.0000000000000000E+00,0.6700000000000000E+03,-0.2465653412855700E-01,
0.6710000000000000E+03,0.4987489134475348E-01,0.6710000000000000E+03,0.0000000000000000E+00,0.6710000000000000E+03,-0.2465653412855700E-01,
0.6720000000000000E+03,0.4987489134475348E-01,0.6720000000000000E+03,0.0000000000000000E+00,0.6720000000000000E+03,-0.2465653412855700E-01,
0.6730000000000000E+03,0.4987489134475348E-01,0.6730000000000000E+03,0.0000000000000000E+00,0.6730000000000000E+03,-0.2465653412855700E-01,
0.6740000000000000E+03,0.4987489134475348E-01,0.6740000000000000E+03,0.0000000000000000E+00,0.6740000000000000E+03,-0.2465653412855700E-01,
0.6750000000000000E+03,0.4987489134475348E-01,0.6750000000000000E+03,0.0000000000000000E+00,0.6750000000000000E+03,-0.2465653412855700E-01,
0.6760000000000000E+03,0.4987489134475348E-01,0.6760000000000000E+03,0.0000000000000000E+00,0.6760000000000000E+03,-0.2465653412855700E-01,
0.6770000000000000E+03,0.4987489134475348E-01,0.6770000000000000E+03,0.0000000000000000E+00,0.6770000000000000E+03,-0.2465653412855700E-01,
0.6780000000000000E+03,0.4987489134475348E-01,0.6780000000000000E+03,0.0000000000000000E+00,0.6780000000000000E+03,-0.2465653412855700E-01,
0.6790000000000000E+03,0.4987489134475348E-01,0.6790000000000000E+03,0.0000000000000000E+00,0.6790000000000000E+03,-0.2465653412855700E-01,
0.6800000000000000E+03,0.4987489134475348E-01,0.6800000000000000E+03,0.0000000000000000E+00,0.6800000000000000E+03,-0.2465653412855700E-01,
0.6810000000000000E+03,0.4987489134475348E-01,0.6810000000000000E+03,0.0000000000000000E+00,0.6810000000000000E+03,-0.2465653412855700E-01,
0.6820000000000000E+03,0.4987489134475348E-01,0.6820000000000000E+03,0.0000000000000000E+00,0.6820000000000000E+03,-0.2465653412855700E-01,
0.6830000000000000E+03,0.4987489134475348E-01,0.6830000000000000E+03,0.0000000000000000E+00,0.6830000000000000E+03,-0.2465653412855700E-01,
0.6840000000000000E+03,0.4987489134475348E-01,0.6840000000000000E+03,0.0000000000000000E+00,0.6840000000000000E+03,-0.2465653412855700E-01,
0.6850000000000000E+03,0.4987489134475348E-01,0.6850000000000000E+03,0.0000000000000000E+00,0.6850000000000000E+03,-0.2465653412855700E-01,
0.6860000000000000E+03,0.4987489134475348E-01,0.6860000000000000E+03,0.0000000000000000E+00,0.6860000000000000E+03,-0.2465653412855700E-01,
0.6870000000000000E+03,0.4987489134475348E-01,0.6870000000000000E+03,0.0000000000000000E+00,0.6870000000000000E+03,-0.2465653412855700E-01,
0.6880000000000000E+03,0.4987489134475348E-01,0.6880000000000000E+03,0.0000000000000000E+00,0.6880000000000000E+03,-0.2465653412855700E-01,
0.6890000000000000E+03,0.4987489134475348E-01,0.6890000000000000E+03,0.0000000000000000E+00,0.6890000000000000E+03,-0.2465653412855700E-01,
0.6900000000000000E+03,0.4987489134475348E-01,0.6900000000000000E+03,0.0000000000000000E+00,0.6900000000000000E+03,-0.2465653412855700E-01,
0.6910000000000000E+03,0.4987489134475348E-01,0.6910000000000000E+03,0.0000000000000000E+00,0.6910000000000000E+03,-0.2465653412855700E-01,
0.6920000000000000E+03,0.4987489134475348E-01,0.6920000000000000E+03,0.0000000000000000E+00,0.6920000000000000E+03,-0.2465653412855700E-01,
0.6930000000000000E+03,0.4987489134475348E-01,0.6930000000000000E+03,0.0000000000000000E+00,0.6930000000000000E+03,-0.2465653412855700E-01,
0.6940000000000000E+03,0.4987489134475348E-01,0.6940000000000000E+03,0.0000000000000000E+00,0.6940000000000000E+03,-0.2465653412855700E-01,
0.6950000000000000E+03,0.4987489134475348E-01,0.6950000000000000E+03,0.0000000000000000E+00,0.6950000000000000E+03,-0.2465653412855700E-01,
0.6960000000000000E+03,0.4987489134475348E-01,0.6960000000000000E+03,0.0000000000000000E+00,0.6960000000000000E+03,-0.2465653412855700E-01,
0.6970000000000000E+03,0.4987489134475348E-01,0.6970000000000000E+03,0.0000000000000000E+00,0.6970000000000000E+03,-0.2465653412855700E-01,
0.6980000000000000E+03,0.4987489134475348E-01,0.6980000000000000E+03,0.0000000000000000E+00,0.6980000000000000E+03,-0.2465653412855700E-01,
0.6990000000000000E+03,0.4987489134475348E-01,0.6990000000000000E+03,0.0000000000000000E+00,0.6990000000000000E+03,-0.2465653412855700E-01,
0.7000000000000000E+03,0.4987489134475348E-01,0.7000000000000000E+03,0.0000000000000000E+00,0.7000000000000000E+03,-0.2465653412855700E-01,
0.7010000000000000E+03,0.4987489134475348E-01,0.7010000000000000E+03,0.0000000000000000E+00,0.7010000000000000E+03,-0.2465653412855700E-01,
0.7020000000000000E+03,0.4987489134475348E-01,0.7020000000000000E+03,0.0000000000000000E+00,0.7020000000000000E+03,-0.2465653412855700E-01,
0.7030000000000000E+03,0.4987489134475348E-01,0.7030000000000000E+03,0.0000000000000000E+00,0.7030000000000000E+03,-0.2465653412855700E-01,
0.7040000000000000E+03,0.4987489134475348E-01,0.7040000000000000E+03,0.0000000000000000E+00,0.7040000000000000E+03,-0.2465653412855700E-01,
0.7050000000000000E+03,0.4987489134475348E-01,0.7050000000000000E+03,0.0000000000000000E+00,0.7050000000000000E+03,-0.2465653412855700E-01,
0.7060000000000000E+03,0.4987489134475348E-01,0.7060000000000000E+03,0.0000000000000000E+00,0.7060000000000000E+03,-0.2465653412855700E-01,
0.7070000000000000E+03,0.4987489134475348E-01,0.7070000000000000E+03,0.0000000000000000E+00,0.7070000000000000E+03,-0.2465653412855700E-01,
0.7080000000000000E+03,0.4987489134475348E-01,0.7080000000000000E+03,0.0000000000000000E+00,0.7080000000000000E+03,-0.2465653412855700E-01,
0.7090000000000000E+03,0.4987489134475348E-01,0.7090000000000000E+03,0.0000000000000000E+00,0.7090000000000000E+03,-0.2465653412855700E-01,
0.7100000000000000E+03,0.4987489134475348E-01,0.7100000000000000E+03,0.0000000000000000E+00,0.7100000000000000E+03,-0.2465653412855700E-01,
0.7110000000000000E+03,0.4987489134475348E-01,0.7110000000000000E+03,0.0000000000000000E+00,0.7110000000000000E+03,-0.2465653412855700E-01,
0.7120000000000000E+03,0.4987489134475348E-01,0.7120000000000000E+03,0.0000000000000000E+00,0.7120000000000000E+03,-0.2465653412855700E-01,
0.7130000000000000E+03,0.4987489134475348E-01,0.7130000000000000E+03,0.0000000000000000E+00,0.7130000000000000E+03,-0.2465653412855700E-01,
0.7140000000000000E+03,0.4987489134475348E-01,0.7140000000000000E+03,0.0000000000000000E+00,0.7140000000000000E+03,-0.2465653412855700E-01,
0.7150000000000000E+03,0.4987489134475348E-01,0.7150000000000000E+03,0.0000000000000000E+00,0.7150000000000000E+03,-0.2465653412855700E-01,
0.7160000000000000E+03,0.4987489134475348E-01,0.7160000000000000E+03,0.0000000000000000E+00,0.7160000000000000E+03,-0.2465653412855700E-01,
0.7170000000000000E+03,0.4987489134475348E-01,0.7170000000000000E+03,0.0000000000000000E+00,0.7170000000000000E+03,-0.2465653412855700E-01,
0.7180000000000000E+03,0.4987489134475348E-01,0.7180000000000000E+03,0.0000000000000000E+00,0.7180000000000000E+03,-0.2465653412855700E-01,
0.7190000000000000E+03,0.4987489134475348E-01,0.7190000000000000E+03,0.0000000000000000E+00,0.7190000000000000E+03,-0.2465653412855700E-01,
0.7200000000000000E+03,0.4987489134475348E-01,0.7200000000000000E+03,0.0000000000000000E+00,0.7200000000000000E+03,-0.2465653412855700E-01,
0.7210000000000000E+03,0.4987489134475348E-01,0.7210000000000000E+03,0.0000000000000000E+00,0.7210000000000000E+03,-0.2465653412855700E-01,
0.7220000000000000E+03,0.4987489134475348E-01,0.7220000000000000E+03,0.0000000000000000E+00,0.7220000000000000E+03,-0.2465653412855700E-01,
0.7230000000000000E+03,0.4987489134475348E-01,0.7230000000000000E+03,0.0000000000000000E+00,0.7230000000000000E+03,-0.2465653412855700E-01,
0.7240000000000000E+03,0.4987489134475348E-01,0.7240000000000000E+03,0.0000000000000000E+00,0.7240000000000000E+03,-0.2465653412855700E-01,
0.7250000000000000E+03,0.4987489134475348E-01,0.7250000000000000E+03,0.0000000000000000E+00,0.7250000000000000E+03,-0.2465653412855700E-01,
0.7260000000000000E+03,0.4987489134475348E-01,0.7260000000000000E+03,0.0000000000000000E+00,0.7260000000000000E+03,-0.2465653412855700E-01,
0.7270000000000000E+03,0.4987489134475348E-01,0.7270000000000000E+03,0.0000000000000000E+00,0.7270000000000000E+03,-0.2465653412855700E-01,
0.7280000000000000E+03,0.4987489134475348E-01,0.7280000000000000E+03,0.0000000000000000E+00,0.7280000000000000E+03,-0.2465653412855700E-01,
0.7290000000000000E+03,0.4987489134475348E-01,0.7290000000000000E+03,0.0000000000000000E+00,0.7290000000000000E+03,-0.2465653412855700E-01,
0.7300000000000000E+03,0.4987489134475348E-01,0.7300000000000000E+03,0.0000000000000000E+00,0.7300000000000000E+03,-0.2465653412855700E-01,
0.7310000000000000E+03,0.4987489134475348E-01,0.7310000000000000E+03,0.0000000000000000E+00,0.7310000000000000E+03,-0.2465653412855700E-01,
0.7320000000000000E+03,0.4987489134475348E-01,0.7320000000000000E+03,0.0000000000000000E+00,0.7320000000000000E+03,-0.2465653412855700E-01,
0.7330000000000000E+03,0.4987489134475348E-01,0.7330000000000000E+03,0.0000000000000000E+00,0.7330000000000000E+03,-0.2465653412855700E-01,
0.7340000000000000E+03,0.4987489134475348E-01,0.7340000000000000E+03,0.0000000000000000E+00,0.7340000000000000E+03,-0.2465653412855700E-01,
0.7350000000000000E+03,0.4987489134475348E-01,0.7350000000000000E+03,0.0000000000000000E+00,0.7350000000000000E+03,-0.2465653412855700E-01,
0.7360000000000000E+03,0.4987489134475348E-01,0.7360000000000000E+03,0.0000000000000000E+00,0.7360000000000000E+03,-0.2465653412855700E-01,
0.7370000000000000E+03,0.4987489134475348E-01,0.7370000000000000E+03,0.0000000000000000E+00,0.7370000000000000E+03,-0.2465653412855700E-01,
0.7380000000000000E+03,0.4987489134475348E-01,0.7380000000000000E+03,0.0000000000000000E+00,0.7380000000000000E+03,-0.2465653412855700E-01,
0.7390000000000000E+03,0.4987489134475348E-01,0.7390000000000000E+03,0.0000000000000000E+00,0.7390000000000000E+03,-0.2465653412855700E-01,
0.7400000000000000E+03,0.4987489134475348E-01,0.7400000000000000E+03,0.0000000000000000E+00,0.7400000000000000E+03,-0.2465653412855700E-01,
0.7410000000000000E+03,0.4987489134475348E-01,0.7410000000000000E+03,0.0000000000000000E+00,0.7410000000000000E+03,-0.2465653412855700E-01,
0.7420000000000000E+03,0.4987489134475348E-01,0.7420000000000000E+03,0.0000000000000000E+00,0.7420000000000000E+03,-0.2465653412855700E-01,
0.7430000000000000E+03,0.4987489134475348E-01,0.7430000000000000E+03,0.0000000000000000E+00,0.7430000000000000E+03,-0.2465653412855700E-01,
0.7440000000000000E+03,0.4987489134475348E-01,0.7440000000000000E+03,0.0000000000000000E+00,0.7440000000000000E+03,-0.2465653412855700E-01,
0.7450000000000000E+03,0.4987489134475348E-01,0.7450000000000000E+03,0.0000000000000000E+00,0.7450000000000000E+03,-0.2465653412855700E-01,
0.7460000000000000E+03,0.4987489134475348E-01,0.7460000000000000E+03,0.0000000000000000E+00,0.7460000000000000E+03,-0.2465653412855700E-01,
0.7470000000000000E+03,0.4987489134475348E-01,0.7470000000000000E+03,0.0000000000000000E+00,0.7470000000000000E+03,-0.2465653412855700E-01,
0.7480000000000000E+03,0.4987489134475348E-01,0.7480000000000000E+03,0.0000000000000000E+00,0.7480000000000000E+03,-0.2465653412855700E-01,
0.7490000000000000E+03,0.4987489134475348E-01,0.7490000000000000E+03,0.0000000000000000E+00,0.7490000000000000E+03,-0.2465653412855700E-01,
0.7500000000000000E+03,0.4987489134475348E-01,0.7500000000000000E+03,0.0000000000000000E+00,0.7500000000000000E+03,-0.2465653412855700E-01,
0.7510000000000000E+03,0.4987489134475348E-01,0.7510000000000000E+03,0.0000000000000000E+00,0.7510000000000000E+03,-0.2465653412855700E-01,
0.7520000000000000E+03,0.4987489134475348E-01,0.7520000000000000E+03,0.0000000000000000E+00,0.7520000000000000E+03,-0.2465653412855700E-01,
0.7530000000000000E+03,0.4987489134475348E-01,0.7530000000000000E+03,0.0000000000000000E+00,0.7530000000000000E+03,-0.2465653412855700E-01,
0.7540000000000000E+03,0.4987489134475348E-01,0.7540000000000000E+03,0.0000000000000000E+00,0.7540000000000000E+03,-0.2465653412855700E-01,
0.7550000000000000E+03,0.4987489134475348E-01,0.7550000000000000E+03,0.0000000000000000E+00,0.7550000000000000E+03,-0.2465653412855700E-01,
0.7560000000000000E+03,0.4987489134475348E-01,0.7560000000000000E+03,0.0000000000000000E+00,0.7560000000000000E+03,-0.2465653412855700E-01,
0.7570000000000000E+03,0.4987489134475348E-01,0.7570000000000000E+03,0.0000000000000000E+00,0.7570000000000000E+03,-0.2465653412855700E-01,
0.7580000000000000E+03,0.4987489134475348E-01,0.7580000000000000E+03,0.0000000000000000E+00,0.7580000000000000E+03,-0.2465653412855700E-01,
0.7590000000000000E+03,0.4987489134475348E-01,0.7590000000000000E+03,0.0000000000000000E+00,0.7590000000000000E+03,-0.2465653412855700E-01,
0.7600000000000000E+03,0.4987489134475348E-01,0.7600000000000000E+03,0.0000000000000000E+00,0.7600000000000000E+03,-0.2465653412855700E-01,
0.7610000000000000E+03,0.4987489134475348E-01,0.7610000000000000E+03,0.0000000000000000E+00,0.7610000000000000E+03,-0.2465653412855700E-01,
0.7620000000000000E+03,0.4987489134475348E-01,0.7620000000000000E+03,0.0000000000000000E+00,0.7620000000000000E+03,-0.2465653412855700E-01,
0.7630000000000000E+03,0.4987489134475348E-01,0.7630000000000000E+03,0.0000000000000000E+00,0.7630000000000000E+03,-0.2465653412855700E-01,
0.7640000000000000E+03,0.4987489134475348E-01,0.7640000000000000E+03,0.0000000000000000E+00,0.7640000000000000E+03,-0.2465653412855700E-01,
0.7650000000000000E+03,0.4987489134475348E-01,0.7650000000000000E+03,0.0000000000000000E+00,0.7650000000000000E+03,-0.2465653412855700E-01,
0.7660000000000000E+03,0.4987489134475348E-01,0.7660000000000000E+03,0.0000000000000000E+00,0.7660000000000000E+03,-0.2465653412855700E-01,
0.7670000000000000E+03,0.4987489134475348E-01,0.7670000000000000E+03,0.0000000000000000E+00,0.7670000000000000E+03,-0.2465653412855700E-01,
0.7680000000000000E+03,0.4987489134475348E-01,0.7680000000000000E+03,0.0000000000000000E+00,0.7680000000000000E+03,-0.2465653412855700E-01,
0.7690000000000000E+03,0.4987489134475348E-01,0.7690000000000000E+03,0.0000000000000000E+00,0.7690000000000000E+03,-0.2465653412855700E-01,
0.7700000000000000E+03,0.4987489134475348E-01,0.7700000000000000E+03,0.0000000000000000E+00,0.7700000000000000E+03,-0.2465653412855700E-01,
0.7710000000000000E+03,0.4987489134475348E-01,0.7710000000000000E+03,0.0000000000000000E+00,0.7710000000000000E+03,-0.2465653412855700E-01,
0.7720000000000000E+03,0.4987489134475348E-01,0.7720000000000000E+03,0.0000000000000000E+00,0.7720000000000000E+03,-0.2465653412855700E-01,
0.7730000000000000E+03,0.4987489134475348E-01,0.7730000000000000E+03,0.0000000000000000E+00,0.7730000000000000E+03,-0.2465653412855700E-01,
0.7740000000000000E+03,0.4987489134475348E-01,0.7740000000000000E+03,0.0000000000000000E+00,0.7740000000000000E+03,-0.2465653412855700E-01,
0.7750000000000000E+03,0.4987489134475348E-01,0.7750000000000000E+03,0.0000000000000000E+00,0.7750000000000000E+03,-0.2465653412855700E-01,
0.7760000000000000E+03,0.4987489134475348E-01,0.7760000000000000E+03,0.0000000000000000E+00,0.7760000000000000E+03,-0.2465653412855700E-01,
0.7770000000000000E+03,0.4987489134475348E-01,0.7770000000000000E+03,0.0000000000000000E+00,0.7770000000000000E+03,-0.2465653412855700E-01,
0.7780000000000000E+03,0.4987489134475348E-01,0.7780000000000000E+03,0.0000000000000000E+00,0.7780000000000000E+03,-0.2465653412855700E-01,
0.7790000000000000E+03,0.4987489134475348E-01,0.7790000000000000E+03,0.0000000000000000E+00,0.7790000000000000E+03,-0.2465653412855700E-01,
0.7800000000000000E+03,0.4987489134475348E-01,0.7800000000000000E+03,0.0000000000000000E+00,0.7800000000000000E+03,-0.2465653412855700E-01,
0.7810000000000000E+03,0.4987489134475348E-01,0.7810000000000000E+03,0.0000000000000000E+00,0.7810000000000000E+03,-0.2465653412855700E-01,
0.7820000000000000E+03,0.4987489134475348E-01,0.7820000000000000E+03,0.0000000000000000E+00,0.7820000000000000E+03,-0.2465653412855700E-01,
0.7830000000000000E+03,0.4987489134475348E-01,0.7830000000000000E+03,0.0000000000000000E+00,0.7830000000000000E+03,-0.2465653412855700E-01,
0.7840000000000000E+03,0.4987489134475348E-01,0.7840000000000000E+03,0.0000000000000000E+00,0.7840000000000000E+03,-0.2465653412855700E-01,
0.7850000000000000E+03,0.4987489134475348E-01,0.7850000000000000E+03,0.0000000000000000E+00,0.7850000000000000E+03,-0.2465653412855700E-01,
0.7860000000000000E+03,0.4987489134475348E-01,0.7860000000000000E+03,0.0000000000000000E+00,0.7860000000000000E+03,-0.2465653412855700E-01,
0.7870000000000000E+03,0.4987489134475348E-01,0.7870000000000000E+03,0.0000000000000000E+00,0.7870000000000000E+03,-0.2465653412855700E-01,
0.7880000000000000E+03,0.4987489134475348E-01,0.7880000000000000E+03,0.0000000000000000E+00,0.7880000000000000E+03,-0.2465653412855700E-01,
0.7890000000000000E+03,0.4987489134475348E-01,0.7890000000000000E+03,0.0000000000000000E+00,0.7890000000000000E+03,-0.2465653412855700E-01,
0.7900000000000000E+03,0.4987489134475348E-01,0.7900000000000000E+03,0.0000000000000000E+00,0.7900000000000000E+03,-0.2465653412855700E-01,
0.7910000000000000E+03,0.4987489134475348E-01,0.7910000000000000E+03,0.0000000000000000E+00,0.7910000000000000E+03,-0.2465653412855700E-01,
0.7920000000000000E+03,0.4987489134475348E-01,0.7920000000000000E+03,0.0000000000000000E+00,0.7920000000000000E+03,-0.2465653412855700E-01,
0.7930000000000000E+03,0.4987489134475348E-01,0.7930000000000000E+03,0.0000000000000000E+00,0.7930000000000000E+03,-0.2465653412855700E-01,
0.7940000000000000E+03,0.4987489134475348E-01,0.7940000000000000E+03,0.0000000000000000E+00,0.7940000000000000E+03,-0.2465653412855700E-01,
0.7950000000000000E+03,0.4987489134475348E-01,0.7950000000000000E+03,0.0000000000000000E+00,0.7950000000000000E+03,-0.2465653412855700E-01,
0.7960000000000000E+03,0.4987489134475348E-01,0.7960000000000000E+03,0.0000000000000000E+00,0.7960000000000000E+03,-0.2465653412855700E-01,
0.7970000000000000E+03,0.4987489134475348E-01,0.7970000000000000E+03,0.0000000000000000E+00,0.7970000000000000E+03,-0.2465653412855700E-01,
0.7980000000000000E+03,0.4987489134475348E-01,0.7980000000000000E+03,0.0000000000000000E+00,0.7980000000000000E+03,-0.2465653412855700E-01,
0.7990000000000000E+03,0.4987489134475348E-01,0.7990000000000000E+03,0.0000000000000000E+00,0.7990000000000000E+03,-0.2465653412855700E-01,
0.8000000000000000E+03,0.4987489134475348E-01,0.8000000000000000E+03,0.0000000000000000E+00,0.8000000000000000E+03,-0.2465653412855700E-01,
0.8010000000000000E+03,0.4987489134475348E-01,0.8010000000000000E+03,0.0000000000000000E+00,0.8010000000000000E+03,-0.2465653412855700E-01,
0.8020000000000000E+03,0.4987489134475348E-01,0.8020000000000000E+03,0.0000000000000000E+00,0.8020000000000000E+03,-0.2465653412855700E-01,
0.8030000000000000E+03,0.4987489134475348E-01,0.8030000000000000E+03,0.0000000000000000E+00,0.8030000000000000E+03,-0.2465653412855700E-01,
0.8040000000000000E+03,0.4987489134475348E-01,0.8040000000000000E+03,0.0000000000000000E+00,0.8040000000000000E+03,-0.2465653412855700E-01,
0.8050000000000000E+03,0.4987489134475348E-01,0.8050000000000000E+03,0.0000000000000000E+00,0.8050000000000000E+03,-0.2465653412855700E-01,
0.8060000000000000E+03,0.4987489134475348E-01,0.8060000000000000E+03,0.0000000000000000E+00,0.8060000000000000E+03,-0.2465653412855700E-01,
0.8070000000000000E+03,0.4987489134475348E-01,0.8070000000000000E+03,0.0000000000000000E+00,0.8070000000000000E+03,-0.2465653412855700E-01,
0.8080000000000000E+03,0.4987489134475348E-01,0.8080000000000000E+03,0.0000000000000000E+00,0.8080000000000000E+03,-0.2465653412855700E-01,
0.8090000000000000E+03,0.4987489134475348E-01,0.8090000000000000E+03,0.0000000000000000E+00,0.8090000000000000E+03,-0.2465653412855700E-01,
0.8100000000000000E+03,0.4987489134475348E-01,0.8100000000000000E+03,0.0000000000000000E+00,0.8100000000000000E+03,-0.2465653412855700E-01,
0.8110000000000000E+03,0.4987489134475348E-01,0.8110000000000000E+03,0.0000000000000000E+00,0.8110000000000000E+03,-0.2465653412855700E-01,
0.8120000000000000E+03,0.4987489134475348E-01,0.8120000000000000E+03,0.0000000000000000E+00,0.8120000000000000E+03,-0.2465653412855700E-01,
0.8130000000000000E+03,0.4987489134475348E-01,0.8130000000000000E+03,0.0000000000000000E+00,0.8130000000000000E+03,-0.2465653412855700E-01,
0.8140000000000000E+03,0.4987489134475348E-01,0.8140000000000000E+03,0.0000000000000000E+00,0.8140000000000000E+03,-0.2465653412855700E-01,
0.8150000000000000E+03,0.4987489134475348E-01,0.8150000000000000E+03,0.0000000000000000E+00,0.8150000000000000E+03,-0.2465653412855700E-01,
0.8160000000000000E+03,0.4987489134475348E-01,0.8160000000000000E+03,0.0000000000000000E+00,0.8160000000000000E+03,-0.2465653412855700E-01,
0.8170000000000000E+03,0.4987489134475348E-01,0.8170000000000000E+03,0.0000000000000000E+00,0.8170000000000000E+03,-0.2465653412855700E-01,
0.8180000000000000E+03,0.4987489134475348E-01,0.8180000000000000E+03,0.0000000000000000E+00,0.8180000000000000E+03,-0.2465653412855700E-01,
0.8190000000000000E+03,0.4987489134475348E-01,0.8190000000000000E+03,0.0000000000000000E+00,0.8190000000000000E+03,-0.2465653412855700E-01,
0.8200000000000000E+03,0.4987489134475348E-01,0.8200000000000000E+03,0.0000000000000000E+00,0.8200000000000000E+03,-0.2465653412855700E-01,
0.8210000000000000E+03,0.4987489134475348E-01,0.8210000000000000E+03,0.0000000000000000E+00,0.8210000000000000E+03,-0.2465653412855700E-01,
0.8220000000000000E+03,0.4987489134475348E-01,0.8220000000000000E+03,0.0000000000000000E+00,0.8220000000000000E+03,-0.2465653412855700E-01,
0.8230000000000000E+03,0.4987489134475348E-01,0.8230000000000000E+03,0.0000000000000000E+00,0.8230000000000000E+03,-0.2465653412855700E-01,
0.8240000000000000E+03,0.4987489134475348E-01,0.8240000000000000E+03,0.0000000000000000E+00,0.8240000000000000E+03,-0.2465653412855700E-01,
0.8250000000000000E+03,0.4987489134475348E-01,0.8250000000000000E+03,0.0000000000000000E+00,0.8250000000000000E+03,-0.2465653412855700E-01,
0.8260000000000000E+03,0.4987489134475348E-01,0.8260000000000000E+03,0.0000000000000000E+00,0.8260000000000000E+03,-0.2465653412855700E-01,
0.8270000000000000E+03,0.4987489134475348E-01,0.8270000000000000E+03,0.0000000000000000E+00,0.8270000000000000E+03,-0.2465653412855700E-01,
0.8280000000000000E+03,0.4987489134475348E-01,0.8280000000000000E+03,0.0000000000000000E+00,0.8280000000000000E+03,-0.2465653412855700E-01,
0.8290000000000000E+03,0.4987489134475348E-01,0.8290000000000000E+03,0.0000000000000000E+00,0.8290000000000000E+03,-0.2465653412855700E-01,
0.8300000000000000E+03,0.4987489134475348E-01,0.8300000000000000E+03,0.0000000000000000E+00,0.8300000000000000E+03,-0.2465653412855700E-01,
0.8310000000000000E+03,0.4987489134475348E-01,0.8310000000000000E+03,0.0000000000000000E+00,0.8310000000000000E+03,-0.2465653412855700E-01,
0.8320000000000000E+03,0.4987489134475348E-01,0.8320000000000000E+03,0.0000000000000000E+00,0.8320000000000000E+03,-0.2465653412855700E-01,
0.8330000000000000E+03,0.4987489134475348E-01,0.8330000000000000E+03,0.0000000000000000E+00,0.8330000000000000E+03,-0.2465653412855700E-01,
0.8340000000000000E+03,0.4987489134475348E-01,0.8340000000000000E+03,0.0000000000000000E+00,0.8340000000000000E+03,-0.2465653412855700E-01,
0.8350000000000000E+03,0.4987489134475348E-01,0.8350000000000000E+03,0.0000000000000000E+00,0.8350000000000000E+03,-0.2465653412855700E-01,
0.8360000000000000E+03,0.4987489134475348E-01,0.8360000000000000E+03,0.0000000000000000E+00,0.8360000000000000E+03,-0.2465653412855700E-01,
0.8370000000000000E+03,0.4987489134475348E-01,0.8370000000000000E+03,0.0000000000000000E+00,0.8370000000000000E+03,-0.2465653412855700E-01,
0.8380000000000000E+03,0.4987489134475348E-01,0.8380000000000000E+03,0.0000000000000000E+00,0.8380000000000000E+03,-0.2465653412855700E-01,
0.8390000000000000E+03,0.4987489134475348E-01,0.8390000000000000E+03,0.0000000000000000E+00,0.8390000000000000E+03,-0.2465653412855700E-01,
0.8400000000000000E+03,0.4987489134475348E-01,0.8400000000000000E+03,0.0000000000000000E+00,0.8400000000000000E+03,-0.2465653412855700E-01,
0.8410000000000000E+03,0.4987489134475348E-01,0.8410000000000000E+03,0.0000000000000000E+00,0.8410000000000000E+03,-0.2465653412855700E-01,
0.8420000000000000E+03,0.4987489134475348E-01,0.8420000000000000E+03,0.0000000000000000E+00,0.8420000000000000E+03,-0.2465653412855700E-01,
0.8430000000000000E+03,0.4987489134475348E-01,0.8430000000000000E+03,0.0000000000000000E+00,0.8430000000000000E+03,-0.2465653412855700E-01,
0.8440000000000000E+03,0.4987489134475348E-01,0.8440000000000000E+03,0.0000000000000000E+00,0.8440000000000000E+03,-0.2465653412855700E-01,
0.8450000000000000E+03,0.4987489134475348E-01,0.8450000000000000E+03,0.0000000000000000E+00,0.8450000000000000E+03,-0.2465653412855700E-01,
0.8460000000000000E+03,0.4987489134475348E-01,0.8460000000000000E+03,0.0000000000000000E+00,0.8460000000000000E+03,-0.2465653412855700E-01,
0.8470000000000000E+03,0.4987489134475348E-01,0.8470000000000000E+03,0.0000000000000000E+00,0.8470000000000000E+03,-0.2465653412855700E-01,
0.8480000000000000E+03,0.4987489134475348E-01,0.8480000000000000E+03,0.0000000000000000E+00,0.8480000000000000E+03,-0.2465653412855700E-01,
0.8490000000000000E+03,0.4987489134475348E-01,0.8490000000000000E+03,0.0000000000000000E+00,0.8490000000000000E+03,-0.2465653412855700E-01,
0.8500000000000000E+03,0.4987489134475348E-01,0.8500000000000000E+03,0.0000000000000000E+00,0.8500000000000000E+03,-0.2465653412855700E-01,
0.8510000000000000E+03,0.4987489134475348E-01,0.8510000000000000E+03,0.0000000000000000E+00,0.8510000000000000E+03,-0.2465653412855700E-01,
0.8520000000000000E+03,0.4987489134475348E-01,0.8520000000000000E+03,0.0000000000000000E+00,0.8520000000000000E+03,-0.2465653412855700E-01,
0.8530000000000000E+03,0.4987489134475348E-01,0.8530000000000000E+03,0.0000000000000000E+00,0.8530000000000000E+03,-0.2465653412855700E-01,
0.8540000000000000E+03,0.4987489134475348E-01,0.8540000000000000E+03,0.0000000000000000E+00,0.8540000000000000E+03,-0.2465653412855700E-01,
0.8550000000000000E+03,0.4987489134475348E-01,0.8550000000000000E+03,0.0000000000000000E+00,0.8550000000000000E+03,-0.2465653412855700E-01,
0.8560000000000000E+03,0.4987489134475348E-01,0.8560000000000000E+03,0.0000000000000000E+00,0.8560000000000000E+03,-0.2465653412855700E-01,
0.8570000000000000E+03,0.4987489134475348E-01,0.8570000000000000E+03,0.0000000000000000E+00,0.8570000000000000E+03,-0.2465653412855700E-01,
0.8580000000000000E+03,0.4987489134475348E-01,0.8580000000000000E+03,0.0000000000000000E+00,0.8580000000000000E+03,-0.2465653412855700E-01,
0.8590000000000000E+03,0.4987489134475348E-01,0.8590000000000000E+03,0.0000000000000000E+00,0.8590000000000000E+03,-0.2465653412855700E-01,
0.8600000000000000E+03,0.4987489134475348E-01,0.8600000000000000E+03,0.0000000000000000E+00,0.8600000000000000E+03,-0.2465653412855700E-01,
0.8610000000000000E+03,0.4987489134475348E-01,0.8610000000000000E+03,0.0000000000000000E+00,0.8610000000000000E+03,-0.2465653412855700E-01,
0.8620000000000000E+03,0.4987489134475348E-01,0.8620000000000000E+03,0.0000000000000000E+00,0.8620000000000000E+03,-0.2465653412855700E-01,
0.8630000000000000E+03,0.4987489134475348E-01,0.8630000000000000E+03,0.0000000000000000E+00,0.8630000000000000E+03,-0.2465653412855700E-01,
0.8640000000000000E+03,0.4987489134475348E-01,0.8640000000000000E+03,0.0000000000000000E+00,0.8640000000000000E+03,-0.2465653412855700E-01,
0.8650000000000000E+03,0.4987489134475348E-01,0.8650000000000000E+03,0.0000000000000000E+00,0.8650000000000000E+03,-0.2465653412855700E-01,
0.8660000000000000E+03,0.4987489134475348E-01,0.8660000000000000E+03,0.0000000000000000E+00,0.8660000000000000E+03,-0.2465653412855700E-01,
0.8670000000000000E+03,0.4987489134475348E-01,0.8670000000000000E+03,0.0000000000000000E+00,0.8670000000000000E+03,-0.2465653412855700E-01,
0.8680000000000000E+03,0.4987489134475348E-01,0.8680000000000000E+03,0.0000000000000000E+00,0.8680000000000000E+03,-0.2465653412855700E-01,
0.8690000000000000E+03,0.4987489134475348E-01,0.8690000000000000E+03,0.0000000000000000E+00,0.8690000000000000E+03,-0.2465653412855700E-01,
0.8700000000000000E+03,0.4987489134475348E-01,0.8700000000000000E+03,0.0000000000000000E+00,0.8700000000000000E+03,-0.2465653412855700E-01,
0.8710000000000000E+03,0.4987489134475348E-01,0.8710000000000000E+03,0.0000000000000000E+00,0.8710000000000000E+03,-0.2465653412855700E-01,
0.8720000000000000E+03,0.4987489134475348E-01,0.8720000000000000E+03,0.0000000000000000E+00,0.8720000000000000E+03,-0.2465653412855700E-01,
0.8730000000000000E+03,0.4987489134475348E-01,0.8730000000000000E+03,0.0000000000000000E+00,0.8730000000000000E+03,-0.2465653412855700E-01,
0.8740000000000000E+03,0.4987489134475348E-01,0.8740000000000000E+03,0.0000000000000000E+00,0.8740000000000000E+03,-0.2465653412855700E-01,
0.8750000000000000E+03,0.4987489134475348E-01,0.8750000000000000E+03,0.0000000000000000E+00,0.8750000000000000E+03,-0.2465653412855700E-01,
0.8760000000000000E+03,0.4987489134475348E-01,0.8760000000000000E+03,0.0000000000000000E+00,0.8760000000000000E+03,-0.2465653412855700E-01,
0.8770000000000000E+03,0.4987489134475348E-01,0.8770000000000000E+03,0.0000000000000000E+00,0.8770000000000000E+03,-0.2465653412855700E-01,
0.8780000000000000E+03,0.4987489134475348E-01,0.8780000000000000E+03,0.0000000000000000E+00,0.8780000000000000E+03,-0.2465653412855700E-01,
0.8790000000000000E+03,0.4987489134475348E-01,0.8790000000000000E+03,0.0000000000000000E+00,0.8790000000000000E+03,-0.2465653412855700E-01,
0.8800000000000000E+03,0.4987489134475348E-01,0.8800000000000000E+03,0.0000000000000000E+00,0.8800000000000000E+03,-0.2465653412855700E-01,
0.8810000000000000E+03,0.4987489134475348E-01,0.8810000000000000E+03,0.0000000000000000E+00,0.8810000000000000E+03,-0.2465653412855700E-01,
0.8820000000000000E+03,0.4987489134475348E-01,0.8820000000000000E+03,0.0000000000000000E+00,0.8820000000000000E+03,-0.2465653412855700E-01,
0.8830000000000000E+03,0.4987489134475348E-01,0.8830000000000000E+03,0.0000000000000000E+00,0.8830000000000000E+03,-0.2465653412855700E-01,
0.8840000000000000E+03,0.4987489134475348E-01,0.8840000000000000E+03,0.0000000000000000E+00,0.8840000000000000E+03,-0.2465653412855700E-01,
0.8850000000000000E+03,0.4987489134475348E-01,0.8850000000000000E+03,0.0000000000000000E+00,0.8850000000000000E+03,-0.2465653412855700E-01,
0.8860000000000000E+03,0.4987489134475348E-01,0.8860000000000000E+03,0.0000000000000000E+00,0.8860000000000000E+03,-0.2465653412855700E-01,
0.8870000000000000E+03,0.4987489134475348E-01,0.8870000000000000E+03,0.0000000000000000E+00,0.8870000000000000E+03,-0.2465653412855700E-01,
0.8880000000000000E+03,0.4987489134475348E-01,0.8880000000000000E+03,0.0000000000000000E+00,0.8880000000000000E+03,-0.2465653412855700E-01,
0.8890000000000000E+03,0.4987489134475348E-01,0.8890000000000000E+03,0.0000000000000000E+00,0.8890000000000000E+03,-0.2465653412855700E-01,
0.8900000000000000E+03,0.4987489134475348E-01,0.8900000000000000E+03,0.0000000000000000E+00,0.8900000000000000E+03,-0.2465653412855700E-01,
0.8910000000000000E+03,0.4987489134475348E-01,0.8910000000000000E+03,0.0000000000000000E+00,0.8910000000000000E+03,-0.2465653412855700E-01,
0.8920000000000000E+03,0.4987489134475348E-01,0.8920000000000000E+03,0.0000000000000000E+00,0.8920000000000000E+03,-0.2465653412855700E-01,
0.8930000000000000E+03,0.4987489134475348E-01,0.8930000000000000E+03,0.0000000000000000E+00,0.8930000000000000E+03,-0.2465653412855700E-01,
0.8940000000000000E+03,0.4987489134475348E-01,0.8940000000000000E+03,0.0000000000000000E+00,0.8940000000000000E+03,-0.2465653412855700E-01,
0.8950000000000000E+03,0.4987489134475348E-01,0.8950000000000000E+03,0.0000000000000000E+00,0.8950000000000000E+03,-0.2465653412855700E-01,
0.8960000000000000E+03,0.4987489134475348E-01,0.8960000000000000E+03,0.0000000000000000E+00,0.8960000000000000E+03,-0.2465653412855700E-01,
0.8970000000000000E+03,0.4987489134475348E-01,0.8970000000000000E+03,0.0000000000000000E+00,0.8970000000000000E+03,-0.2465653412855700E-01,
0.8980000000000000E+03,0.4987489134475348E-01,0.8980000000000000E+03,0.0000000000000000E+00,0.8980000000000000E+03,-0.2465653412855700E-01,
0.8990000000000000E+03,0.4987489134475348E-01,0.8990000000000000E+03,0.0000000000000000E+00,0.8990000000000000E+03,-0.2465653412855700E-01,
0.9000000000000000E+03,0.4987489134475348E-01,0.9000000000000000E+03,0.0000000000000000E+00,0.9000000000000000E+03,-0.2465653412855700E-01,
0.9010000000000000E+03,0.4987489134475348E-01,0.9010000000000000E+03,0.0000000000000000E+00,0.9010000000000000E+03,-0.2465653412855700E-01,
0.9020000000000000E+03,0.4987489134475348E-01,0.9020000000000000E+03,0.0000000000000000E+00,0.9020000000000000E+03,-0.2465653412855700E-01,
0.9030000000000000E+03,0.4987489134475348E-01,0.9030000000000000E+03,0.0000000000000000E+00,0.9030000000000000E+03,-0.2465653412855700E-01,
0.9040000000000000E+03,0.4987489134475348E-01,0.9040000000000000E+03,0.0000000000000000E+00,0.9040000000000000E+03,-0.2465653412855700E-01,
0.9050000000000000E+03,0.4987489134475348E-01,0.9050000000000000E+03,0.0000000000000000E+00,0.9050000000000000E+03,-0.2465653412855700E-01,
0.9060000000000000E+03,0.4987489134475348E-01,0.9060000000000000E+03,0.0000000000000000E+00,0.9060000000000000E+03,-0.2465653412855700E-01,
0.9070000000000000E+03,0.4987489134475348E-01,0.9070000000000000E+03,0.0000000000000000E+00,0.9070000000000000E+03,-0.2465653412855700E-01,
0.9080000000000000E+03,0.4987489134475348E-01,0.9080000000000000E+03,0.0000000000000000E+00,0.9080000000000000E+03,-0.2465653412855700E-01,
0.9090000000000000E+03,0.4987489134475348E-01,0.9090000000000000E+03,0.0000000000000000E+00,0.9090000000000000E+03,-0.2465653412855700E-01,
0.9100000000000000E+03,0.4987489134475348E-01,0.9100000000000000E+03,0.0000000000000000E+00,0.9100000000000000E+03,-0.2465653412855700E-01,
0.9110000000000000E+03,0.4987489134475348E-01,0.9110000000000000E+03,0.0000000000000000E+00,0.9110000000000000E+03,-0.2465653412855700E-01,
0.9120000000000000E+03,0.4987489134475348E-01,0.9120000000000000E+03,0.0000000000000000E+00,0.9120000000000000E+03,-0.2465653412855700E-01,
0.9130000000000000E+03,0.4987489134475348E-01,0.9130000000000000E+03,0.0000000000000000E+00,0.9130000000000000E+03,-0.2465653412855700E-01,
0.9140000000000000E+03,0.4987489134475348E-01,0.9140000000000000E+03,0.0000000000000000E+00,0.9140000000000000E+03,-0.2465653412855700E-01,
0.9150000000000000E+03,0.4987489134475348E-01,0.9150000000000000E+03,0.0000000000000000E+00,0.9150000000000000E+03,-0.2465653412855700E-01,
0.9160000000000000E+03,0.4987489134475348E-01,0.9160000000000000E+03,0.0000000000000000E+00,0.9160000000000000E+03,-0.2465653412855700E-01,
0.9170000000000000E+03,0.4987489134475348E-01,0.9170000000000000E+03,0.0000000000000000E+00,0.9170000000000000E+03,-0.2465653412855700E-01,
0.9180000000000000E+03,0.4987489134475348E-01,0.9180000000000000E+03,0.0000000000000000E+00,0.9180000000000000E+03,-0.2465653412855700E-01,
0.9190000000000000E+03,0.4987489134475348E-01,0.9190000000000000E+03,0.0000000000000000E+00,0.9190000000000000E+03,-0.2465653412855700E-01,
0.9200000000000000E+03,0.4987489134475348E-01,0.9200000000000000E+03,0.0000000000000000E+00,0.9200000000000000E+03,-0.2465653412855700E-01,
0.9210000000000000E+03,0.4987489134475348E-01,0.9210000000000000E+03,0.0000000000000000E+00,0.9210000000000000E+03,-0.2465653412855700E-01,
0.9220000000000000E+03,0.4987489134475348E-01,0.9220000000000000E+03,0.0000000000000000E+00,0.9220000000000000E+03,-0.2465653412855700E-01,
0.9230000000000000E+03,0.4987489134475348E-01,0.9230000000000000E+03,0.0000000000000000E+00,0.9230000000000000E+03,-0.2465653412855700E-01,
0.9240000000000000E+03,0.4987489134475348E-01,0.9240000000000000E+03,0.0000000000000000E+00,0.9240000000000000E+03,-0.2465653412855700E-01,
0.9250000000000000E+03,0.4987489134475348E-01,0.9250000000000000E+03,0.0000000000000000E+00,0.9250000000000000E+03,-0.2465653412855700E-01,
0.9260000000000000E+03,0.4987489134475348E-01,0.9260000000000000E+03,0.0000000000000000E+00,0.9260000000000000E+03,-0.2465653412855700E-01,
0.9270000000000000E+03,0.4987489134475348E-01,0.9270000000000000E+03,0.0000000000000000E+00,0.9270000000000000E+03,-0.2465653412855700E-01,
0.9280000000000000E+03,0.4987489134475348E-01,0.9280000000000000E+03,0.0000000000000000E+00,0.9280000000000000E+03,-0.2465653412855700E-01,
0.9290000000000000E+03,0.4987489134475348E-01,0.9290000000000000E+03,0.0000000000000000E+00,0.9290000000000000E+03,-0.2465653412855700E-01,
0.9300000000000000E+03,0.4987489134475348E-01,0.9300000000000000E+03,0.0000000000000000E+00,0.9300000000000000E+03,-0.2465653412855700E-01,
0.9310000000000000E+03,0.4987489134475348E-01,0.9310000000000000E+03,0.0000000000000000E+00,0.9310000000000000E+03,-0.2465653412855700E-01,
0.9320000000000000E+03,0.4987489134475348E-01,0.9320000000000000E+03,0.0000000000000000E+00,0.9320000000000000E+03,-0.2465653412855700E-01,
0.9330000000000000E+03,0.4987489134475348E-01,0.9330000000000000E+03,0.0000000000000000E+00,0.9330000000000000E+03,-0.2465653412855700E-01,
0.9340000000000000E+03,0.4987489134475348E-01,0.9340000000000000E+03,0.0000000000000000E+00,0.9340000000000000E+03,-0.2465653412855700E-01,
0.9350000000000000E+03,0.4987489134475348E-01,0.9350000000000000E+03,0.0000000000000000E+00,0.9350000000000000E+03,-0.2465653412855700E-01,
0.9360000000000000E+03,0.4987489134475348E-01,0.9360000000000000E+03,0.0000000000000000E+00,0.9360000000000000E+03,-0.2465653412855700E-01,
0.9370000000000000E+03,0.4987489134475348E-01,0.9370000000000000E+03,0.0000000000000000E+00,0.9370000000000000E+03,-0.2465653412855700E-01,
0.9380000000000000E+03,0.4987489134475348E-01,0.9380000000000000E+03,0.0000000000000000E+00,0.9380000000000000E+03,-0.2465653412855700E-01,
0.9390000000000000E+03,0.4987489134475348E-01,0.9390000000000000E+03,0.0000000000000000E+00,0.9390000000000000E+03,-0.2465653412855700E-01,
0.9400000000000000E+03,0.4987489134475348E-01,0.9400000000000000E+03,0.0000000000000000E+00,0.9400000000000000E+03,-0.2465653412855700E-01,
0.9410000000000000E+03,0.4987489134475348E-01,0.9410000000000000E+03,0.0000000000000000E+00,0.9410000000000000E+03,-0.2465653412855700E-01,
0.9420000000000000E+03,0.4987489134475348E-01,0.9420000000000000E+03,0.0000000000000000E+00,0.9420000000000000E+03,-0.2465653412855700E-01,
0.9430000000000000E+03,0.4987489134475348E-01,0.9430000000000000E+03,0.0000000000000000E+00,0.9430000000000000E+03,-0.2465653412855700E-01,
0.9440000000000000E+03,0.4987489134475348E-01,0.9440000000000000E+03,0.0000000000000000E+00,0.9440000000000000E+03,-0.2465653412855700E-01,
0.9450000000000000E+03,0.4987489134475348E-01,0.9450000000000000E+03,0.0000000000000000E+00,0.9450000000000000E+03,-0.2465653412855700E-01,
0.9460000000000000E+03,0.4987489134475348E-01,0.9460000000000000E+03,0.0000000000000000E+00,0.9460000000000000E+03,-0.2465653412855700E-01,
0.9470000000000000E+03,0.4987489134475348E-01,0.9470000000000000E+03,0.0000000000000000E+00,0.9470000000000000E+03,-0.2465653412855700E-01,
0.9480000000000000E+03,0.4987489134475348E-01,0.9480000000000000E+03,0.0000000000000000E+00,0.9480000000000000E+03,-0.2465653412855700E-01,
0.9490000000000000E+03,0.4987489134475348E-01,0.9490000000000000E+03,0.0000000000000000E+00,0.9490000000000000E+03,-0.2465653412855700E-01,
0.9500000000000000E+03,0.4987489134475348E-01,0.9500000000000000E+03,0.0000000000000000E+00,0.9500000000000000E+03,-0.2465653412855700E-01,
0.9510000000000000E+03,0.4987489134475348E-01,0.9510000000000000E+03,0.0000000000000000E+00,0.9510000000000000E+03,-0.2465653412855700E-01,
0.9520000000000000E+03,0.4987489134475348E-01,0.9520000000000000E+03,0.0000000000000000E+00,0.9520000000000000E+03,-0.2465653412855700E-01,
0.9530000000000000E+03,0.4987489134475348E-01,0.9530000000000000E+03,0.0000000000000000E+00,0.9530000000000000E+03,-0.2465653412855700E-01,
0.9540000000000000E+03,0.4987489134475348E-01,0.9540000000000000E+03,0.0000000000000000E+00,0.9540000000000000E+03,-0.2465653412855700E-01,
0.9550000000000000E+03,0.4987489134475348E-01,0.9550000000000000E+03,0.0000000000000000E+00,0.9550000000000000E+03,-0.2465653412855700E-01,
0.9560000000000000E+03,0.4987489134475348E-01,0.9560000000000000E+03,0.0000000000000000E+00,0.9560000000000000E+03,-0.2465653412855700E-01,
0.9570000000000000E+03,0.4987489134475348E-01,0.9570000000000000E+03,0.0000000000000000E+00,0.9570000000000000E+03,-0.2465653412855700E-01,
0.9580000000000000E+03,0.4987489134475348E-01,0.9580000000000000E+03,0.0000000000000000E+00,0.9580000000000000E+03,-0.2465653412855700E-01,
0.9590000000000000E+03,0.4987489134475348E-01,0.9590000000000000E+03,0.0000000000000000E+00,0.9590000000000000E+03,-0.2465653412855700E-01,
0.9600000000000000E+03,0.4987489134475348E-01,0.9600000000000000E+03,0.0000000000000000E+00,0.9600000000000000E+03,-0.2465653412855700E-01,
0.9610000000000000E+03,0.4987489134475348E-01,0.9610000000000000E+03,0.0000000000000000E+00,0.9610000000000000E+03,-0.2465653412855700E-01,
0.9620000000000000E+03,0.4987489134475348E-01,0.9620000000000000E+03,0.0000000000000000E+00,0.9620000000000000E+03,-0.2465653412855700E-01,
0.9630000000000000E+03,0.4987489134475348E-01,0.9630000000000000E+03,0.0000000000000000E+00,0.9630000000000000E+03,-0.2465653412855700E-01,
0.9640000000000000E+03,0.4987489134475348E-01,0.9640000000000000E+03,0.0000000000000000E+00,0.9640000000000000E+03,-0.2465653412855700E-01,
0.9650000000000000E+03,0.4987489134475348E-01,0.9650000000000000E+03,0.0000000000000000E+00,0.9650000000000000E+03,-0.2465653412855700E-01,
0.9660000000000000E+03,0.4987489134475348E-01,0.9660000000000000E+03,0.0000000000000000E+00,0.9660000000000000E+03,-0.2465653412855700E-01,
0.9670000000000000E+03,0.4987489134475348E-01,0.9670000000000000E+03,0.0000000000000000E+00,0.9670000000000000E+03,-0.2465653412855700E-01,
0.9680000000000000E+03,0.4987489134475348E-01,0.9680000000000000E+03,0.0000000000000000E+00,0.9680000000000000E+03,-0.2465653412855700E-01,
0.9690000000000000E+03,0.4987489134475348E-01,0.9690000000000000E+03,0.0000000000000000E+00,0.9690000000000000E+03,-0.2465653412855700E-01,
0.9700000000000000E+03,0.4987489134475348E-01,0.9700000000000000E+03,0.0000000000000000E+00,0.9700000000000000E+03,-0.2465653412855700E-01,
0.9710000000000000E+03,0.4987489134475348E-01,0.9710000000000000E+03,0.0000000000000000E+00,0.9710000000000000E+03,-0.2465653412855700E-01,
0.9720000000000000E+03,0.4987489134475348E-01,0.9720000000000000E+03,0.0000000000000000E+00,0.9720000000000000E+03,-0.2465653412855700E-01,
0.9730000000000000E+03,0.4987489134475348E-01,0.9730000000000000E+03,0.0000000000000000E+00,0.9730000000000000E+03,-0.2465653412855700E-01,
0.9740000000000000E+03,0.4987489134475348E-01,0.9740000000000000E+03,0.0000000000000000E+00,0.9740000000000000E+03,-0.2465653412855700E-01,
0.9750000000000000E+03,0.4987489134475348E-01,0.9750000000000000E+03,0.0000000000000000E+00,0.9750000000000000E+03,-0.2465653412855700E-01,
0.9760000000000000E+03,0.4987489134475348E-01,0.9760000000000000E+03,0.0000000000000000E+00,0.9760000000000000E+03,-0.2465653412855700E-01,
0.9770000000000000E+03,0.4987489134475348E-01,0.9770000000000000E+03,0.0000000000000000E+00,0.9770000000000000E+03,-0.2465653412855700E-01,
0.9780000000000000E+03,0.4987489134475348E-01,0.9780000000000000E+03,0.0000000000000000E+00,0.9780000000000000E+03,-0.2465653412855700E-01,
0.9790000000000000E+03,0.4987489134475348E-01,0.9790000000000000E+03,0.0000000000000000E+00,0.9790000000000000E+03,-0.2465653412855700E-01,
0.9800000000000000E+03,0.4987489134475348E-01,0.9800000000000000E+03,0.0000000000000000E+00,0.9800000000000000E+03,-0.2465653412855700E-01,
0.9810000000000000E+03,0.4987489134475348E-01,0.9810000000000000E+03,0.0000000000000000E+00,0.9810000000000000E+03,-0.2465653412855700E-01,
0.9820000000000000E+03,0.4987489134475348E-01,0.9820000000000000E+03,0.0000000000000000E+00,0.9820000000000000E+03,-0.2465653412855700E-01,
0.9830000000000000E+03,0.4987489134475348E-01,0.9830000000000000E+03,0.0000000000000000E+00,0.9830000000000000E+03,-0.2465653412855700E-01,
0.9840000000000000E+03,0.4987489134475348E-01,0.9840000000000000E+03,0.0000000000000000E+00,0.9840000000000000E+03,-0.2465653412855700E-01,
0.9850000000000000E+03,0.4987489134475348E-01,0.9850000000000000E+03,0.0000000000000000E+00,0.9850000000000000E+03,-0.2465653412855700E-01,
0.9860000000000000E+03,0.4987489134475348E-01,0.9860000000000000E+03,0.0000000000000000E+00,0.9860000000000000E+03,-0.2465653412855700E-01,
0.9870000000000000E+03,0.4987489134475348E-01,0.9870000000000000E+03,0.0000000000000000E+00,0.9870000000000000E+03,-0.2465653412855700E-01,
0.9880000000000000E+03,0.4987489134475348E-01,0.9880000000000000E+03,0.0000000000000000E+00,0.9880000000000000E+03,-0.2465653412855700E-01,
0.9890000000000000E+03,0.4987489134475348E-01,0.9890000000000000E+03,0.0000000000000000E+00,0.9890000000000000E+03,-0.2465653412855700E-01,
0.9900000000000000E+03,0.4987489134475348E-01,0.9900000000000000E+03,0.0000000000000000E+00,0.9900000000000000E+03,-0.2465653412855700E-01,
0.9910000000000000E+03,0.4987489134475348E-01,0.9910000000000000E+03,0.0000000000000000E+00,0.9910000000000000E+03,-0.2465653412855700E-01,
0.9920000000000000E+03,0.4987489134475348E-01,0.9920000000000000E+03,0.0000000000000000E+00,0.9920000000000000E+03,-0.2465653412855700E-01,
0.9930000000000000E+03,0.4987489134475348E-01,0.9930000000000000E+03,0.0000000000000000E+00,0.9930000000000000E+03,-0.2465653412855700E-01,
0.9940000000000000E+03,0.4987489134475348E-01,0.9940000000000000E+03,0.0000000000000000E+00,0.9940000000000000E+03,-0.2465653412855700E-01,
0.9950000000000000E+03,0.4987489134475348E-01,0.9950000000000000E+03,0.0000000000000000E+00,0.9950000000000000E+03,-0.2465653412855700E-01,
0.9960000000000000E+03,0.4987489134475348E-01,0.9960000000000000E+03,0.0000000000000000E+00,0.9960000000000000E+03,-0.2465653412855700E-01,
0.9970000000000000E+03,0.4987489134475348E-01,0.9970000000000000E+03,0.0000000000000000E+00,0.9970000000000000E+03,-0.2465653412855700E-01,
0.9980000000000000E+03,0.4987489134475348E-01,0.9980000000000000E+03,0.0000000000000000E+00,0.9980000000000000E+03,-0.2465653412855700E-01,
0.9990000000000000E+03,0.4987489134475348E-01,0.9990000000000000E+03,0.0000000000000000E+00,0.9990000000000000E+03,-0.2465653412855700E-01,
0.1000000000000000E+04,0.4987489134475348E-01,0.1000000000000000E+04,0.0000000000000000E+00,0.1000000000000000E+04,-0.2465653412855700E-01,
0.1001000000000000E+04,0.4987489134475348E-01,0.1001000000000000E+04,0.0000000000000000E+00,0.1001000000000000E+04,-0.2465653412855700E-01,
0.1002000000000000E+04,0.4987489134475348E-01,0.1002000000000000E+04,0.0000000000000000E+00,0.1002000000000000E+04,-0.2465653412855700E-01,
0.1003000000000000E+04,0.4987489134475348E-01,0.1003000000000000E+04,0.0000000000000000E+00,0.1003000000000000E+04,-0.2465653412855700E-01,
0.1004000000000000E+04,0.4987489134475348E-01,0.1004000000000000E+04,0.0000000000000000E+00,0.1004000000000000E+04,-0.2465653412855700E-01,
0.1005000000000000E+04,0.4987489134475348E-01,0.1005000000000000E+04,0.0000000000000000E+00,0.1005000000000000E+04,-0.2465653412855700E-01,
0.1006000000000000E+04,0.4987489134475348E-01,0.1006000000000000E+04,0.0000000000000000E+00,0.1006000000000000E+04,-0.2465653412855700E-01,
0.1007000000000000E+04,0.4987489134475348E-01,0.1007000000000000E+04,0.0000000000000000E+00,0.1007000000000000E+04,-0.2465653412855700E-01,
0.1008000000000000E+04,0.4987489134475348E-01,0.1008000000000000E+04,0.0000000000000000E+00,0.1008000000000000E+04,-0.2465653412855700E-01,
0.1009000000000000E+04,0.4987489134475348E-01,0.1009000000000000E+04,0.0000000000000000E+00,0.1009000000000000E+04,-0.2465653412855700E-01,
0.1010000000000000E+04,0.4987489134475348E-01,0.1010000000000000E+04,0.0000000000000000E+00,0.1010000000000000E+04,-0.2465653412855700E-01,
0.1011000000000000E+04,0.4987489134475348E-01,0.1011000000000000E+04,0.0000000000000000E+00,0.1011000000000000E+04,-0.2465653412855700E-01,
0.1012000000000000E+04,0.4987489134475348E-01,0.1012000000000000E+04,0.0000000000000000E+00,0.1012000000000000E+04,-0.2465653412855700E-01,
0.1013000000000000E+04,0.4987489134475348E-01,0.1013000000000000E+04,0.0000000000000000E+00,0.1013000000000000E+04,-0.2465653412855700E-01,
0.1014000000000000E+04,0.4987489134475348E-01,0.1014000000000000E+04,0.0000000000000000E+00,0.1014000000000000E+04,-0.2465653412855700E-01,
0.1015000000000000E+04,0.4987489134475348E-01,0.1015000000000000E+04,0.0000000000000000E+00,0.1015000000000000E+04,-0.2465653412855700E-01,
0.1016000000000000E+04,0.4987489134475348E-01,0.1016000000000000E+04,0.0000000000000000E+00,0.1016000000000000E+04,-0.2465653412855700E-01,
0.1017000000000000E+04,0.4987489134475348E-01,0.1017000000000000E+04,0.0000000000000000E+00,0.1017000000000000E+04,-0.2465653412855700E-01,
0.1018000000000000E+04,0.4987489134475348E-01,0.1018000000000000E+04,0.0000000000000000E+00,0.1018000000000000E+04,-0.2465653412855700E-01,
0.1019000000000000E+04,0.4987489134475348E-01,0.1019000000000000E+04,0.0000000000000000E+00,0.1019000000000000E+04,-0.2465653412855700E-01,
0.1020000000000000E+04,0.4987489134475348E-01,0.1020000000000000E+04,0.0000000000000000E+00,0.1020000000000000E+04,-0.2465653412855700E-01,
0.1021000000000000E+04,0.4987489134475348E-01,0.1021000000000000E+04,0.0000000000000000E+00,0.1021000000000000E+04,-0.2465653412855700E-01,
0.1022000000000000E+04,0.4987489134475348E-01,0.1022000000000000E+04,0.0000000000000000E+00,0.1022000000000000E+04,-0.2465653412855700E-01,
0.1023000000000000E+04,0.4987489134475348E-01,0.1023000000000000E+04,0.0000000000000000E+00,0.1023000000000000E+04,-0.2465653412855700E-01,
0.1024000000000000E+04,0.4987489134475348E-01,0.1024000000000000E+04,0.0000000000000000E+00,0.1024000000000000E+04,-0.2465653412855700E-01,
0.1025000000000000E+04,0.4987489134475348E-01,0.1025000000000000E+04,0.0000000000000000E+00,0.1025000000000000E+04,-0.2465653412855700E-01,
0.1026000000000000E+04,0.4987489134475348E-01,0.1026000000000000E+04,0.0000000000000000E+00,0.1026000000000000E+04,-0.2465653412855700E-01,
0.1027000000000000E+04,0.4987489134475348E-01,0.1027000000000000E+04,0.0000000000000000E+00,0.1027000000000000E+04,-0.2465653412855700E-01,
0.1028000000000000E+04,0.4987489134475348E-01,0.1028000000000000E+04,0.0000000000000000E+00,0.1028000000000000E+04,-0.2465653412855700E-01,
0.1029000000000000E+04,0.4987489134475348E-01,0.1029000000000000E+04,0.0000000000000000E+00,0.1029000000000000E+04,-0.2465653412855700E-01,
0.1030000000000000E+04,0.4987489134475348E-01,0.1030000000000000E+04,0.0000000000000000E+00,0.1030000000000000E+04,-0.2465653412855700E-01,
0.1031000000000000E+04,0.4987489134475348E-01,0.1031000000000000E+04,0.0000000000000000E+00,0.1031000000000000E+04,-0.2465653412855700E-01,
0.1032000000000000E+04,0.4987489134475348E-01,0.1032000000000000E+04,0.0000000000000000E+00,0.1032000000000000E+04,-0.2465653412855700E-01,
0.1033000000000000E+04,0.4987489134475348E-01,0.1033000000000000E+04,0.0000000000000000E+00,0.1033000000000000E+04,-0.2465653412855700E-01,
0.1034000000000000E+04,0.4987489134475348E-01,0.1034000000000000E+04,0.0000000000000000E+00,0.1034000000000000E+04,-0.2465653412855700E-01,
0.1035000000000000E+04,0.4987489134475348E-01,0.1035000000000000E+04,0.0000000000000000E+00,0.1035000000000000E+04,-0.2465653412855700E-01,
0.1036000000000000E+04,0.4987489134475348E-01,0.1036000000000000E+04,0.0000000000000000E+00,0.1036000000000000E+04,-0.2465653412855700E-01,
0.1037000000000000E+04,0.4987489134475348E-01,0.1037000000000000E+04,0.0000000000000000E+00,0.1037000000000000E+04,-0.2465653412855700E-01,
0.1038000000000000E+04,0.4987489134475348E-01,0.1038000000000000E+04,0.0000000000000000E+00,0.1038000000000000E+04,-0.2465653412855700E-01,
0.1039000000000000E+04,0.4987489134475348E-01,0.1039000000000000E+04,0.0000000000000000E+00,0.1039000000000000E+04,-0.2465653412855700E-01,
0.1040000000000000E+04,0.4987489134475348E-01,0.1040000000000000E+04,0.0000000000000000E+00,0.1040000000000000E+04,-0.2465653412855700E-01,
0.1041000000000000E+04,0.4987489134475348E-01,0.1041000000000000E+04,0.0000000000000000E+00,0.1041000000000000E+04,-0.2465653412855700E-01,
0.1042000000000000E+04,0.4987489134475348E-01,0.1042000000000000E+04,0.0000000000000000E+00,0.1042000000000000E+04,-0.2465653412855700E-01,
0.1043000000000000E+04,0.4987489134475348E-01,0.1043000000000000E+04,0.0000000000000000E+00,0.1043000000000000E+04,-0.2465653412855700E-01,
0.1044000000000000E+04,0.4987489134475348E-01,0.1044000000000000E+04,0.0000000000000000E+00,0.1044000000000000E+04,-0.2465653412855700E-01,
0.1045000000000000E+04,0.4987489134475348E-01,0.1045000000000000E+04,0.0000000000000000E+00,0.1045000000000000E+04,-0.2465653412855700E-01,
0.1046000000000000E+04,0.4987489134475348E-01,0.1046000000000000E+04,0.0000000000000000E+00,0.1046000000000000E+04,-0.2465653412855700E-01,
0.1047000000000000E+04,0.4987489134475348E-01,0.1047000000000000E+04,0.0000000000000000E+00,0.1047000000000000E+04,-0.2465653412855700E-01,
0.1048000000000000E+04,0.4987489134475348E-01,0.1048000000000000E+04,0.0000000000000000E+00,0.1048000000000000E+04,-0.2465653412855700E-01,
0.1049000000000000E+04,0.4987489134475348E-01,0.1049000000000000E+04,0.0000000000000000E+00,0.1049000000000000E+04,-0.2465653412855700E-01,
0.1050000000000000E+04,0.4987489134475348E-01,0.1050000000000000E+04,0.0000000000000000E+00,0.1050000000000000E+04,-0.2465653412855700E-01,
0.1051000000000000E+04,0.4987489134475348E-01,0.1051000000000000E+04,0.0000000000000000E+00,0.1051000000000000E+04,-0.2465653412855700E-01,
0.1052000000000000E+04,0.4987489134475348E-01,0.1052000000000000E+04,0.0000000000000000E+00,0.1052000000000000E+04,-0.2465653412855700E-01,
0.1053000000000000E+04,0.4987489134475348E-01,0.1053000000000000E+04,0.0000000000000000E+00,0.1053000000000000E+04,-0.2465653412855700E-01,
0.1054000000000000E+04,0.4987489134475348E-01,0.1054000000000000E+04,0.0000000000000000E+00,0.1054000000000000E+04,-0.2465653412855700E-01,
0.1055000000000000E+04,0.4987489134475348E-01,0.1055000000000000E+04,0.0000000000000000E+00,0.1055000000000000E+04,-0.2465653412855700E-01,
0.1056000000000000E+04,0.4987489134475348E-01,0.1056000000000000E+04,0.0000000000000000E+00,0.1056000000000000E+04,-0.2465653412855700E-01,
0.1057000000000000E+04,0.4987489134475348E-01,0.1057000000000000E+04,0.0000000000000000E+00,0.1057000000000000E+04,-0.2465653412855700E-01,
0.1058000000000000E+04,0.4987489134475348E-01,0.1058000000000000E+04,0.0000000000000000E+00,0.1058000000000000E+04,-0.2465653412855700E-01,
0.1059000000000000E+04,0.4987489134475348E-01,0.1059000000000000E+04,0.0000000000000000E+00,0.1059000000000000E+04,-0.2465653412855700E-01,
0.1060000000000000E+04,0.4987489134475348E-01,0.1060000000000000E+04,0.0000000000000000E+00,0.1060000000000000E+04,-0.2465653412855700E-01,
0.1061000000000000E+04,0.4987489134475348E-01,0.1061000000000000E+04,0.0000000000000000E+00,0.1061000000000000E+04,-0.2465653412855700E-01,
0.1062000000000000E+04,0.4987489134475348E-01,0.1062000000000000E+04,0.0000000000000000E+00,0.1062000000000000E+04,-0.2465653412855700E-01,
0.1063000000000000E+04,0.4987489134475348E-01,0.1063000000000000E+04,0.0000000000000000E+00,0.1063000000000000E+04,-0.2465653412855700E-01,
0.1064000000000000E+04,0.4987489134475348E-01,0.1064000000000000E+04,0.0000000000000000E+00,0.1064000000000000E+04,-0.2465653412855700E-01,
0.1065000000000000E+04,0.4987489134475348E-01,0.1065000000000000E+04,0.0000000000000000E+00,0.1065000000000000E+04,-0.2465653412855700E-01,
0.1066000000000000E+04,0.4987489134475348E-01,0.1066000000000000E+04,0.0000000000000000E+00,0.1066000000000000E+04,-0.2465653412855700E-01,
0.1067000000000000E+04,0.4987489134475348E-01,0.1067000000000000E+04,0.0000000000000000E+00,0.1067000000000000E+04,-0.2465653412855700E-01,
0.1068000000000000E+04,0.4987489134475348E-01,0.1068000000000000E+04,0.0000000000000000E+00,0.1068000000000000E+04,-0.2465653412855700E-01,
0.1069000000000000E+04,0.4987489134475348E-01,0.1069000000000000E+04,0.0000000000000000E+00,0.1069000000000000E+04,-0.2465653412855700E-01,
0.1070000000000000E+04,0.4987489134475348E-01,0.1070000000000000E+04,0.0000000000000000E+00,0.1070000000000000E+04,-0.2465653412855700E-01,
0.1071000000000000E+04,0.4987489134475348E-01,0.1071000000000000E+04,0.0000000000000000E+00,0.1071000000000000E+04,-0.2465653412855700E-01,
     ----------------------------------------------------------------------------------------------------
     Force Units: Coefficients
     Moment Units: Coefficients
     Software : Flightstream
     Company  : Altair
     Date: 4/17/2026, Time: 1335 hours (local)
