SolidWorks IGES file using analytic representation for surfaces         S      1
1H,,1H;,35HThisIsTheFinalOneGuysMirroed.SLDPRT,72HI:\Senior Design 2\AirG      1
craftDesignGroup6\ThisIsTheFinalOneGuysMirroed.IGS,15HSolidWorks 2025,  G      2
15HSolidWorks 2025,32,308,15,308,15,35HThisIsTheFinalOneGuysMirroed.SLDPG      3
RT,1.,1,2HIN,50,0.125,13H260417.121333,1E-08,19684.6456692913,7Hkco0017,G      4
,11,0,13H260417.121333;                                                 G      5
     126       1       0       0       0                        00000000D      1
     126       0       0      46       0                               0D      2
     126      47       0       0       0                        00000000D      3
     126       0       0      52       0                               0D      4
     314      99       0       0       0                        00000200D      5
     314       0       8       1       0                               0D      6
     128     100       0       0       0                        01010000D      7
     128       0       0      85       0                               0D      8
     126     185       0       0       0                        01010500D      9
     126       0       0       2       0                               0D     10
     126     187       0       0       0                        01010000D     11
     126       0       0      32       0                               0D     12
     126     219       0       0       0                        01010500D     13
     126       0       0       2       0                               0D     14
     126     221       0       0       0                        01010000D     15
     126       0       0       2       0                               0D     16
     126     223       0       0       0                        01010500D     17
     126       0       0       2       0                               0D     18
     126     225       0       0       0                        01010000D     19
     126       0       0      28       0                               0D     20
     126     253       0       0       0                        01010500D     21
     126       0       0       2       0                               0D     22
     126     255       0       0       0                        01010000D     23
     126       0       0       2       0                               0D     24
     102     257       0       0       0                        01010500D     25
     102       0       0       1       0                               0D     26
     102     258       0       0       0                        01010000D     27
     102       0       0       1       0                               0D     28
     142     259       0       0       0                        00010500D     29
     142       0       0       1       0                               0D     30
     144     260       0       0       0                        00000000D     31
     144       0      -5       1       0                               0D     32
     128     261       0       0       0                        01010000D     33
     128       0       0       4       0                               0D     34
     126     265       0       0       0                        01010500D     35
     126       0       0     162       0                               0D     36
     126     427       0       0       0                        01010000D     37
     126       0       0      28       0                               0D     38
     126     455       0       0       0                        01010500D     39
     126       0       0     190       0                               0D     40
     126     645       0       0       0                        01010000D     41
     126       0       0      28       0                               0D     42
     102     673       0       0       0                        01010500D     43
     102       0       0       1       0                               0D     44
     102     674       0       0       0                        01010000D     45
     102       0       0       1       0                               0D     46
     142     675       0       0       0                        00010500D     47
     142       0       0       1       0                               0D     48
     144     676       0       0       0                        00000000D     49
     144       0      -5       1       0                               0D     50
     128     677       0       0       0                        01010000D     51
     128       0       0       4       0                               0D     52
     126     681       0       0       0                        01010500D     53
     126       0       0     139       0                               0D     54
     126     820       0       0       0                        01010000D     55
     126       0       0      32       0                               0D     56
     126     852       0       0       0                        01010500D     57
     126       0       0     123       0                               0D     58
     126     975       0       0       0                        01010000D     59
     126       0       0      31       0                               0D     60
     102    1006       0       0       0                        01010500D     61
     102       0       0       1       0                               0D     62
     102    1007       0       0       0                        01010000D     63
     102       0       0       1       0                               0D     64
     142    1008       0       0       0                        00010500D     65
     142       0       0       1       0                               0D     66
     144    1009       0       0       0                        00000000D     67
     144       0      -5       1       0                               0D     68
     128    1010       0       0       0                        01010000D     69
     128       0       0      83       0                               0D     70
     126    1093       0       0       0                        01010500D     71
     126       0       0       2       0                               0D     72
     126    1095       0       0       0                        01010000D     73
     126       0       0       2       0                               0D     74
     126    1097       0       0       0                        01010500D     75
     126       0       0       2       0                               0D     76
     126    1099       0       0       0                        01010000D     77
     126       0       0      31       0                               0D     78
     126    1130       0       0       0                        01010500D     79
     126       0       0       2       0                               0D     80
     126    1132       0       0       0                        01010000D     81
     126       0       0       2       0                               0D     82
     126    1134       0       0       0                        01010500D     83
     126       0       0       2       0                               0D     84
     126    1136       0       0       0                        01010000D     85
     126       0       0      28       0                               0D     86
     102    1164       0       0       0                        01010500D     87
     102       0       0       1       0                               0D     88
     102    1165       0       0       0                        01010000D     89
     102       0       0       1       0                               0D     90
     142    1166       0       0       0                        00010500D     91
     142       0       0       1       0                               0D     92
     144    1167       0       0       0                        00000000D     93
     144       0      -5       1       0                               0D     94
126,52,3,1,0,1,0,0.,0.,0.,0.,0.0249563216438452,                       1P      1
0.0499048911093339,0.0748697174485318,0.0998339759735948,              1P      2
0.124804651794424,0.149775975466089,0.17473807802202,                  1P      3
0.199694365081523,0.224644779849108,0.249585991084216,                 1P      4
0.274519879090468,0.299450900512802,0.324382082920327,                 1P      5
0.349320412879847,0.374267429508116,0.399236795566711,                 1P      6
0.424224779613456,0.449261788021346,0.461813939794314,                 1P      7
0.474399166054982,0.487067083801195,0.493486614265045,                 1P      8
0.496129330417317,0.497491232567908,0.501025389838791,                 1P      9
0.504501623345962,0.505834490100924,0.50842332671288,                  1P     10
0.514754852870914,0.527287060327391,0.539769148741578,                 1P     11
0.552224474644191,0.577107285743186,0.601968705923853,                 1P     12
0.626809027310946,0.651645839739299,0.676476126974173,                 1P     13
0.701306648462811,0.72614179351435,0.750988443635524,                  1P     14
0.775846921158433,0.800716114484763,0.825599827674277,                 1P     15
0.850496417313331,0.875397726516232,0.900311499999499,                 1P     16
0.925233659143162,0.950150864559558,0.975072690194303,1.,1.,1.,        1P     17
1.,1.,1.,1.,1.,1.,1.,1.,1.,1.,1.,1.,1.,1.,1.,1.,1.,1.,1.,1.,1.,        1P     18
1.,1.,1.,1.,1.,1.,1.,1.,1.,1.,1.,1.,1.,1.,1.,1.,1.,1.,1.,1.,1.,        1P     19
1.,1.,1.,1.,1.,1.,1.,1.,1.,1.,1.,1.,313.902,0.,0.,313.91515026,        1P     20
0.136564573,0.,295.8012569,1.657855721,0.,283.206384054,               1P     21
2.900304713,0.,266.705836086,4.446978557,0.,251.243092528,             1P     22
5.868267873,0.,235.494031601,7.262929634,0.,219.810261078,             1P     23
8.530371628,0.,204.101117872,9.692589606,0.,188.391454362,             1P     24
10.70754743,0.,172.674555979,11.550204204,0.,156.95389724,             1P     25
12.212075281,0.,141.229164216,12.639743622,0.,125.501064191,           1P     26
12.828982027,0.,109.772395893,12.623831294,0.,94.044981228,            1P     27
12.219095424,0.,78.317769981,11.556671045,0.,62.59431259,              1P     28
10.616952419,0.,46.871525897,9.387028727,0.,33.780811939,              1P     29
8.035155122,0.,23.317229028,6.669378995,0.,15.463732963,               1P     30
5.451793746,0.,8.919619175,4.136395286,0.,4.50892095,                  1P     31
3.014334955,0.,2.434852462,2.194356814,0.,1.063949273,                 1P     32
1.561156663,0.,-0.859807006,-0.076028529,0.,1.311743365,               1P     33
-1.298467521,0.,2.732624616,-1.719786513,0.,4.866289171,               1P     34
-2.22649123,0.,9.31784222,-2.805162956,0.,15.892108245,                1P     35
-3.448893173,0.,23.748681469,-3.992757887,0.,34.209343671,             1P     36
-4.588236982,0.,47.277457621,-5.12690605,0.,62.954284911,              1P     37
-5.597119646,0.,78.625066214,-5.914245872,0.,94.291516086,             1P     38
-6.097354633,0.,109.956708408,-6.140281824,0.,125.621987252,           1P     39
-6.086878881,0.,141.287261709,-5.748909301,0.,156.954259187,           1P     40
-5.270377866,0.,172.623770037,-4.659458726,0.,188.297883703,           1P     41
-3.965399142,0.,203.975689648,-3.208716637,0.,219.663450573,           1P     42
-2.409397434,0.,235.337981403,-1.617673882,0.,251.093881249,           1P     43
-0.85610274,0.,266.577946047,-0.155480421,0.,283.113187339,            1P     44
0.272485718,0.,295.76373959,0.836173023,0.,313.888865027,              1P     45
-0.136405816,0.,313.902,0.,0.,0.,1.,0.,0.,-1.;                         1P     46
126,52,3,1,0,1,0,0.,0.,0.,0.,0.0249563229354852,                       3P     47
0.0499048925109715,0.0748697180953834,0.0998339766889383,              3P     48
0.124804650888372,0.149775977248968,0.174738078473658,                 3P     49
0.199694366885427,0.224644780024467,0.249585991017604,                 3P     50
0.274519880276674,0.299450898817867,0.324382082083749,                 3P     51
0.349320414454885,0.374267426855883,0.399236794042932,                 3P     52
0.424224780706047,0.449261789248352,0.461813942195485,                 3P     53
0.474399165901735,0.487067086048325,0.493486616323249,                 3P     54
0.496129329689899,0.497491231722996,0.501025389853601,                 3P     55
0.504501622592063,0.505834490296906,0.508423329190248,                 3P     56
0.514754855011337,0.527287059842358,0.539769150993382,                 3P     57
0.552224475682113,0.577107286739591,0.601968704445382,                 3P     58
0.626809024722456,0.65164584130129,0.676476126104316,                  3P     59
0.701306646757171,0.726141794661069,0.750988443570079,                 3P     60
0.775846921329097,0.800716116034225,0.825599828146557,                 3P     61
0.850496419032737,0.875397725704265,0.900311500507441,                 3P     62
0.925233659488561,0.950150866114027,0.975072691626785,1.,1.,1.,        3P     63
1.,1.,1.,1.,1.,1.,1.,1.,1.,1.,1.,1.,1.,1.,1.,1.,1.,1.,1.,1.,1.,        3P     64
1.,1.,1.,1.,1.,1.,1.,1.,1.,1.,1.,1.,1.,1.,1.,1.,1.,1.,1.,1.,1.,        3P     65
1.,1.,1.,1.,1.,1.,1.,1.,1.,1.,1.,1.,268.066,0.,255.1356,               3P     66
268.069945378,0.040971576,255.1356,262.635465443,0.497384927,          3P     67
255.1356,258.856786877,0.870140498,255.1356,253.906338813,             3P     68
1.33417082,255.1356,249.267249871,1.760581893,255.1356,                3P     69
244.542260496,2.17900329,255.1356,239.836859601,2.559258291,           3P     70
255.1356,235.123846217,2.907943549,255.1356,230.410677069,             3P     71
3.212449195,255.1356,225.695337158,3.465259857,255.1356,               3P     72
220.978869117,3.663831847,255.1356,216.261178863,3.792141451,          3P     73
255.1356,211.542478315,3.848915056,255.1356,206.823607233,             3P     74
3.787366225,255.1356,202.105112335,3.66593862,255.1356,                3P     75
197.386678431,3.467200375,255.1356,192.669370761,3.185268543,          3P     76
255.1356,187.952264029,2.816270181,255.1356,184.024824496,             3P     77
2.410684029,255.1356,180.885569608,2.000928304,255.1356,               3P     78
178.529385719,1.635631319,255.1356,176.566038835,1.240989833,          3P     79
255.1356,175.242753643,0.904352346,255.1356,174.620497319,             3P     80
0.658345459,255.1356,174.209203454,0.46837344,255.1356,                3P     81
173.632043044,-0.022809496,255.1356,174.283545415,-0.389562858,        3P     82
255.1356,174.709834515,-0.515965365,255.1356,175.349970813,            3P     83
-0.667985323,255.1356,176.68551329,-0.841596561,255.1356,              3P     84
178.657906129,-1.034727161,255.1356,181.015013166,-1.197896187,        3P     85
255.1356,184.15339184,-1.37655077,255.1356,188.074050652,              3P     86
-1.538159553,255.1356,192.777368268,-1.679232426,255.1356,             3P     87
197.478872277,-1.774375893,255.1356,202.179076785,-1.82931156,         3P     88
255.1356,206.878904023,-1.842190517,255.1356,211.578757136,            3P     89
-1.826168214,255.1356,216.278609003,-1.724771404,255.1356,             3P     90
220.978977916,-1.581204786,255.1356,225.680100715,-1.397917471,        3P     91
255.1356,230.382604541,-1.189688872,255.1356,235.086216056,            3P     92
-0.962669638,255.1356,239.792814124,-0.722861461,255.1356,             3P     93
244.495442986,-0.48533005,255.1356,249.222483897,-0.256845564,         3P     94
255.1356,253.867969878,-0.046647278,255.1356,258.828826781,            3P     95
0.081749675,255.1356,262.624210081,0.250866805,255.1356,               3P     96
268.062059209,-0.040923941,255.1356,268.066,0.,255.1356,0.,1.,         3P     97
0.,0.,-1.;                                                             3P     98
314,79.2156862745098,81.9607843137255,93.3333333333333,;               5P     99
128,53,1,3,1,0,0,1,0,0,0.,0.,0.,0.,0.00148631867380572,                7P    100
0.00177357361120556,0.00496255218097758,0.00524980634966687,           7P    101
0.00629541893593938,0.00658267405451052,0.00888425554789524,           7P    102
0.00917151294785179,0.0152157817059288,0.0155030387689409,             7P    103
0.0277479891624065,0.0280352435999625,0.0402300775765931,              7P    104
0.0405173347509866,0.052685403479206,0.0529726594397174,               7P    105
0.0775682145782012,0.0778554704971953,0.102429634758868,               7P    106
0.102716888202986,0.127269956145961,0.12755720848006,                  7P    107
0.152106768574315,0.152394025058894,0.176937055809189,                 7P    108
0.177224309861921,0.201767577297826,0.202054830514775,                 7P    109
0.226602722349365,0.226889978418673,0.251449372470539,                 7P    110
0.251736627327683,0.276307849993449,0.276595105086701,                 7P    111
0.301177043319779,0.301464299791829,0.326060756509293,                 7P    112
0.326348011904161,0.350957346148346,0.351244602790342,                 7P    113
0.375858655351248,0.376145909461869,0.400772428834514,                 7P    114
0.401059684265046,0.425694587978177,0.425981843246166,                 7P    115
0.450611793394573,0.450899049871631,0.475533619029318,                 7P    116
0.475820875384389,0.500000000000671,0.500000000000671,                 7P    117
0.500000000000671,0.500000000000671,0.,0.,1.,1.,1.,1.,1.,1.,1.,        7P    118
1.,1.,1.,1.,1.,1.,1.,1.,1.,1.,1.,1.,1.,1.,1.,1.,1.,1.,1.,1.,1.,        7P    119
1.,1.,1.,1.,1.,1.,1.,1.,1.,1.,1.,1.,1.,1.,1.,1.,1.,1.,1.,1.,1.,        7P    120
1.,1.,1.,1.,1.,1.,1.,1.,1.,1.,1.,1.,1.,1.,1.,1.,1.,1.,1.,1.,1.,        7P    121
1.,1.,1.,1.,1.,1.,1.,1.,1.,1.,1.,1.,1.,1.,1.,1.,1.,1.,1.,1.,1.,        7P    122
1.,1.,1.,1.,1.,1.,1.,1.,1.,1.,1.,1.,1.,1.,1.,1.,1.,1.,1.,              7P    123
174.022591953,0.278395766,-255.1356,173.951354263,0.202975158,         7P    124
-255.1356,173.890004326,0.106690764,-255.1356,173.885826703,           7P    125
-0.150641509,-255.1356,174.157034504,-0.318345463,-255.1356,           7P    126
174.448770092,-0.436541765,-255.1356,174.544106267,                    7P    127
-0.466823911,-255.1356,174.758193931,-0.526733114,-255.1356,           7P    128
174.936742749,-0.56985167,-255.1356,175.475336044,-0.682851602,        7P    129
-255.1356,175.887430065,-0.73785129,-255.1356,177.047895928,           7P    130
-0.876690122,-255.1356,177.854412574,-0.95605156,-255.1356,            7P    131
179.41012811,-1.086534433,-255.1356,180.213413661,-1.142406042,        7P    132
-255.1356,181.765132682,-1.240483748,-255.1356,182.56782697,           7P    133
-1.286291289,-255.1356,184.902289323,-1.40722859,-255.1356,            7P    134
186.488840415,-1.4728175,-255.1356,189.606941228,-1.584034825,         7P    135
-255.1356,191.192818094,-1.631704901,-255.1356,194.309262363,          7P    136
-1.710143725,-255.1356,195.894176794,-1.742306704,-255.1356,           7P    137
199.009650961,-1.792189192,-255.1356,200.594569119,                    7P    138
-1.810791944,-255.1356,203.709711974,-1.833423969,-255.1356,           7P    139
205.294300401,-1.837848221,-255.1356,208.409169836,                    7P    140
-1.836917312,-255.1356,209.993817421,-1.831571443,-255.1356,           7P    141
213.108698949,-1.79299401,-255.1356,214.693292182,-1.758973773,        7P    142
-255.1356,217.808436514,-1.677962611,-255.1356,219.393335516,          7P    143
-1.629636158,-255.1356,222.509077035,-1.52147192,-255.1356,            7P    144
224.09425243,-1.459746503,-255.1356,227.210635308,-1.330096354,        7P    145
-255.1356,228.79616332,-1.259937073,-255.1356,231.913392629,           7P    146
-1.115769076,-255.1356,233.499399895,-1.039257126,-255.1356,           7P    147
236.618236785,-0.884586301,-255.1356,238.205375878,                    7P    148
-0.803743802,-255.1356,241.323724361,-0.645538694,-255.1356,           7P    149
242.909197059,-0.56545188,-255.1356,246.034128094,-0.410976633,        7P    150
-255.1356,247.62801864,-0.333915042,-255.1356,250.734871375,           7P    151
-0.188441649,-255.1356,252.301654754,-0.117519681,-255.1356,           7P    152
255.484195264,-0.004990943,-255.1356,257.156051822,0.038454895,        7P    153
-255.1356,260.062275726,0.136890554,-255.1356,261.344236536,           7P    154
0.193832921,-255.1356,265.251955403,0.107977168,-255.1356,             7P    155
267.899481202,-0.032256121,-255.1356,268.058399821,-0.00318779,        7P    156
-255.1356,0.312215918,0.780410769,0.,0.103077079,0.523267728,          7P    157
0.,-0.050558592,0.201850656,0.,0.134815186,-0.635934929,0.,            7P    158
1.099027126,-1.167219698,0.,2.034575847,-1.512801444,0.,               7P    159
2.347646336,-1.604175005,0.,3.069766841,-1.799851374,0.,               7P    160
3.668218234,-1.93990643,0.,5.463098082,-2.304072344,0.,                7P    161
6.83676468,-2.481961617,0.,10.70602217,-2.94108891,0.,                 7P    162
13.394683493,-3.20346799,0.,18.58007349,-3.63496532,0.,                7P    163
21.257573037,-3.819933155,0.,26.429837759,-4.145384221,0.,             7P    164
29.10538742,-4.297367911,0.,36.886557454,-4.698592024,0.,              7P    165
42.174796186,-4.916230836,0.,52.567920316,-5.285589146,0.,             7P    166
57.853893426,-5.443839416,0.,68.241473128,-5.704115335,0.,             7P    167
73.524229677,-5.810760163,0.,83.908565073,-5.975999169,0.,             7P    168
89.191328553,-6.037470477,0.,99.574548824,-6.111831682,0.,             7P    169
104.8562098,-6.126117099,0.,115.238515918,-6.12227614,0.,              7P    170
120.520365796,-6.103715498,0.,130.902682473,-5.97295082,0.,            7P    171
136.184342244,-5.858728113,0.,146.567529419,-5.587629255,0.,           7P    172
151.850205985,-5.42601792,0.,162.235379976,-5.064478792,0.,            7P    173
167.518979779,-4.858321556,0.,177.906302673,-4.425544867,0.,           7P    174
183.191078346,-4.19141016,0.,193.581213913,-3.710401501,0.,            7P    175
198.867599586,-3.455174399,0.,209.263151001,-2.939311117,0.,           7P    176
214.553279465,-2.669783161,0.,224.947028931,-2.14252288,0.,            7P    177
230.231744635,-1.875657466,0.,240.64816507,-1.361002877,0.,            7P    178
245.960441964,-1.104323598,0.,256.313921168,-0.619906591,0.,           7P    179
261.537737735,-0.384161901,0.,272.153616378,-0.011170576,0.,           7P    180
277.72064123,0.133374565,0.,287.377811747,0.4625102,0.,                7P    181
291.671457705,0.648640056,0.,304.80644855,0.347162684,0.,              7P    182
313.558469647,-0.117224954,0.,313.892060505,-0.006934095,0.,0.,        7P    183
0.500000000000671,0.,1.;                                               7P    184
126,1,1,1,0,1,0,0.,0.,1.,1.,1.,1.,0.,0.,0.,0.5,0.,0.,0.,1.,0.,         9P    185
0.,1.;                                                                 9P    186
126,28,3,1,0,1,0,0.4992518162424,0.4992518162424,                     11P    187
0.4992518162424,0.4992518162424,0.501025389853601,                    11P    188
0.504501622592063,0.505834490296906,0.508423329190248,                11P    189
0.514754855011337,0.527287059842358,0.539769150993382,                11P    190
0.552224475682113,0.577107286739591,0.601968704445382,                11P    191
0.626809024722456,0.65164584130129,0.676476126104316,                 11P    192
0.701306646757171,0.726141794661069,0.750988443570079,                11P    193
0.775846921329097,0.800716116034225,0.825599828146557,                11P    194
0.850496419032737,0.875397725704265,0.900311500507441,                11P    195
0.925233659488561,0.950150866114027,0.975072691626785,                11P    196
0.999251816241805,0.999251816241805,0.999251816241805,                11P    197
0.999251816241805,1.,1.,1.,1.,1.,1.,1.,1.,1.,1.,1.,1.,1.,1.,1.,       11P    198
1.,1.,1.,1.,1.,1.,1.,1.,1.,1.,1.,1.,1.,1.,174.022591953,              11P    199
0.278395766,-255.1356,173.937586436,0.188398915,-255.1356,            11P    200
173.769522301,-0.100201355,-255.1356,174.283545415,                   11P    201
-0.389562858,-255.1356,174.709834515,-0.515965365,-255.1356,          11P    202
175.349970813,-0.667985323,-255.1356,176.68551329,-0.841596561,       11P    203
-255.1356,178.657906129,-1.034727161,-255.1356,181.015013166,         11P    204
-1.197896187,-255.1356,184.15339184,-1.37655077,-255.1356,            11P    205
188.074050652,-1.538159553,-255.1356,192.777368268,                   11P    206
-1.679232426,-255.1356,197.478872277,-1.774375893,-255.1356,          11P    207
202.179076785,-1.82931156,-255.1356,206.878904023,-1.842190517,       11P    208
-255.1356,211.578757136,-1.826168214,-255.1356,216.278609003,         11P    209
-1.724771404,-255.1356,220.978977916,-1.581204786,-255.1356,          11P    210
225.680100715,-1.397917471,-255.1356,230.382604541,                   11P    211
-1.189688872,-255.1356,235.086216056,-0.962669638,-255.1356,          11P    212
239.792814124,-0.722861461,-255.1356,244.495442986,-0.48533005,       11P    213
-255.1356,249.222483897,-0.256845564,-255.1356,253.867969878,         11P    214
-0.046647278,-255.1356,258.828826781,0.081749675,-255.1356,           11P    215
262.586229833,0.249174457,-255.1356,267.899481201,-0.032256121,       11P    216
-255.1356,268.058399821,-0.00318779,-255.1356,0.4992518162424,        11P    217
0.999251816241805,0.,0.,-1.;                                          11P    218
126,1,1,1,0,1,0,0.,0.,1.,1.,1.,1.,0.5,0.,0.,0.5,1.,0.,0.,1.,0.,       13P    219
0.,1.;                                                                13P    220
126,1,1,1,0,1,0,0.,0.,1.,1.,1.,1.,268.058399821,-0.00318779,          15P    221
-255.1356,313.892060505,-0.006934095,0.,0.,1.,0.,0.,1.;               15P    222
126,1,1,1,0,1,0,0.,0.,1.,1.,1.,1.,0.5,1.,0.,0.,1.,0.,0.,1.,0.,        17P    223
0.,1.;                                                                17P    224
126,28,3,1,0,1,0,0.000460928834344658,0.000460928834344658,           19P    225
0.000460928834344658,0.000460928834344658,0.0249273098056972,         19P    226
0.0498491354404419,0.0747663408568384,0.0996885000005008,             19P    227
0.124602273483768,0.149503582686669,0.174400172325723,                19P    228
0.199283885515237,0.224153078841567,0.249011556364476,                19P    229
0.27385820648565,0.298693351537189,0.323523873025827,                 19P    230
0.348354160260701,0.373190972689054,0.398031294076147,                19P    231
0.422892714256814,0.447775525355809,0.460230851258422,                19P    232
0.472712939672609,0.485245147129086,0.49157667328712,                 19P    233
0.494165509899076,0.495498376654038,0.498974610161209,                19P    234
0.500460928835015,0.500460928835015,0.500460928835015,                19P    235
0.500460928835015,1.,1.,1.,1.,1.,1.,1.,1.,1.,1.,1.,1.,1.,1.,1.,       19P    236
1.,1.,1.,1.,1.,1.,1.,1.,1.,1.,1.,1.,1.,1.,313.892060505,              19P    237
-0.006934095,0.,313.554506473,-0.118535247,0.,295.685749893,          19P    238
0.832697934,0.,283.113187339,0.272485718,0.,266.577946047,            19P    239
-0.155480421,0.,251.093881249,-0.85610274,0.,235.337981403,           19P    240
-1.617673882,0.,219.663450573,-2.409397434,0.,203.975689648,          19P    241
-3.208716637,0.,188.297883703,-3.965399142,0.,172.623770037,          19P    242
-4.659458726,0.,156.954259187,-5.270377866,0.,141.287261709,          19P    243
-5.748909301,0.,125.621987252,-6.086878881,0.,109.956708408,          19P    244
-6.140281824,0.,94.291516086,-6.097354633,0.,78.625066214,            19P    245
-5.914245872,0.,62.954284911,-5.597119646,0.,47.277457621,            19P    246
-5.12690605,0.,34.209343671,-4.588236982,0.,23.748681469,             19P    247
-3.992757887,0.,15.892108245,-3.448893173,0.,9.31784222,              19P    248
-2.805162956,0.,4.866289171,-2.22649123,0.,2.732624616,               19P    249
-1.719786513,0.,1.311743365,-1.298467521,0.,-0.326803602,             19P    250
-0.376074134,0.,0.103077079,0.523267728,0.,0.312215918,               19P    251
0.780410769,0.,0.000460928834344658,0.500460928835015,0.,0.,1.;       19P    252
126,1,1,1,0,1,0,0.,0.,1.,1.,1.,1.,0.,1.,0.,0.,0.,0.,0.,1.,0.,         21P    253
0.,1.;                                                                21P    254
126,1,1,1,0,1,0,0.,0.,1.,1.,1.,1.,0.312215918,0.780410769,0.,         23P    255
174.022591953,0.278395766,-255.1356,0.,1.,0.,0.,1.;                   23P    256
102,4,9,13,17,21;                                                     25P    257
102,4,11,15,19,23;                                                    27P    258
142,1,7,25,27,1;                                                      29P    259
144,7,1,0,29;                                                         31P    260
128,1,1,1,1,0,0,1,0,0,0.,0.,1.,1.,0.,0.,1.,1.,1.,1.,1.,1.,            33P    261
315.785448584,-6.237712584,0.,-1.886810401,-6.237712584,0.,           33P    262
315.785448584,12.87669379,0.,-1.886810401,12.87669379,0.,0.,1.,       33P    263
0.,1.;                                                                33P    264
126,226,2,1,0,1,0,0.,0.,0.,0.00048828125,0.00048828125,               35P    265
0.0009765625,0.0009765625,0.00146484375,0.00146484375,                35P    266
0.001953125,0.001953125,0.00244140625,0.00244140625,                  35P    267
0.0029296875,0.0029296875,0.00341796875,0.00341796875,                35P    268
0.00390625,0.00390625,0.00439453125,0.00439453125,0.0048828125,       35P    269
0.0048828125,0.00537109375,0.00537109375,0.005859375,                 35P    270
0.005859375,0.00634765625,0.00634765625,0.0068359375,                 35P    271
0.0068359375,0.0078125,0.0078125,0.009765625,0.009765625,             35P    272
0.01171875,0.01171875,0.013671875,0.013671875,0.015625,               35P    273
0.015625,0.017578125,0.017578125,0.01953125,0.01953125,               35P    274
0.021484375,0.021484375,0.0234375,0.0234375,0.025390625,              35P    275
0.025390625,0.02734375,0.02734375,0.03125,0.03125,0.0390625,          35P    276
0.0390625,0.046875,0.046875,0.0546875,0.0546875,0.0625,0.0625,        35P    277
0.0703125,0.0703125,0.07421875,0.07421875,0.078125,0.078125,          35P    278
0.0859375,0.0859375,0.09375,0.09375,0.1015625,0.1015625,              35P    279
0.109375,0.109375,0.125,0.125,0.140625,0.140625,0.1484375,            35P    280
0.1484375,0.15625,0.15625,0.171875,0.171875,0.1875,0.1875,            35P    281
0.203125,0.203125,0.21875,0.21875,0.25,0.25,0.28125,0.28125,          35P    282
0.296875,0.296875,0.3125,0.3125,0.328125,0.328125,0.34375,            35P    283
0.34375,0.3515625,0.3515625,0.359375,0.359375,0.375,0.375,            35P    284
0.390625,0.390625,0.3984375,0.3984375,0.40625,0.40625,0.421875,       35P    285
0.421875,0.4375,0.4375,0.44375,0.44375,0.453125,0.453125,             35P    286
0.46875,0.46875,0.5,0.5,0.515625,0.515625,0.53125,0.53125,            35P    287
0.546875,0.546875,0.5625,0.5625,0.59375,0.59375,0.609375,             35P    288
0.609375,0.625,0.625,0.640625,0.640625,0.65625,0.65625,               35P    289
0.671875,0.671875,0.6875,0.6875,0.703125,0.703125,0.71875,            35P    290
0.71875,0.75,0.75,0.765625,0.765625,0.78125,0.78125,0.796875,         35P    291
0.796875,0.8125,0.8125,0.828125,0.828125,0.84375,0.84375,             35P    292
0.8515625,0.8515625,0.859375,0.859375,0.875,0.875,0.890625,           35P    293
0.890625,0.8984375,0.8984375,0.90234375,0.90234375,0.90625,           35P    294
0.90625,0.91015625,0.91015625,0.9140625,0.9140625,0.921875,           35P    295
0.921875,0.9296875,0.9296875,0.9375,0.9375,0.9453125,0.9453125,       35P    296
0.94921875,0.94921875,0.953125,0.953125,0.95703125,0.95703125,        35P    297
0.958984375,0.958984375,0.9609375,0.9609375,0.96484375,               35P    298
0.96484375,0.96875,0.96875,0.97265625,0.97265625,0.9765625,           35P    299
0.9765625,0.98046875,0.98046875,0.984375,0.984375,0.98828125,         35P    300
0.98828125,0.9921875,0.9921875,0.99609375,0.99609375,                 35P    301
0.998046875,0.998046875,0.9990234375,0.9990234375,1.,1.,1.,1.,        35P    302
1.,1.,1.,1.,1.,1.,1.,1.,1.,1.,1.,1.,1.,1.,1.,1.,1.,1.,1.,1.,1.,       35P    303
1.,1.,1.,1.,1.,1.,1.,1.,1.,1.,1.,1.,1.,1.,1.,1.,1.,1.,1.,1.,1.,       35P    304
1.,1.,1.,1.,1.,1.,1.,1.,1.,1.,1.,1.,1.,1.,1.,1.,1.,1.,1.,1.,1.,       35P    305
1.,1.,1.,1.,1.,1.,1.,1.,1.,1.,1.,1.,1.,1.,1.,1.,1.,1.,1.,1.,1.,       35P    306
1.,1.,1.,1.,1.,1.,1.,1.,1.,1.,1.,1.,1.,1.,1.,1.,1.,1.,1.,1.,1.,       35P    307
1.,1.,1.,1.,1.,1.,1.,1.,1.,1.,1.,1.,1.,1.,1.,1.,1.,1.,1.,1.,1.,       35P    308
1.,1.,1.,1.,1.,1.,1.,1.,1.,1.,1.,1.,1.,1.,1.,1.,1.,1.,1.,1.,1.,       35P    309
1.,1.,1.,1.,1.,1.,1.,1.,1.,1.,1.,1.,1.,1.,1.,1.,1.,1.,1.,1.,1.,       35P    310
1.,1.,1.,1.,1.,1.,1.,1.,1.,1.,1.,1.,1.,1.,1.,1.,1.,1.,1.,1.,1.,       35P    311
1.,1.,1.,1.,1.,1.,1.,1.,1.,1.,1.,1.,1.,1.,1.,1.,1.,1.,1.,1.,1.,       35P    312
1.,1.,1.,1.,1.,1.,1.,1.,1.,1.,1.,1.,1.,1.,1.,1.,0.993077689,          35P    313
0.367164077,0.,0.992917908,0.370429023,0.,0.99273384,                 35P    314
0.37373483,0.,0.992555434,0.376938935,0.,0.992355227,                 35P    315
0.380163659,0.,0.992161227,0.383288393,0.,0.991948045,                35P    316
0.386412093,0.,0.99174147,0.389438977,0.,0.99151849,                  35P    317
0.392441648,0.,0.991302343,0.395352318,0.,0.991072758,                35P    318
0.398213869,0.,0.990850024,0.400990021,0.,0.990617042,                35P    319
0.40369028,0.,0.9903907,0.406313581,0.,0.99015754,0.408832398,        35P    320
0.,0.989931179,0.411277759,0.,0.989701705,0.413589053,0.,             35P    321
0.989478661,0.415835589,0.,0.989251829,0.417961975,0.,                35P    322
0.989036283,0.419982562,0.,0.988812311,0.42194212,0.,                 35P    323
0.988602035,0.423781849,0.,0.988379288,0.425611636,0.,                35P    324
0.988173669,0.427300717,0.,0.987949969,0.429042131,0.,                35P    325
0.98774931,0.430604174,0.,0.987521604,0.432304937,0.,                 35P    326
0.98732863,0.433746281,0.,0.987091304,0.435472411,0.,                 35P    327
0.986656937,0.438631668,0.,0.986214643,0.441728524,0.,                35P    328
0.985328447,0.447933481,0.,0.984420207,0.453822274,0.,                35P    329
0.983506178,0.459748602,0.,0.98258725,0.465241955,0.,                 35P    330
0.981682676,0.470649499,0.,0.98073985,0.47582641,0.,                  35P    331
0.979836631,0.480785847,0.,0.978884444,0.485611519,0.,                35P    332
0.977981767,0.490186273,0.,0.977022344,0.494705084,0.,                35P    333
0.976122256,0.498944433,0.,0.97515426,0.503218723,0.,                 35P    334
0.974260167,0.507166692,0.,0.973280927,0.511263963,0.,                35P    335
0.97239956,0.514951718,0.,0.971403148,0.518952055,0.,                 35P    336
0.970538379,0.522423882,0.,0.969519314,0.526403483,0.,                35P    337
0.968584503,0.530054066,0.,0.967639784,0.533659193,0.,                35P    338
0.965769884,0.540794887,0.,0.963859473,0.547758988,0.,                35P    339
0.960148314,0.561287429,0.,0.956267244,0.574229317,0.,                35P    340
0.952546921,0.586635175,0.,0.948643775,0.598590984,0.,                35P    341
0.944919673,0.609998362,0.,0.941001218,0.6210826,0.,                  35P    342
0.937283913,0.631597837,0.,0.933347348,0.641946622,0.,                35P    343
0.929646333,0.651676171,0.,0.925683211,0.661437771,0.,                35P    344
0.923798893,0.666079049,0.,0.921837755,0.670771593,0.,                35P    345
0.919937984,0.675317298,0.,0.917997885,0.679837014,0.,                35P    346
0.91421093,0.688659219,0.,0.910312838,0.697280216,0.,                 35P    347
0.906526724,0.705653564,0.,0.902620392,0.713871103,0.,                35P    348
0.898835296,0.721833605,0.,0.894922266,0.729681821,0.,                35P    349
0.891102949,0.737342081,0.,0.887218488,0.744778175,0.,                35P    350
0.879648632,0.75926929,0.,0.871797715,0.772972389,0.,                 35P    351
0.864235777,0.7861711,0.,0.856361787,0.798728215,0.,                  35P    352
0.852540308,0.804822552,0.,0.848633569,0.81078498,0.,                 35P    353
0.844802018,0.816632657,0.,0.840909423,0.822322526,0.,                35P    354
0.833294398,0.833453531,0.,0.825450421,0.843971619,0.,                35P    355
0.817840958,0.854175243,0.,0.809981744,0.863848022,0.,                35P    356
0.802371264,0.87321467,0.,0.794502495,0.882114788,0.,                 35P    357
0.786780986,0.890848344,0.,0.779023118,0.898885441,0.,                35P    358
0.763606578,0.91485687,0.,0.748043728,0.928080881,0.,                 35P    359
0.732664277,0.941149055,0.,0.717047804,0.951613267,0.,                35P    360
0.709325285,0.956787936,0.,0.701541974,0.961327891,0.,                35P    361
0.693876334,0.965799209,0.,0.686040491,0.969715293,0.,                35P    362
0.678386837,0.973540324,0.,0.670532743,0.976855808,0.,                35P    363
0.662886457,0.980083569,0.,0.655023012,0.982839862,0.,                35P    364
0.651158168,0.984194566,0.,0.647252973,0.985431801,0.,                35P    365
0.643285578,0.986688741,0.,0.639498061,0.987750917,0.,                35P    366
0.631445213,0.990009268,0.,0.623986732,0.991445264,0.,                35P    367
0.615985156,0.992985823,0.,0.60846791,0.993619974,0.,                 35P    368
0.604540991,0.993951247,0.,0.600720478,0.994038334,0.,                35P    369
0.596876293,0.99412596,0.,0.592974056,0.993965694,0.,                 35P    370
0.585397283,0.993654516,0.,0.577461569,0.992406418,0.,                35P    371
0.569914125,0.991219386,0.,0.561950256,0.989170222,0.,                35P    372
0.558883649,0.988381161,0.,0.555741908,0.987461229,0.,                35P    373
0.551154553,0.986118007,0.,0.546426879,0.984503301,0.,                35P    374
0.538679118,0.981857104,0.,0.530917521,0.978595589,0.,                35P    375
0.515439024,0.97209134,0.,0.499906335,0.96314053,0.,0.49224962,       35P    376
0.958728299,0.,0.484403357,0.953619959,0.,0.476756001,                35P    377
0.948641118,0.,0.468902853,0.942984343,0.,0.461264151,                35P    378
0.937482038,0.,0.453401428,0.9313172,0.,0.445681937,                  35P    379
0.925264664,0.,0.437907468,0.918704662,0.,0.42248873,                 35P    380
0.905694519,0.,0.406921548,0.890741549,0.,0.3992274,                  35P    381
0.883350978,0.,0.391441151,0.875430195,0.,0.383761834,                35P    382
0.867618192,0.,0.375958407,0.859256564,0.,0.368281861,                35P    383
0.851030894,0.,0.360474064,0.842261465,0.,0.352821262,                35P    384
0.83366612,0.,0.344997907,0.824497211,0.,0.337379083,                 35P    385
0.81556801,0.,0.329522419,0.806007145,0.,0.321917448,                 35P    386
0.796752568,0.,0.314051801,0.786860111,0.,0.306429987,                35P    387
0.777274317,0.,0.298574106,0.767104951,0.,0.290790192,                35P    388
0.757028745,0.,0.2831159,0.746813145,0.,0.267471371,0.725988,         35P    389
0.,0.252201147,0.704474204,0.,0.244718117,0.69393157,0.,              35P    390
0.236719486,0.682371856,0.,0.22929661,0.67164423,0.,                  35P    391
0.221254181,0.659786772,0.,0.213940005,0.649003022,0.,                35P    392
0.205824458,0.636858204,0.,0.198330028,0.625642881,0.,                35P    393
0.190468979,0.613746489,0.,0.183009474,0.602457767,0.,                35P    394
0.175097505,0.590369845,0.,0.167654902,0.578999024,0.,                35P    395
0.159577191,0.566562234,0.,0.155698279,0.560590096,0.,                35P    396
0.151686377,0.554393321,0.,0.147629752,0.548127468,0.,                35P    397
0.143752344,0.542117944,0.,0.135467437,0.529277316,0.,                35P    398
0.127977813,0.517571433,0.,0.119867731,0.504895807,0.,                35P    399
0.112680495,0.493535681,0.,0.108889921,0.48754431,0.,                 35P    400
0.105356539,0.481919647,0.,0.103714803,0.479306227,0.,                35P    401
0.101821858,0.476282777,0.,0.100433806,0.474065753,0.,                35P    402
0.098402503,0.470816184,0.,0.094782003,0.465024305,0.,                35P    403
0.094745296,0.464965604,0.,0.092780721,0.461823914,0.,                35P    404
0.091287705,0.459441836,0.,0.087355689,0.453168383,0.,                35P    405
0.084186531,0.448163183,0.,0.080320744,0.442057763,0.,                35P    406
0.076754517,0.436516022,0.,0.072724217,0.430253136,0.,                35P    407
0.068749921,0.424201151,0.,0.064410376,0.417592971,0.,                35P    408
0.05995223,0.410953177,0.,0.057604396,0.4074564,0.,0.055199422,       35P    409
0.403914469,0.,0.052978833,0.400644093,0.,0.050213173,                35P    410
0.39660512,0.,0.048146306,0.393586666,0.,0.045076635,                 35P    411
0.389120544,0.,0.044549274,0.388353276,0.,0.042340618,                35P    412
0.385140927,0.,0.040657203,0.382692508,0.,0.03961402,                 35P    413
0.381174093,0.,0.036615726,0.376809895,0.,0.03442953,                 35P    414
0.373613033,0.,0.0316363,0.369528508,0.,0.029340414,                  35P    415
0.366140114,0.,0.026708589,0.36225592,0.,0.024485121,                 35P    416
0.358925248,0.,0.022037123,0.355258239,0.,0.019972393,                35P    417
0.352095144,0.,0.017747657,0.348686925,0.,0.015907698,                35P    418
0.345771742,0.,0.013951767,0.342672816,0.,0.0123957,                  35P    419
0.340075819,0.,0.010756861,0.337340679,0.,0.009540764,                35P    420
0.335127704,0.,0.008268687,0.33281286,0.,0.007447182,                 35P    421
0.331047634,0.,0.006592324,0.329210739,0.,0.006219155,                35P    422
0.327955681,0.,0.006027765,0.327311988,0.,0.005962577,                35P    423
0.326819878,0.,0.00592946,0.326569882,0.,0.005928871,                 35P    424
0.326358983,0.,0.005928282,0.326148127,0.,0.005960193,                35P    425
0.325972908,0.,0.,1.,0.,0.,-1.;                                       35P    426
126,28,3,1,0,1,0,0.500460928835015,0.500460928835015,                 37P    427
0.500460928835015,0.500460928835015,0.502508767432092,                37P    428
0.503870669582683,0.506513385734955,0.512932916198805,                37P    429
0.525600833945018,0.538186060205686,0.550738211978654,                37P    430
0.575775220386544,0.600763204433289,0.625732570491883,                37P    431
0.650679587120153,0.675617917079673,0.700549099487198,                37P    432
0.725480120909532,0.750414008915784,0.775355220150892,                37P    433
0.800305634918477,0.82526192197798,0.850224024533911,                 37P    434
0.875195348205576,0.900166024026405,0.925130282551468,                37P    435
0.950095108890666,0.975043678356155,1.,1.00046092883435,              37P    436
1.00046092883435,1.00046092883435,1.00046092883435,1.,1.,1.,1.,       37P    437
1.,1.,1.,1.,1.,1.,1.,1.,1.,1.,1.,1.,1.,1.,1.,1.,1.,1.,1.,1.,1.,       37P    438
1.,1.,1.,1.,0.312215918,0.780410769,0.,0.600365823,1.134700501,       37P    439
0.,1.33423176,1.685996195,0.,2.434852462,2.194356814,0.,              37P    440
4.50892095,3.014334955,0.,8.919619175,4.136395286,0.,                 37P    441
15.463732963,5.451793746,0.,23.317229028,6.669378995,0.,              37P    442
33.780811939,8.035155122,0.,46.871525897,9.387028727,0.,              37P    443
62.59431259,10.616952419,0.,78.317769981,11.556671045,0.,             37P    444
94.044981228,12.219095424,0.,109.772395893,12.623831294,0.,           37P    445
125.501064191,12.828982027,0.,141.229164216,12.639743622,0.,          37P    446
156.95389724,12.212075281,0.,172.674555979,11.550204204,0.,           37P    447
188.391454362,10.70754743,0.,204.101117872,9.692589606,0.,            37P    448
219.810261078,8.530371628,0.,235.494031601,7.262929634,0.,            37P    449
251.243092528,5.868267873,0.,266.705836086,4.446978557,0.,            37P    450
283.206384054,2.900304713,0.,295.8012569,1.657855721,0.,              37P    451
314.082452814,0.122513706,0.,313.898419777,-0.004831611,0.,           37P    452
313.892060505,-0.006934095,0.,0.500460928835015,                      37P    453
1.00046092883435,0.,0.,1.;                                            37P    454
126,262,2,1,0,1,0,0.,0.,0.,0.001953125,0.001953125,0.00390625,        39P    455
0.00390625,0.0078125,0.0078125,0.01171875,0.01171875,0.015625,        39P    456
0.015625,0.01953125,0.01953125,0.021484375,0.021484375,               39P    457
0.0234375,0.0234375,0.025390625,0.025390625,0.02734375,               39P    458
0.02734375,0.03125,0.03125,0.03515625,0.03515625,0.0390625,           39P    459
0.0390625,0.04296875,0.04296875,0.046875,0.046875,0.048828125,        39P    460
0.048828125,0.05078125,0.05078125,0.0546875,0.0546875,                39P    461
0.05859375,0.05859375,0.0625,0.0625,0.06640625,0.06640625,            39P    462
0.0703125,0.0703125,0.07421875,0.07421875,0.078125,0.078125,          39P    463
0.08203125,0.08203125,0.0859375,0.0859375,0.08984375,                 39P    464
0.08984375,0.091796875,0.091796875,0.09375,0.09375,0.095703125,       39P    465
0.095703125,0.09765625,0.09765625,0.1015625,0.1015625,0.109375,       39P    466
0.109375,0.11328125,0.11328125,0.1171875,0.1171875,0.12109375,        39P    467
0.12109375,0.125,0.125,0.12890625,0.12890625,0.1328125,               39P    468
0.1328125,0.140625,0.140625,0.1484375,0.1484375,0.15625,              39P    469
0.15625,0.1640625,0.1640625,0.171875,0.171875,0.1796875,              39P    470
0.1796875,0.1875,0.1875,0.196428571428571,0.196428571428571,          39P    471
0.203125,0.203125,0.21875,0.21875,0.25,0.25,0.265625,0.265625,        39P    472
0.28125,0.28125,0.296875,0.296875,0.3046875,0.3046875,0.3125,         39P    473
0.3125,0.3203125,0.3203125,0.328125,0.328125,0.34375,0.34375,         39P    474
0.359375,0.359375,0.375,0.375,0.40625,0.40625,0.4375,0.4375,          39P    475
0.453125,0.453125,0.46875,0.46875,0.484375,0.484375,0.5,0.5,          39P    476
0.53125,0.53125,0.546875,0.546875,0.5625,0.5625,0.578125,             39P    477
0.578125,0.59375,0.59375,0.6015625,0.6015625,0.609375,0.609375,       39P    478
0.6171875,0.6171875,0.625,0.625,0.6328125,0.6328125,0.640625,         39P    479
0.640625,0.6484375,0.6484375,0.65625,0.65625,0.671875,0.671875,       39P    480
0.6875,0.6875,0.6953125,0.6953125,0.703125,0.703125,0.71875,          39P    481
0.71875,0.734375,0.734375,0.75,0.75,0.785714285714286,                39P    482
0.785714285714286,0.8125,0.8125,0.84375,0.84375,0.859375,             39P    483
0.859375,0.875,0.875,0.890625,0.890625,0.90625,0.90625,               39P    484
0.9140625,0.9140625,0.91796875,0.91796875,0.921875,0.921875,          39P    485
0.9296875,0.9296875,0.9375,0.9375,0.9453125,0.9453125,0.953125,       39P    486
0.953125,0.9609375,0.9609375,0.96875,0.96875,0.970703125,             39P    487
0.970703125,0.97265625,0.97265625,0.974609375,0.974609375,            39P    488
0.9765625,0.9765625,0.978515625,0.978515625,0.98046875,               39P    489
0.98046875,0.982421875,0.982421875,0.984375,0.984375,                 39P    490
0.986328125,0.986328125,0.9873046875,0.9873046875,                    39P    491
0.98779296875,0.98779296875,0.98828125,0.98828125,                    39P    492
0.98876953125,0.98876953125,0.9892578125,0.9892578125,                39P    493
0.98974609375,0.98974609375,0.990234375,0.990234375,                  39P    494
0.99072265625,0.99072265625,0.9912109375,0.9912109375,                39P    495
0.9921875,0.9921875,0.9931640625,0.9931640625,0.994140625,            39P    496
0.994140625,0.9951171875,0.9951171875,0.99609375,0.99609375,          39P    497
0.9970703125,0.9970703125,0.998046875,0.998046875,                    39P    498
0.99853515625,0.99853515625,0.9990234375,0.9990234375,                39P    499
0.99951171875,0.99951171875,1.,1.,1.,1.,1.,1.,1.,1.,1.,1.,1.,         39P    500
1.,1.,1.,1.,1.,1.,1.,1.,1.,1.,1.,1.,1.,1.,1.,1.,1.,1.,1.,1.,1.,       39P    501
1.,1.,1.,1.,1.,1.,1.,1.,1.,1.,1.,1.,1.,1.,1.,1.,1.,1.,1.,1.,1.,       39P    502
1.,1.,1.,1.,1.,1.,1.,1.,1.,1.,1.,1.,1.,1.,1.,1.,1.,1.,1.,1.,1.,       39P    503
1.,1.,1.,1.,1.,1.,1.,1.,1.,1.,1.,1.,1.,1.,1.,1.,1.,1.,1.,1.,1.,       39P    504
1.,1.,1.,1.,1.,1.,1.,1.,1.,1.,1.,1.,1.,1.,1.,1.,1.,1.,1.,1.,1.,       39P    505
1.,1.,1.,1.,1.,1.,1.,1.,1.,1.,1.,1.,1.,1.,1.,1.,1.,1.,1.,1.,1.,       39P    506
1.,1.,1.,1.,1.,1.,1.,1.,1.,1.,1.,1.,1.,1.,1.,1.,1.,1.,1.,1.,1.,       39P    507
1.,1.,1.,1.,1.,1.,1.,1.,1.,1.,1.,1.,1.,1.,1.,1.,1.,1.,1.,1.,1.,       39P    508
1.,1.,1.,1.,1.,1.,1.,1.,1.,1.,1.,1.,1.,1.,1.,1.,1.,1.,1.,1.,1.,       39P    509
1.,1.,1.,1.,1.,1.,1.,1.,1.,1.,1.,1.,1.,1.,1.,1.,1.,1.,1.,1.,1.,       39P    510
1.,1.,1.,1.,1.,1.,1.,1.,1.,1.,1.,1.,1.,1.,1.,1.,1.,1.,1.,1.,1.,       39P    511
1.,1.,1.,1.,1.,1.,1.,1.,1.,1.,1.,1.,1.,1.,1.,1.,1.,1.,1.,1.,1.,       39P    512
1.,1.,1.,0.005960193,0.325972908,0.,0.006023191,0.325626995,0.,       39P    513
0.006213034,0.325416856,0.,0.006399457,0.325210502,0.,                39P    514
0.006709602,0.325133446,0.,0.007305982,0.324985275,0.,                39P    515
0.008378529,0.32531449,0.,0.009387149,0.325624083,0.,                 39P    516
0.010863457,0.326370932,0.,0.012218434,0.327056401,0.,                39P    517
0.014061645,0.328158981,0.,0.015675537,0.329124387,0.,                39P    518
0.017868223,0.330533591,0.,0.018811745,0.331139977,0.,                39P    519
0.019955636,0.331888078,0.,0.02089455,0.332502125,0.,                 39P    520
0.022139339,0.333323679,0.,0.022735187,0.333716935,0.,                39P    521
0.024492712,0.334879499,0.,0.026005887,0.33588043,0.,                 39P    522
0.026924791,0.33648587,0.,0.029751096,0.338348042,0.,                 39P    523
0.031902631,0.339731501,0.,0.034688826,0.341523051,0.,                39P    524
0.037096552,0.343000037,0.,0.039896245,0.34471747,0.,                 39P    525
0.042395671,0.346140562,0.,0.045164049,0.347716787,0.,                39P    526
0.04765432,0.348983754,0.,0.050360001,0.350360316,0.,                 39P    527
0.052783704,0.351395772,0.,0.054064952,0.351943147,0.,                39P    528
0.055272804,0.352397654,0.,0.056491666,0.352856303,0.,                39P    529
0.057692538,0.353241317,0.,0.060049824,0.353997091,0.,                39P    530
0.062348834,0.354472432,0.,0.064576492,0.354933019,0.,                39P    531
0.066763758,0.355133271,0.,0.068873772,0.35532645,0.,                 39P    532
0.070962728,0.355278737,0.,0.072974764,0.355232781,0.,                39P    533
0.074986113,0.354962839,0.,0.07690322,0.354705545,0.,                 39P    534
0.078843759,0.354241476,0.,0.080683894,0.353801418,0.,                39P    535
0.082575273,0.353167947,0.,0.084353536,0.352572361,0.,                39P    536
0.086218099,0.351791901,0.,0.087923991,0.351077856,0.,                39P    537
0.089764141,0.350182644,0.,0.091421577,0.349376319,0.,                39P    538
0.093291205,0.348371901,0.,0.094854396,0.347532109,0.,                39P    539
0.096788504,0.346432681,0.,0.097567861,0.345989663,0.,                39P    540
0.098526044,0.345437259,0.,0.099170241,0.345065872,0.,                39P    541
0.100305646,0.344407798,0.,0.101581928,0.343668073,0.,                39P    542
0.102110653,0.343362706,0.,0.10309013,0.342797006,0.,                 39P    543
0.103870937,0.342351405,0.,0.105660758,0.341329966,0.,                39P    544
0.107468698,0.340337546,0.,0.110827321,0.338493922,0.,                39P    545
0.114909274,0.336383532,0.,0.116664631,0.335476004,0.,                39P    546
0.118687468,0.334449616,0.,0.120393144,0.333584155,0.,                39P    547
0.122511734,0.332521466,0.,0.123896042,0.331827094,0.,                39P    548
0.12639231,0.330580202,0.,0.12923114,0.3291622,0.,0.13044315,         39P    549
0.328554897,0.,0.132611744,0.327468278,0.,0.134338139,                39P    550
0.32659455,0.,0.136454443,0.325523489,0.,0.138302597,                 39P    551
0.324572324,0.,0.142610556,0.322355203,0.,0.146241245,                39P    552
0.320386195,0.,0.150447693,0.318104939,0.,0.154172658,                39P    553
0.315927031,0.,0.158024675,0.313674837,0.,0.16202245,                 39P    554
0.311147199,0.,0.165825289,0.308742812,0.,0.169811769,                39P    555
0.306056275,0.,0.173578241,0.303518004,0.,0.177577504,                39P    556
0.300681335,0.,0.181271554,0.298061154,0.,0.185268392,                39P    557
0.295112267,0.,0.188904564,0.292429482,0.,0.192953809,                39P    558
0.28935427,0.,0.196935953,0.28633002,0.,0.201773368,                  39P    559
0.282578437,0.,0.204968817,0.280100255,0.,0.208385391,                39P    560
0.277426434,0.,0.215941681,0.271512859,0.,0.223778604,                39P    561
0.265264209,0.,0.23873677,0.253337547,0.,0.254877111,                 39P    562
0.240061296,0.,0.262245652,0.234000297,0.,0.270366982,                39P    563
0.227241994,0.,0.277539323,0.221273409,0.,0.285779846,                39P    564
0.214360039,0.,0.292643346,0.208601919,0.,0.301343121,                39P    565
0.201268555,0.,0.304072937,0.198967491,0.,0.309140643,                39P    566
0.194692182,0.,0.31453574,0.190140673,0.,0.316970621,                 39P    567
0.188087921,0.,0.321254764,0.184476131,0.,0.324673173,                39P    568
0.181600537,0.,0.328801178,0.178128026,0.,0.332407572,                39P    569
0.175105593,0.,0.340816617,0.168058172,0.,0.347921869,                39P    570
0.162175355,0.,0.355888907,0.155579019,0.,0.363389298,                39P    571
0.149477037,0.,0.371301248,0.143040228,0.,0.378884005,                39P    572
0.136997492,0.,0.394941711,0.124201029,0.,0.409892511,                39P    573
0.112880296,0.,0.425848745,0.100798251,0.,0.440888019,                39P    574
0.090136335,0.,0.448780607,0.084540978,0.,0.456386463,                39P    575
0.079358521,0.,0.464343123,0.073937034,0.,0.471885064,                39P    576
0.06904048,0.,0.479813969,0.063892693,0.,0.487385642,                 39P    577
0.059259351,0.,0.495273896,0.054432284,0.,0.502871894,                39P    578
0.050104742,0.,0.518480768,0.041214499,0.,0.53389129,                 39P    579
0.033828976,0.,0.541669311,0.030101344,0.,0.549400696,                39P    580
0.026755183,0.,0.557528665,0.023237379,0.,0.564940411,                39P    581
0.020434666,0.,0.572971794,0.01739764,0.,0.580444008,                 39P    582
0.015092579,0.,0.588416009,0.012633342,0.,0.595928009,                39P    583
0.010951964,0.,0.599767637,0.010092556,0.,0.603676446,                39P    584
0.009398087,0.,0.607478403,0.008722602,0.,0.611432912,                39P    585
0.008185287,0.,0.615224757,0.007670074,0.,0.619189527,                39P    586
0.007277471,0.,0.622968072,0.006903308,0.,0.626946223,                39P    587
0.00663632,0.,0.630706539,0.006383951,0.,0.634702912,                 39P    588
0.006223516,0.,0.638436773,0.006073619,0.,0.642459465,                39P    589
0.00600074,0.,0.64620592,0.005932865,0.,0.650224563,                  39P    590
0.005929865,0.,0.654156965,0.005926929,0.,0.658001714,                39P    591
0.005989567,0.,0.665916322,0.00611851,0.,0.673513347,                 39P    592
0.006526695,0.,0.68141077,0.00695102,0.,0.689025272,                  39P    593
0.007680257,0.,0.692927989,0.008054018,0.,0.696765374,                39P    594
0.008508624,0.,0.700638311,0.008967442,0.,0.704519597,                39P    595
0.009517714,0.,0.712255285,0.010614447,0.,0.72002792,                 39P    596
0.01207495,0.,0.727765536,0.013528872,0.,0.735540586,                 39P    597
0.015343459,0.,0.743300639,0.017154546,0.,0.751067509,                39P    598
0.019316573,0.,0.769072801,0.02432862,0.,0.786515139,                 39P    599
0.031078307,0.,0.799988244,0.036292014,0.,0.813125961,                39P    600
0.042539825,0.,0.828841571,0.050013586,0.,0.844114724,                39P    601
0.058987308,0.,0.852192624,0.063733468,0.,0.859648033,                39P    602
0.068602903,0.,0.867648597,0.073828402,0.,0.875142555,                39P    603
0.079332243,0.,0.883092992,0.085171341,0.,0.890620306,                39P    604
0.091430555,0.,0.898514463,0.097994811,0.,0.906121094,                39P    605
0.105172189,0.,0.910024511,0.10885533,0.,0.913864062,                 39P    606
0.112710374,0.,0.91580593,0.114660078,0.,0.917732286,                 39P    607
0.116654548,0.,0.919708535,0.118700674,0.,0.92159595,                 39P    608
0.120717301,0.,0.925675937,0.125076603,0.,0.929352141,                39P    609
0.129318891,0.,0.933370704,0.133956257,0.,0.937083853,                39P    610
0.138656603,0.,0.941065736,0.143697128,0.,0.944803104,                39P    611
0.14894438,0.,0.94876198,0.154502628,0.,0.952546527,                  39P    612
0.160429833,0.,0.95648748,0.166601993,0.,0.960268074,                 39P    613
0.17321896,0.,0.964189012,0.180081561,0.,0.967959581,                 39P    614
0.187461144,0.,0.969002531,0.189502358,0.,0.969881068,                39P    615
0.191278067,0.,0.970915271,0.193368411,0.,0.971800506,                39P    616
0.195256457,0.,0.972809659,0.197408799,0.,0.973717498,                39P    617
0.199493513,0.,0.974714043,0.201781929,0.,0.975633816,                39P    618
0.204092217,0.,0.976622684,0.206576056,0.,0.977549901,                39P    619
0.209152841,0.,0.97853375,0.21188701,0.,0.979466235,                  39P    620
0.214775744,0.,0.980445751,0.217810176,0.,0.98138232,                 39P    621
0.221057845,0.,0.982349894,0.224413031,0.,0.983294608,                39P    622
0.228070224,0.,0.984256052,0.231792184,0.,0.985177025,                39P    623
0.235761861,0.,0.985643891,0.237774197,0.,0.986098079,                39P    624
0.239840759,0.,0.986345784,0.240967815,0.,0.986553641,                39P    625
0.241945516,0.,0.986793309,0.243072841,0.,0.987005807,                39P    626
0.244123199,0.,0.987241967,0.245290514,0.,0.987460375,                39P    627
0.246440285,0.,0.987696498,0.247683319,0.,0.987920954,                39P    628
0.248953313,0.,0.988159684,0.250304065,0.,0.988391258,                39P    629
0.251719277,0.,0.98863566,0.253212881,0.,0.988876796,                 39P    630
0.254806956,0.,0.989126486,0.256457579,0.,0.989371996,                39P    631
0.258210568,0.,0.98962802,0.260038633,0.,0.989876187,                 39P    632
0.261954552,0.,0.990403317,0.266024151,0.,0.990879386,                39P    633
0.2703657,0.,0.991392496,0.275045061,0.,0.991831372,                  39P    634
0.279905955,0.,0.992302765,0.285127004,0.,0.992678974,                39P    635
0.290453119,0.,0.993081359,0.296149806,0.,0.993369019,                39P    636
0.301884995,0.,0.993675366,0.307992756,0.,0.993848328,                39P    637
0.314079353,0.,0.994031685,0.320531771,0.,0.994063714,                39P    638
0.3269123,0.,0.994095711,0.333286559,0.,0.993981911,                  39P    639
0.340207012,0.,0.993927117,0.343539185,0.,0.993838684,                39P    640
0.346985018,0.,0.993753088,0.35032035,0.,0.993636308,                 39P    641
0.353750694,0.,0.993522921,0.357081343,0.,0.993380577,                39P    642
0.360489873,0.,0.993242465,0.363797043,0.,0.993077689,                39P    643
0.367164077,0.,0.,1.,0.,0.,-1.;                                       39P    644
126,28,3,1,0,1,0,0.000460928834344658,0.000460928834344658,           41P    645
0.000460928834344658,0.000460928834344658,0.0249273098056972,         41P    646
0.0498491354404419,0.0747663408568384,0.0996885000005008,             41P    647
0.124602273483768,0.149503582686669,0.174400172325723,                41P    648
0.199283885515237,0.224153078841567,0.249011556364476,                41P    649
0.27385820648565,0.298693351537189,0.323523873025827,                 41P    650
0.348354160260701,0.373190972689054,0.398031294076147,                41P    651
0.422892714256814,0.447775525355809,0.460230851258422,                41P    652
0.472712939672609,0.485245147129086,0.49157667328712,                 41P    653
0.494165509899076,0.495498376654038,0.498974610161209,                41P    654
0.500460928835015,0.500460928835015,0.500460928835015,                41P    655
0.500460928835015,1.,1.,1.,1.,1.,1.,1.,1.,1.,1.,1.,1.,1.,1.,1.,       41P    656
1.,1.,1.,1.,1.,1.,1.,1.,1.,1.,1.,1.,1.,1.,313.892060505,              41P    657
-0.006934095,0.,313.554506473,-0.118535247,0.,295.685749893,          41P    658
0.832697934,0.,283.113187339,0.272485718,0.,266.577946047,            41P    659
-0.155480421,0.,251.093881249,-0.85610274,0.,235.337981403,           41P    660
-1.617673882,0.,219.663450573,-2.409397434,0.,203.975689648,          41P    661
-3.208716637,0.,188.297883703,-3.965399142,0.,172.623770037,          41P    662
-4.659458726,0.,156.954259187,-5.270377866,0.,141.287261709,          41P    663
-5.748909301,0.,125.621987252,-6.086878881,0.,109.956708408,          41P    664
-6.140281824,0.,94.291516086,-6.097354633,0.,78.625066214,            41P    665
-5.914245872,0.,62.954284911,-5.597119646,0.,47.277457621,            41P    666
-5.12690605,0.,34.209343671,-4.588236982,0.,23.748681469,             41P    667
-3.992757887,0.,15.892108245,-3.448893173,0.,9.31784222,              41P    668
-2.805162956,0.,4.866289171,-2.22649123,0.,2.732624616,               41P    669
-1.719786513,0.,1.311743365,-1.298467521,0.,-0.326803602,             41P    670
-0.376074134,0.,0.103077079,0.523267728,0.,0.312215918,               41P    671
0.780410769,0.,0.000460928834344658,0.500460928835015,0.,0.,1.;       41P    672
102,2,35,39;                                                          43P    673
102,2,37,41;                                                          45P    674
142,1,33,43,45,1;                                                     47P    675
144,33,1,0,47;                                                        49P    676
128,1,1,1,1,0,0,1,0,0,0.,0.,1.,1.,0.,0.,1.,1.,1.,1.,1.,1.,            51P    677
268.631066902,-1.871436855,-255.1356,173.323954124,                   51P    678
-1.871436855,-255.1356,268.631066902,3.863245415,-255.1356,           51P    679
173.323954124,3.863245415,-255.1356,0.,1.,0.,1.;                      51P    680
126,196,2,1,0,1,0,0.,0.,0.,0.00390625,0.00390625,0.0078125,           53P    681
0.0078125,0.01171875,0.01171875,0.015625,0.015625,0.01953125,         53P    682
0.01953125,0.0234375,0.0234375,0.025390625,0.025390625,               53P    683
0.02734375,0.02734375,0.03125,0.03125,0.03515625,0.03515625,          53P    684
0.0390625,0.0390625,0.046875,0.046875,0.05078125,0.05078125,          53P    685
0.0546875,0.0546875,0.0625,0.0625,0.0703125,0.0703125,0.078125,       53P    686
0.078125,0.08203125,0.08203125,0.0859375,0.0859375,0.08984375,        53P    687
0.08984375,0.09375,0.09375,0.09765625,0.09765625,0.1015625,           53P    688
0.1015625,0.109375,0.109375,0.1171875,0.1171875,0.12109375,           53P    689
0.12109375,0.125,0.125,0.1328125,0.1328125,0.140625,0.140625,         53P    690
0.1484375,0.1484375,0.15625,0.15625,0.171875,0.171875,                53P    691
0.1796875,0.1796875,0.1875,0.1875,0.203125,0.203125,0.21875,          53P    692
0.21875,0.25,0.25,0.28125,0.28125,0.296875,0.296875,0.3046875,        53P    693
0.3046875,0.3125,0.3125,0.328125,0.328125,0.34375,0.34375,            53P    694
0.375,0.375,0.40625,0.40625,0.4375,0.4375,0.46875,0.46875,0.5,        53P    695
0.5,0.53125,0.53125,0.546875,0.546875,0.5625,0.5625,0.578125,         53P    696
0.578125,0.59375,0.59375,0.609375,0.609375,0.625,0.625,               53P    697
0.640625,0.640625,0.6484375,0.6484375,0.65625,0.65625,0.6875,         53P    698
0.6875,0.703125,0.703125,0.71875,0.71875,0.75,0.75,0.8125,            53P    699
0.8125,0.84375,0.84375,0.859375,0.859375,0.875,0.875,0.890625,        53P    700
0.890625,0.90625,0.90625,0.9140625,0.9140625,0.921875,0.921875,       53P    701
0.9296875,0.9296875,0.9375,0.9375,0.9453125,0.9453125,0.953125,       53P    702
0.953125,0.96875,0.96875,0.970703125,0.970703125,0.97265625,          53P    703
0.97265625,0.974609375,0.974609375,0.9765625,0.9765625,               53P    704
0.978515625,0.978515625,0.98046875,0.98046875,0.984375,               53P    705
0.984375,0.986328125,0.986328125,0.9873046875,0.9873046875,           53P    706
0.98828125,0.98828125,0.9892578125,0.9892578125,0.990234375,          53P    707
0.990234375,0.9912109375,0.9912109375,0.9921875,0.9921875,            53P    708
0.9931640625,0.9931640625,0.994140625,0.994140625,0.9951171875,       53P    709
0.9951171875,0.99609375,0.99609375,0.99658203125,0.99658203125,       53P    710
0.9970703125,0.9970703125,0.998046875,0.998046875,0.9990234375,       53P    711
0.9990234375,1.,1.,1.,1.,1.,1.,1.,1.,1.,1.,1.,1.,1.,1.,1.,1.,         53P    712
1.,1.,1.,1.,1.,1.,1.,1.,1.,1.,1.,1.,1.,1.,1.,1.,1.,1.,1.,1.,1.,       53P    713
1.,1.,1.,1.,1.,1.,1.,1.,1.,1.,1.,1.,1.,1.,1.,1.,1.,1.,1.,1.,1.,       53P    714
1.,1.,1.,1.,1.,1.,1.,1.,1.,1.,1.,1.,1.,1.,1.,1.,1.,1.,1.,1.,1.,       53P    715
1.,1.,1.,1.,1.,1.,1.,1.,1.,1.,1.,1.,1.,1.,1.,1.,1.,1.,1.,1.,1.,       53P    716
1.,1.,1.,1.,1.,1.,1.,1.,1.,1.,1.,1.,1.,1.,1.,1.,1.,1.,1.,1.,1.,       53P    717
1.,1.,1.,1.,1.,1.,1.,1.,1.,1.,1.,1.,1.,1.,1.,1.,1.,1.,1.,1.,1.,       53P    718
1.,1.,1.,1.,1.,1.,1.,1.,1.,1.,1.,1.,1.,1.,1.,1.,1.,1.,1.,1.,1.,       53P    719
1.,1.,1.,1.,1.,1.,1.,1.,1.,1.,1.,1.,1.,1.,1.,1.,1.,1.,1.,1.,1.,       53P    720
1.,1.,1.,1.,1.,1.,1.,1.,1.,1.,1.,1.,1.,1.,1.,1.,0.00600865,           53P    721
0.325780761,0.,0.00620581,0.325180815,0.,0.006898774,                 53P    722
0.325100688,0.,0.007559162,0.325024329,0.,0.008693975,                53P    723
0.32541894,0.,0.009757116,0.325788629,0.,0.011289247,                 53P    724
0.326591236,0.,0.012686391,0.32732313,0.,0.014579342,                 53P    725
0.328471945,0.,0.016214216,0.329464135,0.,0.01845586,                 53P    726
0.330913385,0.,0.020058954,0.331949805,0.,0.022770456,                53P    727
0.333741459,0.,0.023980067,0.334540723,0.,0.025189031,                53P    728
0.335340964,0.,0.026366299,0.336120225,0.,0.027673916,                53P    729
0.336979808,0.,0.030462931,0.338813213,0.,0.03267549,                 53P    730
0.340227999,0.,0.035455948,0.34200592,0.,0.037881351,                 53P    731
0.343480184,0.,0.040668163,0.345174127,0.,0.043163224,                53P    732
0.346575535,0.,0.048904053,0.3498,0.,0.053527925,0.35170929,0.,       53P    733
0.056025831,0.352740725,0.,0.058383709,0.353458093,0.,                53P    734
0.060720234,0.354168964,0.,0.063000239,0.354602528,0.,                53P    735
0.067333303,0.355426499,0.,0.071552961,0.355261227,0.,                53P    736
0.07543965,0.355108997,0.,0.079383443,0.3541093,0.,0.082916084,       53P    737
0.353213825,0.,0.086741043,0.351570922,0.,0.088444548,                53P    738
0.35083923,0.,0.090292169,0.349924237,0.,0.091932405,                 53P    739
0.349111946,0.,0.093800794,0.348097437,0.,0.095337398,                53P    740
0.347263082,0.,0.097288731,0.346148392,0.,0.098309567,                53P    741
0.345565243,0.,0.100933501,0.344044715,0.,0.103119206,                53P    742
0.342778133,0.,0.104416442,0.342041709,0.,0.106143341,                53P    743
0.341061369,0.,0.107985597,0.340055369,0.,0.11133301,                 53P    744
0.338227446,0.,0.115414169,0.336123728,0.,0.118557913,                53P    745
0.334503221,0.,0.123106108,0.332224329,0.,0.124374438,                53P    746
0.331588827,0.,0.127029286,0.330262854,0.,0.129612935,                53P    747
0.328972441,0.,0.13108601,0.328233421,0.,0.135620107,                 53P    748
0.325958733,0.,0.138921662,0.324254089,0.,0.143217516,                53P    749
0.322036073,0.,0.146855181,0.320053327,0.,0.151035533,                53P    750
0.317774784,0.,0.154754187,0.315586907,0.,0.158591931,                53P    751
0.313328964,0.,0.162578428,0.310795788,0.,0.169937044,                53P    752
0.306119835,0.,0.178133755,0.300287241,0.,0.181833954,                53P    753
0.297654264,0.,0.18584247,0.294689312,0.,0.189474609,                 53P    754
0.292002753,0.,0.193530795,0.288916878,0.,0.199991429,                53P    755
0.284001742,0.,0.208950866,0.276984994,0.,0.216547232,                53P    756
0.271035761,0.,0.22442485,0.264750098,0.,0.23934702,                  53P    757
0.252843487,0.,0.25545811,0.239584742,0.,0.269149347,                 53P    758
0.228317433,0.,0.286420218,0.213824312,0.,0.293217333,                53P    759
0.208120407,0.,0.301901944,0.200799124,0.,0.304354693,                53P    760
0.198731413,0.,0.309711162,0.194212589,0.,0.31511245,                 53P    761
0.189655954,0.,0.317607712,0.187552613,0.,0.326593206,                53P    762
0.179978439,0.,0.33301218,0.174600847,0.,0.341395842,                 53P    763
0.167577307,0.,0.34848017,0.161715206,0.,0.364718945,                 53P    764
0.148278035,0.,0.379466527,0.136535526,0.,0.395514625,                53P    765
0.123757502,0.,0.410455466,0.112456402,0.,0.426406549,                53P    766
0.100391165,0.,0.441440666,0.089747131,0.,0.457737185,                53P    767
0.078209328,0.,0.472466499,0.068665802,0.,0.488608133,                53P    768
0.058207197,0.,0.503451602,0.049777536,0.,0.519054515,                53P    769
0.040916585,0.,0.534459477,0.03355978,0.,0.542252716,                 53P    770
0.029838035,0.,0.549993124,0.02650201,0.,0.558099903,                 53P    771
0.023008081,0.,0.565496727,0.02022765,0.,0.573529366,                 53P    772
0.017208219,0.,0.581003277,0.014923583,0.,0.588982144,                53P    773
0.012484592,0.,0.596502426,0.010827127,0.,0.603978867,                53P    774
0.009179324,0.,0.611983177,0.008114024,0.,0.61936267,                 53P    775
0.007131882,0.,0.627487597,0.006603256,0.,0.634710988,                53P    776
0.006133287,0.,0.642987827,0.005994195,0.,0.646779353,                53P    777
0.005930479,0.,0.650808603,0.005932464,0.,0.65473912,0.0059344,       53P    778
0.,0.65857982,0.006002031,0.,0.674681915,0.006285573,0.,              53P    779
0.689590266,0.007737455,0.,0.697394195,0.008497457,0.,                53P    780
0.705090572,0.009601764,0.,0.712828703,0.010712062,0.,                53P    781
0.720603883,0.012186247,0.,0.736069513,0.015118554,0.,                53P    782
0.751641918,0.019479467,0.,0.783527568,0.028408758,0.,                53P    783
0.813682539,0.042807441,0.,0.829406825,0.050315622,0.,                53P    784
0.844690654,0.059328594,0.,0.852759798,0.06408702,0.,                 53P    785
0.860209028,0.068972231,0.,0.868209327,0.074218833,0.,                53P    786
0.87570596,0.079748992,0.,0.883664519,0.085619907,0.,                 53P    787
0.891199451,0.09191522,0.,0.899086232,0.098504498,0.,                 53P    788
0.90668855,0.105710689,0.,0.91058903,0.10940793,0.,0.91442594,        53P    789
0.113277581,0.,0.918414281,0.117299956,0.,0.922193057,                53P    790
0.121358736,0.,0.926252199,0.125718657,0.,0.929916772,                53P    791
0.129974206,0.,0.933930068,0.134634717,0.,0.937641849,                53P    792
0.1393671,0.,0.941629084,0.144450677,0.,0.945377664,                  53P    793
0.149755848,0.,0.949332036,0.155352264,0.,0.953114702,                53P    794
0.161324764,0.,0.961129111,0.173978817,0.,0.968526672,                53P    795
0.188576828,0.,0.969596433,0.190687845,0.,0.970454553,                53P    796
0.192446148,0.,0.971477868,0.194542938,0.,0.972371686,                53P    797
0.196487938,0.,0.973375763,0.198672866,0.,0.974287237,                53P    798
0.200819345,0.,0.975280614,0.203158702,0.,0.976202001,                53P    799
0.205541069,0.,0.97718858,0.208092,0.,0.978116571,0.210753421,        53P    800
0.,0.979098519,0.213569589,0.,0.98003149,0.216556625,0.,              53P    801
0.981996383,0.222847501,0.,0.983854751,0.230273775,0.,                53P    802
0.984811801,0.234098272,0.,0.985723333,0.238154575,0.,                53P    803
0.98622806,0.240400601,0.,0.986635287,0.242331001,0.,                 53P    804
0.987129028,0.244671504,0.,0.987542263,0.246873783,0.,                53P    805
0.988027272,0.249458574,0.,0.988478812,0.252257655,0.,                53P    806
0.988978744,0.255356712,0.,0.989464476,0.258874682,0.,                53P    807
0.989989699,0.262678668,0.,0.990473797,0.266793911,0.,                53P    808
0.990996045,0.271233453,0.,0.99145301,0.275887681,0.,                 53P    809
0.991944466,0.280893191,0.,0.992349158,0.286033191,0.,                53P    810
0.992782537,0.291537523,0.,0.993109379,0.297108378,0.,                53P    811
0.993457902,0.303048775,0.,0.993681031,0.308996656,0.,                53P    812
0.993918153,0.315317548,0.,0.994011105,0.321586827,0.,                53P    813
0.994059259,0.324834645,0.,0.994068668,0.328087881,0.,                53P    814
0.994078062,0.331336299,0.,0.994050204,0.334724246,0.,                53P    815
0.993996751,0.341224892,0.,0.993806841,0.34820167,0.,                 53P    816
0.993628181,0.354765125,0.,0.993330927,0.361668669,0.,                53P    817
0.993050613,0.368178793,0.,0.992669617,0.37488263,0.,0.,1.,0.,        53P    818
0.,-1.;                                                               53P    819
126,28,3,1,0,1,0,0.00074818375819759,0.00074818375819759,             55P    820
0.00074818375819759,0.00074818375819759,0.0249273083732151,           55P    821
0.0498491338859729,0.0747663405114386,0.0996884994925586,             55P    822
0.124602274295735,0.149503580967263,0.174400171853443,                55P    823
0.199283883965775,0.224153078670903,0.249011556429921,                55P    824
0.273858205338931,0.298693353242829,0.323523873895684,                55P    825
0.34835415869871,0.373190975277544,0.398031295554618,                 55P    826
0.422892713260409,0.447775524317887,0.460230849006618,                55P    827
0.472712940157642,0.485245144988663,0.491576670809752,                55P    828
0.494165509703094,0.495498377407937,0.498974610146399,                55P    829
0.500748183757601,0.500748183757601,0.500748183757601,                55P    830
0.500748183757601,1.,1.,1.,1.,1.,1.,1.,1.,1.,1.,1.,1.,1.,1.,1.,       55P    831
1.,1.,1.,1.,1.,1.,1.,1.,1.,1.,1.,1.,1.,1.,268.058399821,              55P    832
-0.00318779,-255.1356,267.899481201,-0.032256121,-255.1356,           55P    833
262.586229833,0.249174457,-255.1356,258.828826781,0.081749675,        55P    834
-255.1356,253.867969878,-0.046647278,-255.1356,249.222483897,         55P    835
-0.256845564,-255.1356,244.495442986,-0.48533005,-255.1356,           55P    836
239.792814124,-0.722861461,-255.1356,235.086216056,                   55P    837
-0.962669638,-255.1356,230.382604541,-1.189688872,-255.1356,          55P    838
225.680100715,-1.397917471,-255.1356,220.978977916,                   55P    839
-1.581204786,-255.1356,216.278609003,-1.724771404,-255.1356,          55P    840
211.578757136,-1.826168214,-255.1356,206.878904023,                   55P    841
-1.842190517,-255.1356,202.179076785,-1.82931156,-255.1356,           55P    842
197.478872277,-1.774375893,-255.1356,192.777368268,                   55P    843
-1.679232426,-255.1356,188.074050652,-1.538159553,-255.1356,          55P    844
184.15339184,-1.37655077,-255.1356,181.015013166,-1.197896187,        55P    845
-255.1356,178.657906129,-1.034727161,-255.1356,176.68551329,          55P    846
-0.841596561,-255.1356,175.349970813,-0.667985323,-255.1356,          55P    847
174.709834515,-0.515965365,-255.1356,174.283545415,                   55P    848
-0.389562858,-255.1356,173.769522301,-0.100201355,-255.1356,          55P    849
173.937586436,0.188398915,-255.1356,174.022591953,0.278395766,        55P    850
-255.1356,0.00074818375819759,0.500748183757601,0.,0.,1.;             55P    851
126,172,2,1,0,1,0,0.,0.,0.,0.0009765625,0.0009765625,                 57P    852
0.001953125,0.001953125,0.0029296875,0.0029296875,0.00390625,         57P    853
0.00390625,0.0048828125,0.0048828125,0.00537109375,                   57P    854
0.00537109375,0.005859375,0.005859375,0.00634765625,                  57P    855
0.00634765625,0.0068359375,0.0068359375,0.0078125,0.0078125,          57P    856
0.009765625,0.009765625,0.01171875,0.01171875,0.015625,               57P    857
0.015625,0.017578125,0.017578125,0.01953125,0.01953125,               57P    858
0.021484375,0.021484375,0.0234375,0.0234375,0.025390625,              57P    859
0.025390625,0.02734375,0.02734375,0.03125,0.03125,0.0390625,          57P    860
0.0390625,0.046875,0.046875,0.0546875,0.0546875,0.0625,0.0625,        57P    861
0.078125,0.078125,0.09375,0.09375,0.1015625,0.1015625,0.109375,       57P    862
0.109375,0.125,0.125,0.15625,0.15625,0.1875,0.1875,0.203125,          57P    863
0.203125,0.21875,0.21875,0.25,0.25,0.28125,0.28125,0.296875,          57P    864
0.296875,0.3125,0.3125,0.34375,0.34375,0.3515625,0.3515625,           57P    865
0.359375,0.359375,0.375,0.375,0.390625,0.390625,0.3984375,            57P    866
0.3984375,0.40625,0.40625,0.421875,0.421875,0.4375,0.4375,            57P    867
0.453125,0.453125,0.46875,0.46875,0.5,0.5,0.53125,0.53125,            57P    868
0.546875,0.546875,0.5625,0.5625,0.59375,0.59375,0.625,0.625,          57P    869
0.65625,0.65625,0.6875,0.6875,0.703125,0.703125,0.71875,              57P    870
0.71875,0.75,0.75,0.765625,0.765625,0.78125,0.78125,0.796875,         57P    871
0.796875,0.8125,0.8125,0.84375,0.84375,0.854166666666667,             57P    872
0.854166666666667,0.875,0.875,0.890625,0.890625,0.8984375,            57P    873
0.8984375,0.90625,0.90625,0.9140625,0.9140625,0.921875,               57P    874
0.921875,0.9296875,0.9296875,0.9375,0.9375,0.9453125,0.9453125,       57P    875
0.94921875,0.94921875,0.953125,0.953125,0.95703125,0.95703125,        57P    876
0.9609375,0.9609375,0.96484375,0.96484375,0.96875,0.96875,            57P    877
0.9765625,0.9765625,0.984375,0.984375,0.9921875,0.9921875,            57P    878
0.99609375,0.99609375,0.998046875,0.998046875,1.,1.,1.,1.,1.,         57P    879
1.,1.,1.,1.,1.,1.,1.,1.,1.,1.,1.,1.,1.,1.,1.,1.,1.,1.,1.,1.,1.,       57P    880
1.,1.,1.,1.,1.,1.,1.,1.,1.,1.,1.,1.,1.,1.,1.,1.,1.,1.,1.,1.,1.,       57P    881
1.,1.,1.,1.,1.,1.,1.,1.,1.,1.,1.,1.,1.,1.,1.,1.,1.,1.,1.,1.,1.,       57P    882
1.,1.,1.,1.,1.,1.,1.,1.,1.,1.,1.,1.,1.,1.,1.,1.,1.,1.,1.,1.,1.,       57P    883
1.,1.,1.,1.,1.,1.,1.,1.,1.,1.,1.,1.,1.,1.,1.,1.,1.,1.,1.,1.,1.,       57P    884
1.,1.,1.,1.,1.,1.,1.,1.,1.,1.,1.,1.,1.,1.,1.,1.,1.,1.,1.,1.,1.,       57P    885
1.,1.,1.,1.,1.,1.,1.,1.,1.,1.,1.,1.,1.,1.,1.,1.,1.,1.,1.,1.,1.,       57P    886
1.,1.,1.,1.,1.,1.,1.,1.,1.,1.,1.,1.,1.,1.,1.,1.,1.,1.,1.,1.,1.,       57P    887
1.,1.,1.,0.992669617,0.37488263,0.,0.992311791,0.381178767,0.,        57P    888
0.991873119,0.387506423,0.,0.991461582,0.393442671,0.,                57P    889
0.990991757,0.399221078,0.,0.99054996,0.404654769,0.,                 57P    890
0.990076257,0.409708846,0.,0.98963158,0.41445323,0.,                  57P    891
0.989175002,0.418681017,0.,0.988760589,0.42251836,0.,                 57P    892
0.988301765,0.426248066,0.,0.988097042,0.42791222,0.,                 57P    893
0.987872803,0.429643092,0.,0.987673635,0.431180447,0.,                57P    894
0.987445112,0.432877279,0.,0.987251106,0.434317815,0.,                57P    895
0.987012362,0.436048307,0.,0.986795693,0.437618786,0.,                57P    896
0.986575715,0.439183204,0.,0.986137362,0.44230064,0.,                 57P    897
0.985691097,0.44535594,0.,0.984795568,0.451487067,0.,                 57P    898
0.983882651,0.457269702,0.,0.982964037,0.463088421,0.,                57P    899
0.982044096,0.468450376,0.,0.980286809,0.47869287,0.,                 57P    900
0.978339321,0.488345116,0.,0.977437039,0.492817057,0.,                57P    901
0.97647552,0.497256397,0.,0.975576126,0.501408906,0.,                 57P    902
0.97460502,0.505624572,0.,0.973712263,0.509500122,0.,                 57P    903
0.972727491,0.513564946,0.,0.971853598,0.517172098,0.,                57P    904
0.970851188,0.52115838,0.,0.969956641,0.524715725,0.,                 57P    905
0.968964234,0.52856479,0.,0.968030426,0.532186579,0.,                 57P    906
0.967086748,0.535763469,0.,0.965215679,0.542855516,0.,                57P    907
0.963304078,0.549777687,0.,0.959590449,0.563225246,0.,                57P    908
0.955706085,0.57609512,0.,0.951982597,0.588431969,0.,                 57P    909
0.948074552,0.600329553,0.,0.944352039,0.611662306,0.,                57P    910
0.940433773,0.622683294,0.,0.93672087,0.633126654,0.,                 57P    911
0.932784672,0.643421992,0.,0.925655152,0.662069638,0.,                57P    912
0.917434674,0.681146172,0.,0.909990605,0.698420966,0.,                57P    913
0.902082297,0.715000432,0.,0.898278263,0.722975446,0.,                57P    914
0.894348537,0.73082974,0.,0.89053835,0.738445112,0.,                  57P    915
0.886662466,0.745839882,0.,0.879091874,0.760283758,0.,                57P    916
0.871239281,0.773944376,0.,0.856424523,0.799716594,0.,                57P    917
0.840334552,0.823160083,0.,0.825357705,0.844981725,0.,                57P    918
0.809421287,0.864535072,0.,0.801802682,0.873882797,0.,                57P    919
0.793934717,0.882754227,0.,0.786213475,0.891460222,0.,                57P    920
0.77845688,0.899469168,0.,0.763037668,0.915390025,0.,                 57P    921
0.74747173,0.928563819,0.,0.732099682,0.941573519,0.,                 57P    922
0.716490264,0.951983638,0.,0.708762483,0.957137393,0.,                57P    923
0.700973914,0.961655909,0.,0.693328698,0.966091259,0.,                57P    924
0.685510012,0.969977137,0.,0.670402875,0.977485369,0.,                57P    925
0.654458781,0.983034297,0.,0.650568259,0.984388292,0.,                57P    926
0.646657365,0.985617054,0.,0.642695307,0.986861891,0.,                57P    927
0.638914811,0.987910947,0.,0.630871589,0.990142874,0.,                57P    928
0.623417316,0.991551158,0.,0.615413631,0.993063238,0.,                57P    929
0.607889129,0.993664792,0.,0.603964728,0.993978532,0.,                57P    930
0.600144914,0.994047331,0.,0.59631456,0.99411632,0.,                  57P    931
0.592414712,0.993938746,0.,0.584842253,0.993593944,0.,                57P    932
0.576907942,0.992315581,0.,0.5693631,0.991099968,0.,                  57P    933
0.561398917,0.989024792,0.,0.553843448,0.987056111,0.,                57P    934
0.545855696,0.98430474,0.,0.538114076,0.981638149,0.,                 57P    935
0.530358624,0.978357277,0.,0.514875778,0.971807402,0.,                57P    936
0.499332624,0.962806381,0.,0.484251733,0.954073057,0.,                57P    937
0.468376331,0.942601864,0.,0.460721192,0.93707044,0.,                 57P    938
0.452840775,0.930874531,0.,0.445118288,0.924802794,0.,                57P    939
0.437342494,0.918224944,0.,0.421922014,0.905180153,0.,                57P    940
0.406352579,0.890192243,0.,0.391108471,0.875517508,0.,                57P    941
0.375402176,0.85865797,0.,0.360213117,0.842353646,0.,                 57P    942
0.344437727,0.823838308,0.,0.329494777,0.806299993,0.,                57P    943
0.31355536,0.786233699,0.,0.305892553,0.776586914,0.,                 57P    944
0.298010004,0.766372757,0.,0.290212507,0.756268811,0.,                57P    945
0.282523798,0.746023035,0.,0.266889005,0.725188516,0.,                57P    946
0.251618696,0.703651898,0.,0.244154985,0.693125386,0.,                57P    947
0.236172982,0.681580603,0.,0.228749385,0.670843472,0.,                57P    948
0.220702054,0.658971535,0.,0.213388432,0.648182012,0.,                57P    949
0.205255837,0.636006305,0.,0.197759727,0.624783511,0.,                57P    950
0.189900758,0.612885805,0.,0.17555131,0.591162152,0.,                 57P    951
0.159028393,0.565716828,0.,0.153748927,0.55758644,0.,                 57P    952
0.148469897,0.549421602,0.,0.136896444,0.531521464,0.,                57P    953
0.126803097,0.515734566,0.,0.118819589,0.503247646,0.,                57P    954
0.111745817,0.49205764,0.,0.108173393,0.486406418,0.,                 57P    955
0.104834926,0.481089038,0.,0.102285839,0.477028952,0.,                57P    956
0.097769045,0.469802804,0.,0.092842209,0.461920655,0.,                57P    957
0.090769598,0.458615499,0.,0.086863133,0.452385929,0.,                57P    958
0.083649366,0.447315391,0.,0.079777066,0.441205851,0.,                57P    959
0.076171887,0.435611519,0.,0.072127269,0.42933529,0.,                 57P    960
0.06812127,0.423244942,0.,0.063763669,0.416620053,0.,                 57P    961
0.059276582,0.409948113,0.,0.056921358,0.406446082,0.,                57P    962
0.054475182,0.402849145,0.,0.052260236,0.399592218,0.,                57P    963
0.049459268,0.395505081,0.,0.047451801,0.392575811,0.,                57P    964
0.044213391,0.387865312,0.,0.039787479,0.381427505,0.,                57P    965
0.038874581,0.38009819,0.,0.035912713,0.375785271,0.,                 57P    966
0.033692675,0.372535644,0.,0.030910441,0.36846309,0.,                 57P    967
0.028605552,0.365055287,0.,0.023203906,0.357068898,0.,                57P    968
0.019345445,0.351133511,0.,0.014852929,0.34422277,0.,                 57P    969
0.011931103,0.339297469,0.,0.008691892,0.333837156,0.,                57P    970
0.007210162,0.330529805,0.,0.006421431,0.32876929,0.,                 57P    971
0.006118393,0.327594556,0.,0.005963044,0.326992343,0.,                57P    972
0.005934932,0.326541158,0.,0.005906855,0.326090519,0.,                57P    973
0.00600865,0.325780761,0.,0.,1.,0.,0.,-1.;                            57P    974
126,28,3,1,0,1,0,0.500748183757601,0.500748183757601,                 59P    975
0.500748183757601,0.500748183757601,0.502508768277004,                59P    976
0.503870670310101,0.506513383676751,0.512932913951675,                59P    977
0.525600834098265,0.538186057804515,0.550738210751648,                59P    978
0.575775219293953,0.600763205957068,0.625732573144117,                59P    979
0.650679585545115,0.67561791791625,0.700549101182133,                 59P    980
0.725480119723326,0.750414008982396,0.775355219975533,                59P    981
0.800305633114573,0.825261921526342,0.850224022751032,                59P    982
0.875195349111628,0.900166023311062,0.925130281904617,                59P    983
0.950095107489028,0.975043677064515,1.,1.0007481837582,               59P    984
1.0007481837582,1.0007481837582,1.0007481837582,1.,1.,1.,1.,1.,       59P    985
1.,1.,1.,1.,1.,1.,1.,1.,1.,1.,1.,1.,1.,1.,1.,1.,1.,1.,1.,1.,1.,       59P    986
1.,1.,1.,174.022591953,0.278395766,-255.1356,174.106974916,           59P    987
0.367733507,-255.1356,174.305964544,0.513066301,-255.1356,            59P    988
174.620497319,0.658345459,-255.1356,175.242753643,0.904352346,        59P    989
-255.1356,176.566038835,1.240989833,-255.1356,178.529385719,          59P    990
1.635631319,-255.1356,180.885569608,2.000928304,-255.1356,            59P    991
184.024824496,2.410684029,-255.1356,187.952264029,2.816270181,        59P    992
-255.1356,192.669370761,3.185268543,-255.1356,197.386678431,          59P    993
3.467200375,-255.1356,202.105112335,3.66593862,-255.1356,             59P    994
206.823607233,3.787366225,-255.1356,211.542478315,3.848915056,        59P    995
-255.1356,216.261178863,3.792141451,-255.1356,220.978869117,          59P    996
3.663831847,-255.1356,225.695337158,3.465259857,-255.1356,            59P    997
230.410677069,3.212449195,-255.1356,235.123846217,2.907943549,        59P    998
-255.1356,239.836859601,2.559258291,-255.1356,244.542260496,          59P    999
2.17900329,-255.1356,249.267249871,1.760581893,-255.1356,             59P   1000
253.906338813,1.33417082,-255.1356,258.856786877,0.870140498,         59P   1001
-255.1356,262.635465443,0.497384927,-255.1356,268.151420147,          59P   1002
0.034128939,-255.1356,268.0633173,-0.002288318,-255.1356,             59P   1003
268.058399821,-0.00318779,-255.1356,0.500748183757601,                59P   1004
1.0007481837582,0.,0.,1.;                                             59P   1005
102,2,53,57;                                                          61P   1006
102,2,55,59;                                                          63P   1007
142,1,51,61,63,1;                                                     65P   1008
144,51,1,0,65;                                                        67P   1009
128,53,1,3,1,0,0,1,0,0,0.5,0.5,0.5,0.5,0.500460928835015,             69P   1010
0.500748183757604,0.52541725047886,0.525704506693089,                 69P   1011
0.550365819944349,0.550653076268576,0.575330646283547,                69P   1012
0.575617901852988,0.60029490480861,0.600582160446543,                 69P   1013
0.625265580629439,0.625552834645976,0.650236904301104,                69P   1014
0.650524161006572,0.675199006857035,0.675486262231262,                69P   1015
0.700155293916538,0.700442550643031,0.725105708684124,                69P   1016
0.725392963782071,0.750046919919231,0.750334174775209,                69P   1017
0.774980807925484,0.775268064034278,0.799911829347817,                69P   1018
0.800199082575471,0.824843011755342,0.825130265841354,                69P   1019
0.849781341714862,0.850068598212489,0.874728358343132,                69P   1020
0.875015610613487,0.899697724401727,0.899984977800536,                69P   1021
0.924685708448471,0.924972964463651,0.949722716856361,                69P   1022
0.950009973005956,0.962274868629329,0.962562125953089,                69P   1023
0.974860094889997,0.975147349659339,0.98752801263621,                 69P   1024
0.987815269805929,0.99394754310006,0.994234800080853,                 69P   1025
0.996590259252333,0.996877513447503,0.997952161402923,                69P   1026
0.9982394154806,1.,1.,1.,1.,0.,0.,1.,1.,1.,1.,1.,1.,1.,1.,1.,         69P   1027
1.,1.,1.,1.,1.,1.,1.,1.,1.,1.,1.,1.,1.,1.,1.,1.,1.,1.,1.,1.,1.,       69P   1028
1.,1.,1.,1.,1.,1.,1.,1.,1.,1.,1.,1.,1.,1.,1.,1.,1.,1.,1.,1.,1.,       69P   1029
1.,1.,1.,1.,1.,1.,1.,1.,1.,1.,1.,1.,1.,1.,1.,1.,1.,1.,1.,1.,1.,       69P   1030
1.,1.,1.,1.,1.,1.,1.,1.,1.,1.,1.,1.,1.,1.,1.,1.,1.,1.,1.,1.,1.,       69P   1031
1.,1.,1.,1.,1.,1.,1.,1.,1.,1.,1.,1.,1.,1.,1.,1.,1.,                   69P   1032
268.058399821,-0.00318779,-255.1356,268.061429301,-0.002633658,       69P   1033
-255.1356,268.064897145,-0.00163529,-255.1356,268.100820509,          69P   1034
0.037897652,-255.1356,265.383564517,0.266586557,-255.1356,            69P   1035
261.413401224,0.618169915,-255.1356,260.131260764,0.744417383,        69P   1036
-255.1356,257.243051229,1.021368004,-255.1356,255.57581299,           69P   1037
1.177682633,-255.1356,252.39627531,1.472953844,-255.1356,             69P   1038
250.831657895,1.616786223,-255.1356,247.728610396,1.896805844,        69P   1039
-255.1356,246.135538885,2.037910535,-255.1356,243.009755591,          69P   1040
2.30277782,-255.1356,241.422999059,2.431078467,-255.1356,             69P   1041
238.301485248,2.672788358,-255.1356,236.712491041,2.790410034,        69P   1042
-255.1356,233.58858664,3.007046977,-255.1356,231.999448394,           69P   1043
3.109802796,-255.1356,228.874643976,3.294702337,-255.1356,            69P   1044
227.284704035,3.380046723,-255.1356,224.158848707,3.529843499,        69P   1045
-255.1356,222.568630614,3.59689996,-255.1356,219.44216463,            69P   1046
3.705489973,-255.1356,217.851583638,3.748886342,-255.1356,            69P   1047
214.72440259,3.810492411,-255.1356,213.133447153,3.829773126,         69P   1048
-255.1356,210.005922168,3.828643738,-255.1356,208.414990126,          69P   1049
3.808122833,-255.1356,205.287494324,3.747718955,-255.1356,            69P   1050
203.696575775,3.706893967,-255.1356,200.569354204,3.601103047,        69P   1051
-255.1356,198.97871835,3.534256357,-255.1356,195.851761309,           69P   1052
3.375303756,-255.1356,194.261148247,3.280401779,-255.1356,            69P   1053
191.134958157,3.065069282,-255.1356,189.545147214,2.940874376,        69P   1054
-255.1356,186.420056304,2.657810222,-255.1356,184.83064586,           69P   1055
2.493901093,-255.1356,182.494301531,2.210742486,-255.1356,            69P   1056
181.690960623,2.106053116,-255.1356,180.13910874,1.884973249,         69P   1057
-255.1356,179.336806292,1.760811829,-255.1356,177.784907136,          69P   1058
1.485565618,-255.1356,176.981783655,1.324556397,-255.1356,            69P   1059
175.829706187,1.053336241,-255.1356,175.42117781,0.949742609,         69P   1060
-255.1356,174.893954227,0.765658528,-255.1356,174.718941635,          69P   1061
0.697265079,-255.1356,174.508269617,0.606038856,-255.1356,            69P   1062
174.417688746,0.564670456,-255.1356,174.237479446,0.463047963,        69P   1063
-255.1356,174.106974916,0.367733507,-255.1356,174.022591953,          69P   1064
0.278395766,-255.1356,313.892060505,-0.006934095,0.,                  69P   1065
313.898419777,-0.004831611,0.,313.903836985,-0.001083066,0.,          69P   1066
313.81088583,0.145321197,0.,304.67656435,0.912823477,0.,              69P   1067
291.554684799,2.076768186,0.,287.301843829,2.496141833,0.,            69P   1068
277.645246253,3.421576273,0.,272.082548613,3.942939526,0.,            69P   1069
261.492648977,4.926159183,0.,256.279026438,5.405277159,0.,            69P   1070
245.933954873,6.338419796,0.,240.623594073,6.808444502,0.,            69P   1071
230.205408353,7.690315586,0.,224.916593817,8.117508855,0.,            69P   1072
214.51192785,8.92236106,0.,209.215519636,9.313922211,0.,              69P   1073
198.803064561,10.034882148,0.,193.506208674,10.376761943,0.,          69P   1074
183.090702527,10.991745644,0.,177.791167688,11.275527136,0.,          69P   1075
167.372182844,11.773444685,0.,162.071727571,11.996149172,0.,          69P   1076
151.650709608,12.356307012,0.,146.349050468,12.500033847,0.,          69P   1077
135.925669506,12.703554564,0.,130.622778897,12.766592216,0.,          69P   1078
120.19829619,12.759817447,0.,114.895503122,12.690265002,0.,           69P   1079
104.471150122,12.487406817,0.,99.168417306,12.350444015,0.,           69P   1080
88.745005943,11.995862406,0.,83.443233952,11.772015814,0.,            69P   1081
73.020749672,11.24009254,0.,67.719075553,10.922673846,0.,             69P   1082
57.299188421,10.2027384,0.,52.000227108,9.787463845,0.,               69P   1083
41.58411718,8.840999817,0.,36.286578452,8.292824716,0.,               69P   1084
28.499580605,7.345813838,0.,25.822113559,6.995586041,0.,              69P   1085
20.650029983,6.255863513,0.,17.976124478,5.839917574,0.,              69P   1086
12.804059222,4.917186485,0.,10.128009431,4.377174705,0.,              69P   1087
6.290031747,3.467440942,0.,4.929568086,3.115383379,0.,                69P   1088
3.174487146,2.486769662,0.,2.595116082,2.255173662,0.,                69P   1089
1.902046351,1.948261457,0.,1.597514842,1.798951043,0.,                69P   1090
0.979289942,1.419356355,0.,0.559946507,1.08500363,0.,                 69P   1091
0.312215918,0.780410769,0.,0.5,1.,0.,1.;                              69P   1092
126,1,1,1,0,1,0,0.,0.,1.,1.,1.,1.,0.5,1.,0.,0.5,0.,0.,0.,1.,0.,       71P   1093
0.,1.;                                                                71P   1094
126,1,1,1,0,1,0,0.,0.,1.,1.,1.,1.,313.892060505,-0.006934095,         73P   1095
0.,268.058399821,-0.00318779,-255.1356,0.,1.,0.,0.,1.;                73P   1096
126,1,1,1,0,1,0,0.,0.,1.,1.,1.,1.,0.5,0.,0.,1.,0.,0.,0.,1.,0.,        75P   1097
0.,1.;                                                                75P   1098
126,28,3,1,0,1,0,0.999251816241805,0.999251816241805,                 77P   1099
0.999251816241805,0.999251816241805,1.,1.02495632293549,              77P   1100
1.04990489251097,1.07486971809538,1.09983397668894,                   77P   1101
1.12480465088837,1.14977597724897,1.17473807847366,                   77P   1102
1.19969436688543,1.22464478002447,1.2495859910176,                    77P   1103
1.27451988027667,1.29945089881787,1.32438208208375,                   77P   1104
1.34932041445489,1.37426742685588,1.39923679404293,                   77P   1105
1.42422478070605,1.44926178924835,1.46181394219548,                   77P   1106
1.47439916590173,1.48706708604833,1.49348661632325,                   77P   1107
1.4961293296899,1.497491231723,1.4992518162424,1.4992518162424,       77P   1108
1.4992518162424,1.4992518162424,1.,1.,1.,1.,1.,1.,1.,1.,1.,1.,        77P   1109
1.,1.,1.,1.,1.,1.,1.,1.,1.,1.,1.,1.,1.,1.,1.,1.,1.,1.,1.,             77P   1110
268.058399821,-0.00318779,-255.1356,268.0633173,-0.002288318,         77P   1111
-255.1356,268.151420147,0.034128939,-255.1356,262.635465443,          77P   1112
0.497384927,-255.1356,258.856786877,0.870140498,-255.1356,            77P   1113
253.906338813,1.33417082,-255.1356,249.267249871,1.760581893,         77P   1114
-255.1356,244.542260496,2.17900329,-255.1356,239.836859601,           77P   1115
2.559258291,-255.1356,235.123846217,2.907943549,-255.1356,            77P   1116
230.410677069,3.212449195,-255.1356,225.695337158,3.465259857,        77P   1117
-255.1356,220.978869117,3.663831847,-255.1356,216.261178863,          77P   1118
3.792141451,-255.1356,211.542478315,3.848915056,-255.1356,            77P   1119
206.823607233,3.787366225,-255.1356,202.105112335,3.66593862,         77P   1120
-255.1356,197.386678431,3.467200375,-255.1356,192.669370761,          77P   1121
3.185268543,-255.1356,187.952264029,2.816270181,-255.1356,            77P   1122
184.024824496,2.410684029,-255.1356,180.885569608,2.000928304,        77P   1123
-255.1356,178.529385719,1.635631319,-255.1356,176.566038835,          77P   1124
1.240989833,-255.1356,175.242753643,0.904352346,-255.1356,            77P   1125
174.620497319,0.658345459,-255.1356,174.305964544,0.513066301,        77P   1126
-255.1356,174.106974916,0.367733507,-255.1356,174.022591953,          77P   1127
0.278395766,-255.1356,0.999251816241805,1.4992518162424,0.,0.,        77P   1128
-1.;                                                                  77P   1129
126,1,1,1,0,1,0,0.,0.,1.,1.,1.,1.,1.,0.,0.,1.,1.,0.,0.,1.,0.,         79P   1130
0.,1.;                                                                79P   1131
126,1,1,1,0,1,0,0.,0.,1.,1.,1.,1.,174.022591953,0.278395766,          81P   1132
-255.1356,0.312215918,0.780410769,0.,0.,1.,0.,0.,1.;                  81P   1133
126,1,1,1,0,1,0,0.,0.,1.,1.,1.,1.,1.,1.,0.,0.5,1.,0.,0.,1.,0.,        83P   1134
0.,1.;                                                                83P   1135
126,28,3,1,0,1,0,0.500460928835015,0.500460928835015,                 85P   1136
0.500460928835015,0.500460928835015,0.502508767432092,                85P   1137
0.503870669582683,0.506513385734955,0.512932916198805,                85P   1138
0.525600833945018,0.538186060205686,0.550738211978654,                85P   1139
0.575775220386544,0.600763204433289,0.625732570491883,                85P   1140
0.650679587120153,0.675617917079673,0.700549099487198,                85P   1141
0.725480120909532,0.750414008915784,0.775355220150892,                85P   1142
0.800305634918477,0.82526192197798,0.850224024533911,                 85P   1143
0.875195348205576,0.900166024026405,0.925130282551468,                85P   1144
0.950095108890666,0.975043678356155,1.,1.00046092883435,              85P   1145
1.00046092883435,1.00046092883435,1.00046092883435,1.,1.,1.,1.,       85P   1146
1.,1.,1.,1.,1.,1.,1.,1.,1.,1.,1.,1.,1.,1.,1.,1.,1.,1.,1.,1.,1.,       85P   1147
1.,1.,1.,1.,0.312215918,0.780410769,0.,0.600365823,1.134700501,       85P   1148
0.,1.33423176,1.685996195,0.,2.434852462,2.194356814,0.,              85P   1149
4.50892095,3.014334955,0.,8.919619175,4.136395286,0.,                 85P   1150
15.463732963,5.451793746,0.,23.317229028,6.669378995,0.,              85P   1151
33.780811939,8.035155122,0.,46.871525897,9.387028727,0.,              85P   1152
62.59431259,10.616952419,0.,78.317769981,11.556671045,0.,             85P   1153
94.044981228,12.219095424,0.,109.772395893,12.623831294,0.,           85P   1154
125.501064191,12.828982027,0.,141.229164216,12.639743622,0.,          85P   1155
156.95389724,12.212075281,0.,172.674555979,11.550204204,0.,           85P   1156
188.391454362,10.70754743,0.,204.101117872,9.692589606,0.,            85P   1157
219.810261078,8.530371628,0.,235.494031601,7.262929634,0.,            85P   1158
251.243092528,5.868267873,0.,266.705836086,4.446978557,0.,            85P   1159
283.206384054,2.900304713,0.,295.8012569,1.657855721,0.,              85P   1160
314.082452814,0.122513706,0.,313.898419777,-0.004831611,0.,           85P   1161
313.892060505,-0.006934095,0.,0.500460928835015,                      85P   1162
1.00046092883435,0.,0.,1.;                                            85P   1163
102,4,71,75,79,83;                                                    87P   1164
102,4,73,77,81,85;                                                    89P   1165
142,1,69,87,89,1;                                                     91P   1166
144,69,1,0,91;                                                        93P   1167
S      1G      5D     94P   1167                                        T      1
