solid
 facet normal  0.0000000000e+00 -1.0000000000e+00 0.0000000000e+00
   outer loop
     vertex 2.1900000000e+01 0.0000000000e+00 1.1512102898e-06
     vertex 2.1484204483e+01 0.0000000000e+00 3.2986303149e-02
     vertex 2.1484289942e+01 0.0000000000e+00 2.8581678723e-02
   endloop
 endfacet
 facet normal  0.0000000000e+00 -1.0000000000e+00 0.0000000000e+00
   outer loop
     vertex 2.1484204483e+01 0.0000000000e+00 3.2986303149e-02
     vertex 2.0885974528e+01 0.0000000000e+00 6.4358885239e-02
     vertex 2.1484289942e+01 0.0000000000e+00 2.8581678723e-02
   endloop
 endfacet
 facet normal  0.0000000000e+00 -1.0000000000e+00 0.0000000000e+00
   outer loop
     vertex 2.1484289942e+01 0.0000000000e+00 2.8581678723e-02
     vertex 2.0885974528e+01 0.0000000000e+00 6.4358885239e-02
     vertex 2.0886043008e+01 0.0000000000e+00 4.7925460211e-02
   endloop
 endfacet
 facet normal  0.0000000000e+00 -1.0000000000e+00 0.0000000000e+00
   outer loop
     vertex 2.0885974528e+01 0.0000000000e+00 6.4358885239e-02
     vertex 2.0044180694e+01 0.0000000000e+00 9.7941008469e-02
     vertex 2.0886043008e+01 0.0000000000e+00 4.7925460211e-02
   endloop
 endfacet
 facet normal  0.0000000000e+00 -1.0000000000e+00 0.0000000000e+00
   outer loop
     vertex 2.0886043008e+01 0.0000000000e+00 4.7925460211e-02
     vertex 2.0044180694e+01 0.0000000000e+00 9.7941008469e-02
     vertex 2.0044199501e+01 0.0000000000e+00 5.8694505945e-02
   endloop
 endfacet
 facet normal  0.0000000000e+00 -1.0000000000e+00 0.0000000000e+00
   outer loop
     vertex 2.0044180694e+01 0.0000000000e+00 9.7941008469e-02
     vertex 1.8894155238e+01 0.0000000000e+00 1.3338791315e-01
     vertex 2.0044199501e+01 0.0000000000e+00 5.8694505945e-02
   endloop
 endfacet
 facet normal  0.0000000000e+00 -1.0000000000e+00 0.0000000000e+00
   outer loop
     vertex 2.0044199501e+01 0.0000000000e+00 5.8694505945e-02
     vertex 1.8894155238e+01 0.0000000000e+00 1.3338791315e-01
     vertex 1.8894200604e+01 0.0000000000e+00 5.6918139595e-02
   endloop
 endfacet
 facet normal  0.0000000000e+00 -1.0000000000e+00 0.0000000000e+00
   outer loop
     vertex 1.8894155238e+01 0.0000000000e+00 1.3338791315e-01
     vertex 1.7384352000e+01 0.0000000000e+00 1.6828486215e-01
     vertex 1.8894200604e+01 0.0000000000e+00 5.6918139595e-02
   endloop
 endfacet
 facet normal  0.0000000000e+00 -1.0000000000e+00 0.0000000000e+00
   outer loop
     vertex 1.8894200604e+01 0.0000000000e+00 5.6918139595e-02
     vertex 1.7384352000e+01 0.0000000000e+00 1.6828486215e-01
     vertex 1.7384691020e+01 0.0000000000e+00 3.7918252328e-02
   endloop
 endfacet
 facet normal  0.0000000000e+00 -1.0000000000e+00 0.0000000000e+00
   outer loop
     vertex 1.7384352000e+01 0.0000000000e+00 1.6828486215e-01
     vertex 1.5502038486e+01 0.0000000000e+00 1.9847490180e-01
     vertex 1.7384691020e+01 0.0000000000e+00 3.7918252328e-02
   endloop
 endfacet
 facet normal  0.0000000000e+00 -1.0000000000e+00 0.0000000000e+00
   outer loop
     vertex 1.7384691020e+01 0.0000000000e+00 3.7918252328e-02
     vertex 1.5502038486e+01 0.0000000000e+00 1.9847490180e-01
     vertex 1.5503210177e+01 0.0000000000e+00 6.4989237538e-04
   endloop
 endfacet
 facet normal  0.0000000000e+00 -1.0000000000e+00 0.0000000000e+00
   outer loop
     vertex 1.5502038486e+01 0.0000000000e+00 1.9847490180e-01
     vertex 1.3300767309e+01 0.0000000000e+00 2.1896201130e-01
     vertex 1.5503210177e+01 0.0000000000e+00 6.4989237538e-04
   endloop
 endfacet
 facet normal  0.0000000000e+00 -1.0000000000e+00 0.0000000000e+00
   outer loop
     vertex 1.5503210177e+01 0.0000000000e+00 6.4989237538e-04
     vertex 1.3300767309e+01 0.0000000000e+00 2.1896201130e-01
     vertex 1.3303513175e+01 0.0000000000e+00 -4.9505143105e-02
   endloop
 endfacet
 facet normal  0.0000000000e+00 -1.0000000000e+00 0.0000000000e+00
   outer loop
     vertex 1.3300767309e+01 0.0000000000e+00 2.1896201130e-01
     vertex 1.0911562626e+01 0.0000000000e+00 2.2552489531e-01
     vertex 1.3303513175e+01 0.0000000000e+00 -4.9505143105e-02
   endloop
 endfacet
 facet normal  0.0000000000e+00 -1.0000000000e+00 0.0000000000e+00
   outer loop
     vertex 1.3303513175e+01 0.0000000000e+00 -4.9505143105e-02
     vertex 1.0911562626e+01 0.0000000000e+00 2.2552489531e-01
     vertex 1.0916561742e+01 0.0000000000e+00 -1.0068710171e-01
   endloop
 endfacet
 facet normal  0.0000000000e+00 -1.0000000000e+00 0.0000000000e+00
   outer loop
     vertex 1.0911562626e+01 0.0000000000e+00 2.2552489531e-01
     vertex 8.5277012357e+00 0.0000000000e+00 -1.3533615338e-01
     vertex 1.0916561742e+01 0.0000000000e+00 -1.0068710171e-01
   endloop
 endfacet
 facet normal  0.0000000000e+00 -1.0000000000e+00 0.0000000000e+00
   outer loop
     vertex 1.0911562626e+01 0.0000000000e+00 2.2552489531e-01
     vertex 8.5202049784e+00 0.0000000000e+00 2.1648005678e-01
     vertex 8.5277012357e+00 0.0000000000e+00 -1.3533615338e-01
   endloop
 endfacet
 facet normal  0.0000000000e+00 -1.0000000000e+00 0.0000000000e+00
   outer loop
     vertex 8.5202049784e+00 0.0000000000e+00 2.1648005678e-01
     vertex 6.3242213999e+00 0.0000000000e+00 -1.4462229988e-01
     vertex 8.5277012357e+00 0.0000000000e+00 -1.3533615338e-01
   endloop
 endfacet
 facet normal  0.0000000000e+00 -1.0000000000e+00 0.0000000000e+00
   outer loop
     vertex 8.5202049784e+00 0.0000000000e+00 2.1648005678e-01
     vertex 6.3146442324e+00 0.0000000000e+00 1.9383249308e-01
     vertex 6.3242213999e+00 0.0000000000e+00 -1.4462229988e-01
   endloop
 endfacet
 facet normal  0.0000000000e+00 -1.0000000000e+00 0.0000000000e+00
   outer loop
     vertex 6.3146442324e+00 0.0000000000e+00 1.9383249308e-01
     vertex 4.4397683807e+00 0.0000000000e+00 -1.4140386284e-01
     vertex 6.3242213999e+00 0.0000000000e+00 -1.4462229988e-01
   endloop
 endfacet
 facet normal  0.0000000000e+00 -1.0000000000e+00 0.0000000000e+00
   outer loop
     vertex 6.3146442324e+00 0.0000000000e+00 1.9383249308e-01
     vertex 4.4288860751e+00 0.0000000000e+00 1.6190992534e-01
     vertex 4.4397683807e+00 0.0000000000e+00 -1.4140386284e-01
   endloop
 endfacet
 facet normal  0.0000000000e+00 -1.0000000000e+00 0.0000000000e+00
   outer loop
     vertex 4.4288860751e+00 0.0000000000e+00 1.6190992534e-01
     vertex 2.9294842685e+00 0.0000000000e+00 -1.3081793378e-01
     vertex 4.4397683807e+00 0.0000000000e+00 -1.4140386284e-01
   endloop
 endfacet
 facet normal  0.0000000000e+00 -1.0000000000e+00 0.0000000000e+00
   outer loop
     vertex 4.4288860751e+00 0.0000000000e+00 1.6190992534e-01
     vertex 2.9181946592e+00 0.0000000000e+00 1.2576510197e-01
     vertex 2.9294842685e+00 0.0000000000e+00 -1.3081793378e-01
   endloop
 endfacet
 facet normal  0.0000000000e+00 -1.0000000000e+00 0.0000000000e+00
   outer loop
     vertex 2.9181946592e+00 0.0000000000e+00 1.2576510197e-01
     vertex 1.7812020596e+00 0.0000000000e+00 -1.1592482818e-01
     vertex 2.9294842685e+00 0.0000000000e+00 -1.3081793378e-01
   endloop
 endfacet
 facet normal  0.0000000000e+00 -1.0000000000e+00 0.0000000000e+00
   outer loop
     vertex 2.9181946592e+00 0.0000000000e+00 1.2576510197e-01
     vertex 1.7703615224e+00 0.0000000000e+00 8.9574452183e-02
     vertex 1.7812020596e+00 0.0000000000e+00 -1.1592482818e-01
   endloop
 endfacet
 facet normal  0.0000000000e+00 -1.0000000000e+00 0.0000000000e+00
   outer loop
     vertex 1.7703615224e+00 0.0000000000e+00 8.9574452183e-02
     vertex 9.4354340130e-01 0.0000000000e+00 -9.7166225166e-02
     vertex 1.7812020596e+00 0.0000000000e+00 -1.1592482818e-01
   endloop
 endfacet
 facet normal  0.0000000000e+00 -1.0000000000e+00 0.0000000000e+00
   outer loop
     vertex 1.7703615224e+00 0.0000000000e+00 8.9574452183e-02
     vertex 9.3397418086e-01 0.0000000000e+00 5.5836904697e-02
     vertex 9.4354340130e-01 0.0000000000e+00 -9.7166225166e-02
   endloop
 endfacet
 facet normal  0.0000000000e+00 -1.0000000000e+00 0.0000000000e+00
   outer loop
     vertex 9.3397418086e-01 0.0000000000e+00 5.5836904697e-02
     vertex 3.5297230327e-01 0.0000000000e+00 -7.2478094448e-02
     vertex 9.4354340130e-01 0.0000000000e+00 -9.7166225166e-02
   endloop
 endfacet
 facet normal  0.0000000000e+00 -1.0000000000e+00 0.0000000000e+00
   outer loop
     vertex 9.3397418086e-01 0.0000000000e+00 5.5836904697e-02
     vertex 3.4567561603e-01 0.0000000000e+00 2.5343485364e-02
     vertex 3.5297230327e-01 0.0000000000e+00 -7.2478094448e-02
   endloop
 endfacet
 facet normal  0.0000000000e+00 -1.0000000000e+00 0.0000000000e+00
   outer loop
     vertex 3.4567561603e-01 0.0000000000e+00 2.5343485364e-02
     vertex 0.0000000000e+00 0.0000000000e+00 0.0000000000e+00
     vertex 3.5297230327e-01 0.0000000000e+00 -7.2478094448e-02
   endloop
 endfacet
 facet normal  -0.0000000000e+00 -1.0000000000e+00 0.0000000000e+00
   outer loop
     vertex 0.0000000000e+00 0.0000000000e+00 0.0000000000e+00
     vertex 3.4567561603e-01 0.0000000000e+00 2.5343485364e-02
     vertex 3.3837892879e-01 0.0000000000e+00 1.2316506518e-01
   endloop
 endfacet
 facet normal  -0.0000000000e+00 -1.0000000000e+00 0.0000000000e+00
   outer loop
     vertex 3.4567561603e-01 0.0000000000e+00 2.5343485364e-02
     vertex 9.3397418086e-01 0.0000000000e+00 5.5836904697e-02
     vertex 3.3837892879e-01 0.0000000000e+00 1.2316506518e-01
   endloop
 endfacet
 facet normal  0.0000000000e+00 -1.0000000000e+00 0.0000000000e+00
   outer loop
     vertex 3.3837892879e-01 0.0000000000e+00 1.2316506518e-01
     vertex 9.3397418086e-01 0.0000000000e+00 5.5836904697e-02
     vertex 9.2440496043e-01 0.0000000000e+00 2.0884003456e-01
   endloop
 endfacet
 facet normal  -0.0000000000e+00 -1.0000000000e+00 0.0000000000e+00
   outer loop
     vertex 9.3397418086e-01 0.0000000000e+00 5.5836904697e-02
     vertex 1.7703615224e+00 0.0000000000e+00 8.9574452183e-02
     vertex 9.2440496043e-01 0.0000000000e+00 2.0884003456e-01
   endloop
 endfacet
 facet normal  0.0000000000e+00 -1.0000000000e+00 0.0000000000e+00
   outer loop
     vertex 9.2440496043e-01 0.0000000000e+00 2.0884003456e-01
     vertex 1.7703615224e+00 0.0000000000e+00 8.9574452183e-02
     vertex 1.7595209852e+00 0.0000000000e+00 2.9507373254e-01
   endloop
 endfacet
 facet normal  -0.0000000000e+00 -1.0000000000e+00 0.0000000000e+00
   outer loop
     vertex 1.7703615224e+00 0.0000000000e+00 8.9574452183e-02
     vertex 2.9181946592e+00 0.0000000000e+00 1.2576510197e-01
     vertex 1.7595209852e+00 0.0000000000e+00 2.9507373254e-01
   endloop
 endfacet
 facet normal  0.0000000000e+00 -1.0000000000e+00 0.0000000000e+00
   outer loop
     vertex 1.7595209852e+00 0.0000000000e+00 2.9507373254e-01
     vertex 2.9181946592e+00 0.0000000000e+00 1.2576510197e-01
     vertex 2.9069050500e+00 0.0000000000e+00 3.8234813773e-01
   endloop
 endfacet
 facet normal  -0.0000000000e+00 -1.0000000000e+00 0.0000000000e+00
   outer loop
     vertex 2.9181946592e+00 0.0000000000e+00 1.2576510197e-01
     vertex 4.4288860751e+00 0.0000000000e+00 1.6190992534e-01
     vertex 2.9069050500e+00 0.0000000000e+00 3.8234813773e-01
   endloop
 endfacet
 facet normal  0.0000000000e+00 -1.0000000000e+00 0.0000000000e+00
   outer loop
     vertex 2.9069050500e+00 0.0000000000e+00 3.8234813773e-01
     vertex 4.4288860751e+00 0.0000000000e+00 1.6190992534e-01
     vertex 4.4180037695e+00 0.0000000000e+00 4.6522371352e-01
   endloop
 endfacet
 facet normal  -0.0000000000e+00 -1.0000000000e+00 0.0000000000e+00
   outer loop
     vertex 4.4288860751e+00 0.0000000000e+00 1.6190992534e-01
     vertex 6.3146442324e+00 0.0000000000e+00 1.9383249308e-01
     vertex 4.4180037695e+00 0.0000000000e+00 4.6522371352e-01
   endloop
 endfacet
 facet normal  0.0000000000e+00 -1.0000000000e+00 0.0000000000e+00
   outer loop
     vertex 4.4180037695e+00 0.0000000000e+00 4.6522371352e-01
     vertex 6.3146442324e+00 0.0000000000e+00 1.9383249308e-01
     vertex 6.3050670650e+00 0.0000000000e+00 5.3228728604e-01
   endloop
 endfacet
 facet normal  -0.0000000000e+00 -1.0000000000e+00 0.0000000000e+00
   outer loop
     vertex 6.3146442324e+00 0.0000000000e+00 1.9383249308e-01
     vertex 8.5202049784e+00 0.0000000000e+00 2.1648005678e-01
     vertex 6.3050670650e+00 0.0000000000e+00 5.3228728604e-01
   endloop
 endfacet
 facet normal  0.0000000000e+00 -1.0000000000e+00 0.0000000000e+00
   outer loop
     vertex 6.3050670650e+00 0.0000000000e+00 5.3228728604e-01
     vertex 8.5202049784e+00 0.0000000000e+00 2.1648005678e-01
     vertex 8.5127087211e+00 0.0000000000e+00 5.6829626694e-01
   endloop
 endfacet
 facet normal  -0.0000000000e+00 -1.0000000000e+00 0.0000000000e+00
   outer loop
     vertex 8.5202049784e+00 0.0000000000e+00 2.1648005678e-01
     vertex 1.0911562626e+01 0.0000000000e+00 2.2552489531e-01
     vertex 8.5127087211e+00 0.0000000000e+00 5.6829626694e-01
   endloop
 endfacet
 facet normal  0.0000000000e+00 -1.0000000000e+00 0.0000000000e+00
   outer loop
     vertex 8.5127087211e+00 0.0000000000e+00 5.6829626694e-01
     vertex 1.0911562626e+01 0.0000000000e+00 2.2552489531e-01
     vertex 1.0906563509e+01 0.0000000000e+00 5.5173689233e-01
   endloop
 endfacet
 facet normal  -0.0000000000e+00 -1.0000000000e+00 0.0000000000e+00
   outer loop
     vertex 1.0911562626e+01 0.0000000000e+00 2.2552489531e-01
     vertex 1.3298021442e+01 0.0000000000e+00 4.8742916571e-01
     vertex 1.0906563509e+01 0.0000000000e+00 5.5173689233e-01
   endloop
 endfacet
 facet normal  0.0000000000e+00 -1.0000000000e+00 0.0000000000e+00
   outer loop
     vertex 1.0911562626e+01 0.0000000000e+00 2.2552489531e-01
     vertex 1.3300767309e+01 0.0000000000e+00 2.1896201130e-01
     vertex 1.3298021442e+01 0.0000000000e+00 4.8742916571e-01
   endloop
 endfacet
 facet normal  -0.0000000000e+00 -1.0000000000e+00 0.0000000000e+00
   outer loop
     vertex 1.3300767309e+01 0.0000000000e+00 2.1896201130e-01
     vertex 1.5500866796e+01 0.0000000000e+00 3.9629991123e-01
     vertex 1.3298021442e+01 0.0000000000e+00 4.8742916571e-01
   endloop
 endfacet
 facet normal  0.0000000000e+00 -1.0000000000e+00 0.0000000000e+00
   outer loop
     vertex 1.3300767309e+01 0.0000000000e+00 2.1896201130e-01
     vertex 1.5502038486e+01 0.0000000000e+00 1.9847490180e-01
     vertex 1.5500866796e+01 0.0000000000e+00 3.9629991123e-01
   endloop
 endfacet
 facet normal  -0.0000000000e+00 -1.0000000000e+00 0.0000000000e+00
   outer loop
     vertex 1.5502038486e+01 0.0000000000e+00 1.9847490180e-01
     vertex 1.7384012980e+01 0.0000000000e+00 2.9865147197e-01
     vertex 1.5500866796e+01 0.0000000000e+00 3.9629991123e-01
   endloop
 endfacet
 facet normal  0.0000000000e+00 -1.0000000000e+00 0.0000000000e+00
   outer loop
     vertex 1.5502038486e+01 0.0000000000e+00 1.9847490180e-01
     vertex 1.7384352000e+01 0.0000000000e+00 1.6828486215e-01
     vertex 1.7384012980e+01 0.0000000000e+00 2.9865147197e-01
   endloop
 endfacet
 facet normal  -0.0000000000e+00 -1.0000000000e+00 0.0000000000e+00
   outer loop
     vertex 1.7384352000e+01 0.0000000000e+00 1.6828486215e-01
     vertex 1.8894109872e+01 0.0000000000e+00 2.0985768671e-01
     vertex 1.7384012980e+01 0.0000000000e+00 2.9865147197e-01
   endloop
 endfacet
 facet normal  0.0000000000e+00 -1.0000000000e+00 0.0000000000e+00
   outer loop
     vertex 1.7384352000e+01 0.0000000000e+00 1.6828486215e-01
     vertex 1.8894155238e+01 0.0000000000e+00 1.3338791315e-01
     vertex 1.8894109872e+01 0.0000000000e+00 2.0985768671e-01
   endloop
 endfacet
 facet normal  -0.0000000000e+00 -1.0000000000e+00 0.0000000000e+00
   outer loop
     vertex 1.8894155238e+01 0.0000000000e+00 1.3338791315e-01
     vertex 2.0044161887e+01 0.0000000000e+00 1.3718751099e-01
     vertex 1.8894109872e+01 0.0000000000e+00 2.0985768671e-01
   endloop
 endfacet
 facet normal  0.0000000000e+00 -1.0000000000e+00 0.0000000000e+00
   outer loop
     vertex 1.8894155238e+01 0.0000000000e+00 1.3338791315e-01
     vertex 2.0044180694e+01 0.0000000000e+00 9.7941008469e-02
     vertex 2.0044161887e+01 0.0000000000e+00 1.3718751099e-01
   endloop
 endfacet
 facet normal  0.0000000000e+00 -1.0000000000e+00 0.0000000000e+00
   outer loop
     vertex 2.0044180694e+01 0.0000000000e+00 9.7941008469e-02
     vertex 2.0885906048e+01 0.0000000000e+00 8.0792310266e-02
     vertex 2.0044161887e+01 0.0000000000e+00 1.3718751099e-01
   endloop
 endfacet
 facet normal  0.0000000000e+00 -1.0000000000e+00 0.0000000000e+00
   outer loop
     vertex 2.0044180694e+01 0.0000000000e+00 9.7941008469e-02
     vertex 2.0885974528e+01 0.0000000000e+00 6.4358885239e-02
     vertex 2.0885906048e+01 0.0000000000e+00 8.0792310266e-02
   endloop
 endfacet
 facet normal  0.0000000000e+00 -1.0000000000e+00 0.0000000000e+00
   outer loop
     vertex 2.0885974528e+01 0.0000000000e+00 6.4358885239e-02
     vertex 2.1484119023e+01 0.0000000000e+00 3.7390927575e-02
     vertex 2.0885906048e+01 0.0000000000e+00 8.0792310266e-02
   endloop
 endfacet
 facet normal  0.0000000000e+00 -1.0000000000e+00 0.0000000000e+00
   outer loop
     vertex 2.0885974528e+01 0.0000000000e+00 6.4358885239e-02
     vertex 2.1484204483e+01 0.0000000000e+00 3.2986303149e-02
     vertex 2.1484119023e+01 0.0000000000e+00 3.7390927575e-02
   endloop
 endfacet
 facet normal  0.0000000000e+00 -1.0000000000e+00 0.0000000000e+00
   outer loop
     vertex 2.1484204483e+01 0.0000000000e+00 3.2986303149e-02
     vertex 2.1900000000e+01 0.0000000000e+00 1.1512102898e-06
     vertex 2.1484119023e+01 0.0000000000e+00 3.7390927575e-02
   endloop
 endfacet
 facet normal  0.0000000000e+00 -1.0000000000e+00 0.0000000000e+00
   outer loop
     vertex 2.1900000000e+01 0.0000000000e+00 1.1512102898e-06
     vertex 2.1484289942e+01 0.0000000000e+00 2.8581678723e-02
     vertex 2.1484375401e+01 0.0000000000e+00 2.4177054297e-02
   endloop
 endfacet
 facet normal  0.0000000000e+00 -1.0000000000e+00 0.0000000000e+00
   outer loop
     vertex 2.1484289942e+01 0.0000000000e+00 2.8581678723e-02
     vertex 2.0886043008e+01 0.0000000000e+00 4.7925460211e-02
     vertex 2.1484375401e+01 0.0000000000e+00 2.4177054297e-02
   endloop
 endfacet
 facet normal  0.0000000000e+00 -1.0000000000e+00 0.0000000000e+00
   outer loop
     vertex 2.1484375401e+01 0.0000000000e+00 2.4177054297e-02
     vertex 2.0886043008e+01 0.0000000000e+00 4.7925460211e-02
     vertex 2.0886111488e+01 0.0000000000e+00 3.1492035183e-02
   endloop
 endfacet
 facet normal  0.0000000000e+00 -1.0000000000e+00 0.0000000000e+00
   outer loop
     vertex 2.0886043008e+01 0.0000000000e+00 4.7925460211e-02
     vertex 2.0044199501e+01 0.0000000000e+00 5.8694505945e-02
     vertex 2.0886111488e+01 0.0000000000e+00 3.1492035183e-02
   endloop
 endfacet
 facet normal  0.0000000000e+00 -1.0000000000e+00 0.0000000000e+00
   outer loop
     vertex 2.0886111488e+01 0.0000000000e+00 3.1492035183e-02
     vertex 2.0044199501e+01 0.0000000000e+00 5.8694505945e-02
     vertex 2.0044218307e+01 0.0000000000e+00 1.9448003421e-02
   endloop
 endfacet
 facet normal  0.0000000000e+00 -1.0000000000e+00 0.0000000000e+00
   outer loop
     vertex 2.0044199501e+01 0.0000000000e+00 5.8694505945e-02
     vertex 1.8894200604e+01 0.0000000000e+00 5.6918139595e-02
     vertex 2.0044218307e+01 0.0000000000e+00 1.9448003421e-02
   endloop
 endfacet
 facet normal  0.0000000000e+00 -1.0000000000e+00 0.0000000000e+00
   outer loop
     vertex 2.0044218307e+01 0.0000000000e+00 1.9448003421e-02
     vertex 1.8894200604e+01 0.0000000000e+00 5.6918139595e-02
     vertex 1.8894245971e+01 0.0000000000e+00 -1.9551633962e-02
   endloop
 endfacet
 facet normal  0.0000000000e+00 -1.0000000000e+00 0.0000000000e+00
   outer loop
     vertex 1.8894200604e+01 0.0000000000e+00 5.6918139595e-02
     vertex 1.7384691020e+01 0.0000000000e+00 3.7918252328e-02
     vertex 1.8894245971e+01 0.0000000000e+00 -1.9551633962e-02
   endloop
 endfacet
 facet normal  0.0000000000e+00 -1.0000000000e+00 0.0000000000e+00
   outer loop
     vertex 1.8894245971e+01 0.0000000000e+00 -1.9551633962e-02
     vertex 1.7384691020e+01 0.0000000000e+00 3.7918252328e-02
     vertex 1.7385030039e+01 0.0000000000e+00 -9.2448357494e-02
   endloop
 endfacet
 facet normal  0.0000000000e+00 -1.0000000000e+00 0.0000000000e+00
   outer loop
     vertex 1.7384691020e+01 0.0000000000e+00 3.7918252328e-02
     vertex 1.5503210177e+01 0.0000000000e+00 6.4989237538e-04
     vertex 1.7385030039e+01 0.0000000000e+00 -9.2448357494e-02
   endloop
 endfacet
 facet normal  0.0000000000e+00 -1.0000000000e+00 0.0000000000e+00
   outer loop
     vertex 1.7385030039e+01 0.0000000000e+00 -9.2448357494e-02
     vertex 1.5503210177e+01 0.0000000000e+00 6.4989237538e-04
     vertex 1.5504381867e+01 0.0000000000e+00 -1.9717511705e-01
   endloop
 endfacet
 facet normal  0.0000000000e+00 -1.0000000000e+00 0.0000000000e+00
   outer loop
     vertex 1.5503210177e+01 0.0000000000e+00 6.4989237538e-04
     vertex 1.3303513175e+01 0.0000000000e+00 -4.9505143105e-02
     vertex 1.5504381867e+01 0.0000000000e+00 -1.9717511705e-01
   endloop
 endfacet
 facet normal  0.0000000000e+00 -1.0000000000e+00 0.0000000000e+00
   outer loop
     vertex 1.5504381867e+01 0.0000000000e+00 -1.9717511705e-01
     vertex 1.3303513175e+01 0.0000000000e+00 -4.9505143105e-02
     vertex 1.3306259042e+01 0.0000000000e+00 -3.1797229751e-01
   endloop
 endfacet
 facet normal  0.0000000000e+00 -1.0000000000e+00 0.0000000000e+00
   outer loop
     vertex 1.3303513175e+01 0.0000000000e+00 -4.9505143105e-02
     vertex 1.0916561742e+01 0.0000000000e+00 -1.0068710171e-01
     vertex 1.3306259042e+01 0.0000000000e+00 -3.1797229751e-01
   endloop
 endfacet
 facet normal  0.0000000000e+00 -1.0000000000e+00 0.0000000000e+00
   outer loop
     vertex 1.3306259042e+01 0.0000000000e+00 -3.1797229751e-01
     vertex 1.0916561742e+01 0.0000000000e+00 -1.0068710171e-01
     vertex 1.0921560859e+01 0.0000000000e+00 -4.2689909873e-01
   endloop
 endfacet
 facet normal  0.0000000000e+00 -1.0000000000e+00 0.0000000000e+00
   outer loop
     vertex 1.0916561742e+01 0.0000000000e+00 -1.0068710171e-01
     vertex 8.5351974931e+00 0.0000000000e+00 -4.8715236354e-01
     vertex 1.0921560859e+01 0.0000000000e+00 -4.2689909873e-01
   endloop
 endfacet
 facet normal  0.0000000000e+00 -1.0000000000e+00 0.0000000000e+00
   outer loop
     vertex 1.0916561742e+01 0.0000000000e+00 -1.0068710171e-01
     vertex 8.5277012357e+00 0.0000000000e+00 -1.3533615338e-01
     vertex 8.5351974931e+00 0.0000000000e+00 -4.8715236354e-01
   endloop
 endfacet
 facet normal  0.0000000000e+00 -1.0000000000e+00 0.0000000000e+00
   outer loop
     vertex 8.5277012357e+00 0.0000000000e+00 -1.3533615338e-01
     vertex 6.3337985673e+00 0.0000000000e+00 -4.8307709284e-01
     vertex 8.5351974931e+00 0.0000000000e+00 -4.8715236354e-01
   endloop
 endfacet
 facet normal  0.0000000000e+00 -1.0000000000e+00 0.0000000000e+00
   outer loop
     vertex 8.5277012357e+00 0.0000000000e+00 -1.3533615338e-01
     vertex 6.3242213999e+00 0.0000000000e+00 -1.4462229988e-01
     vertex 6.3337985673e+00 0.0000000000e+00 -4.8307709284e-01
   endloop
 endfacet
 facet normal  0.0000000000e+00 -1.0000000000e+00 0.0000000000e+00
   outer loop
     vertex 6.3242213999e+00 0.0000000000e+00 -1.4462229988e-01
     vertex 4.4506506862e+00 0.0000000000e+00 -4.4471765101e-01
     vertex 6.3337985673e+00 0.0000000000e+00 -4.8307709284e-01
   endloop
 endfacet
 facet normal  0.0000000000e+00 -1.0000000000e+00 0.0000000000e+00
   outer loop
     vertex 6.3242213999e+00 0.0000000000e+00 -1.4462229988e-01
     vertex 4.4397683807e+00 0.0000000000e+00 -1.4140386284e-01
     vertex 4.4506506862e+00 0.0000000000e+00 -4.4471765101e-01
   endloop
 endfacet
 facet normal  0.0000000000e+00 -1.0000000000e+00 0.0000000000e+00
   outer loop
     vertex 4.4397683807e+00 0.0000000000e+00 -1.4140386284e-01
     vertex 2.9407738777e+00 0.0000000000e+00 -3.8740096953e-01
     vertex 4.4506506862e+00 0.0000000000e+00 -4.4471765101e-01
   endloop
 endfacet
 facet normal  0.0000000000e+00 -1.0000000000e+00 0.0000000000e+00
   outer loop
     vertex 4.4397683807e+00 0.0000000000e+00 -1.4140386284e-01
     vertex 2.9294842685e+00 0.0000000000e+00 -1.3081793378e-01
     vertex 2.9407738777e+00 0.0000000000e+00 -3.8740096953e-01
   endloop
 endfacet
 facet normal  0.0000000000e+00 -1.0000000000e+00 0.0000000000e+00
   outer loop
     vertex 2.9294842685e+00 0.0000000000e+00 -1.3081793378e-01
     vertex 1.7920425967e+00 0.0000000000e+00 -3.2142410853e-01
     vertex 2.9407738777e+00 0.0000000000e+00 -3.8740096953e-01
   endloop
 endfacet
 facet normal  0.0000000000e+00 -1.0000000000e+00 0.0000000000e+00
   outer loop
     vertex 2.9294842685e+00 0.0000000000e+00 -1.3081793378e-01
     vertex 1.7812020596e+00 0.0000000000e+00 -1.1592482818e-01
     vertex 1.7920425967e+00 0.0000000000e+00 -3.2142410853e-01
   endloop
 endfacet
 facet normal  0.0000000000e+00 -1.0000000000e+00 0.0000000000e+00
   outer loop
     vertex 1.7812020596e+00 0.0000000000e+00 -1.1592482818e-01
     vertex 9.5311262174e-01 0.0000000000e+00 -2.5016935503e-01
     vertex 1.7920425967e+00 0.0000000000e+00 -3.2142410853e-01
   endloop
 endfacet
 facet normal  0.0000000000e+00 -1.0000000000e+00 0.0000000000e+00
   outer loop
     vertex 1.7812020596e+00 0.0000000000e+00 -1.1592482818e-01
     vertex 9.4354340130e-01 0.0000000000e+00 -9.7166225166e-02
     vertex 9.5311262174e-01 0.0000000000e+00 -2.5016935503e-01
   endloop
 endfacet
 facet normal  0.0000000000e+00 -1.0000000000e+00 0.0000000000e+00
   outer loop
     vertex 9.4354340130e-01 0.0000000000e+00 -9.7166225166e-02
     vertex 3.6026899052e-01 0.0000000000e+00 -1.7029967426e-01
     vertex 9.5311262174e-01 0.0000000000e+00 -2.5016935503e-01
   endloop
 endfacet
 facet normal  0.0000000000e+00 -1.0000000000e+00 0.0000000000e+00
   outer loop
     vertex 9.4354340130e-01 0.0000000000e+00 -9.7166225166e-02
     vertex 3.5297230327e-01 0.0000000000e+00 -7.2478094448e-02
     vertex 3.6026899052e-01 0.0000000000e+00 -1.7029967426e-01
   endloop
 endfacet
 facet normal  0.0000000000e+00 -1.0000000000e+00 0.0000000000e+00
   outer loop
     vertex 3.5297230327e-01 0.0000000000e+00 -7.2478094448e-02
     vertex 0.0000000000e+00 0.0000000000e+00 0.0000000000e+00
     vertex 3.6026899052e-01 0.0000000000e+00 -1.7029967426e-01
   endloop
 endfacet
 facet normal  -0.0000000000e+00 -1.0000000000e+00 0.0000000000e+00
   outer loop
     vertex 0.0000000000e+00 0.0000000000e+00 0.0000000000e+00
     vertex 3.3837892879e-01 0.0000000000e+00 1.2316506518e-01
     vertex 3.3108224155e-01 0.0000000000e+00 2.2098664499e-01
   endloop
 endfacet
 facet normal  -0.0000000000e+00 -1.0000000000e+00 0.0000000000e+00
   outer loop
     vertex 3.3837892879e-01 0.0000000000e+00 1.2316506518e-01
     vertex 9.2440496043e-01 0.0000000000e+00 2.0884003456e-01
     vertex 3.3108224155e-01 0.0000000000e+00 2.2098664499e-01
   endloop
 endfacet
 facet normal  0.0000000000e+00 -1.0000000000e+00 0.0000000000e+00
   outer loop
     vertex 3.3108224155e-01 0.0000000000e+00 2.2098664499e-01
     vertex 9.2440496043e-01 0.0000000000e+00 2.0884003456e-01
     vertex 9.1483573999e-01 0.0000000000e+00 3.6184316442e-01
   endloop
 endfacet
 facet normal  -0.0000000000e+00 -1.0000000000e+00 0.0000000000e+00
   outer loop
     vertex 9.2440496043e-01 0.0000000000e+00 2.0884003456e-01
     vertex 1.7595209852e+00 0.0000000000e+00 2.9507373254e-01
     vertex 9.1483573999e-01 0.0000000000e+00 3.6184316442e-01
   endloop
 endfacet
 facet normal  0.0000000000e+00 -1.0000000000e+00 0.0000000000e+00
   outer loop
     vertex 9.1483573999e-01 0.0000000000e+00 3.6184316442e-01
     vertex 1.7595209852e+00 0.0000000000e+00 2.9507373254e-01
     vertex 1.7486804480e+00 0.0000000000e+00 5.0057301290e-01
   endloop
 endfacet
 facet normal  -0.0000000000e+00 -1.0000000000e+00 0.0000000000e+00
   outer loop
     vertex 1.7595209852e+00 0.0000000000e+00 2.9507373254e-01
     vertex 2.9069050500e+00 0.0000000000e+00 3.8234813773e-01
     vertex 1.7486804480e+00 0.0000000000e+00 5.0057301290e-01
   endloop
 endfacet
 facet normal  0.0000000000e+00 -1.0000000000e+00 0.0000000000e+00
   outer loop
     vertex 1.7486804480e+00 0.0000000000e+00 5.0057301290e-01
     vertex 2.9069050500e+00 0.0000000000e+00 3.8234813773e-01
     vertex 2.8956154407e+00 0.0000000000e+00 6.3893117348e-01
   endloop
 endfacet
 facet normal  -0.0000000000e+00 -1.0000000000e+00 0.0000000000e+00
   outer loop
     vertex 2.9069050500e+00 0.0000000000e+00 3.8234813773e-01
     vertex 4.4180037695e+00 0.0000000000e+00 4.6522371352e-01
     vertex 2.8956154407e+00 0.0000000000e+00 6.3893117348e-01
   endloop
 endfacet
 facet normal  0.0000000000e+00 -1.0000000000e+00 0.0000000000e+00
   outer loop
     vertex 2.8956154407e+00 0.0000000000e+00 6.3893117348e-01
     vertex 4.4180037695e+00 0.0000000000e+00 4.6522371352e-01
     vertex 4.4071214639e+00 0.0000000000e+00 7.6853750170e-01
   endloop
 endfacet
 facet normal  -0.0000000000e+00 -1.0000000000e+00 0.0000000000e+00
   outer loop
     vertex 4.4180037695e+00 0.0000000000e+00 4.6522371352e-01
     vertex 6.3050670650e+00 0.0000000000e+00 5.3228728604e-01
     vertex 4.4071214639e+00 0.0000000000e+00 7.6853750170e-01
   endloop
 endfacet
 facet normal  0.0000000000e+00 -1.0000000000e+00 0.0000000000e+00
   outer loop
     vertex 4.4071214639e+00 0.0000000000e+00 7.6853750170e-01
     vertex 6.3050670650e+00 0.0000000000e+00 5.3228728604e-01
     vertex 6.2954898976e+00 0.0000000000e+00 8.7074207900e-01
   endloop
 endfacet
 facet normal  -0.0000000000e+00 -1.0000000000e+00 0.0000000000e+00
   outer loop
     vertex 6.3050670650e+00 0.0000000000e+00 5.3228728604e-01
     vertex 8.5127087211e+00 0.0000000000e+00 5.6829626694e-01
     vertex 6.2954898976e+00 0.0000000000e+00 8.7074207900e-01
   endloop
 endfacet
 facet normal  0.0000000000e+00 -1.0000000000e+00 0.0000000000e+00
   outer loop
     vertex 6.2954898976e+00 0.0000000000e+00 8.7074207900e-01
     vertex 8.5127087211e+00 0.0000000000e+00 5.6829626694e-01
     vertex 8.5052124637e+00 0.0000000000e+00 9.2011247711e-01
   endloop
 endfacet
 facet normal  0.0000000000e+00 -1.0000000000e+00 0.0000000000e+00
   outer loop
     vertex 8.5127087211e+00 0.0000000000e+00 5.6829626694e-01
     vertex 1.0906563509e+01 0.0000000000e+00 5.5173689233e-01
     vertex 8.5052124637e+00 0.0000000000e+00 9.2011247711e-01
   endloop
 endfacet
 facet normal  0.0000000000e+00 -1.0000000000e+00 0.0000000000e+00
   outer loop
     vertex 8.5052124637e+00 0.0000000000e+00 9.2011247711e-01
     vertex 1.0906563509e+01 0.0000000000e+00 5.5173689233e-01
     vertex 1.0901564392e+01 0.0000000000e+00 8.7794888935e-01
   endloop
 endfacet
 facet normal  -0.0000000000e+00 -1.0000000000e+00 0.0000000000e+00
   outer loop
     vertex 1.0906563509e+01 0.0000000000e+00 5.5173689233e-01
     vertex 1.3295275575e+01 0.0000000000e+00 7.5589632011e-01
     vertex 1.0901564392e+01 0.0000000000e+00 8.7794888935e-01
   endloop
 endfacet
 facet normal  0.0000000000e+00 -1.0000000000e+00 0.0000000000e+00
   outer loop
     vertex 1.0906563509e+01 0.0000000000e+00 5.5173689233e-01
     vertex 1.3298021442e+01 0.0000000000e+00 4.8742916571e-01
     vertex 1.3295275575e+01 0.0000000000e+00 7.5589632011e-01
   endloop
 endfacet
 facet normal  -0.0000000000e+00 -1.0000000000e+00 0.0000000000e+00
   outer loop
     vertex 1.3298021442e+01 0.0000000000e+00 4.8742916571e-01
     vertex 1.5499695106e+01 0.0000000000e+00 5.9412492065e-01
     vertex 1.3295275575e+01 0.0000000000e+00 7.5589632011e-01
   endloop
 endfacet
 facet normal  0.0000000000e+00 -1.0000000000e+00 0.0000000000e+00
   outer loop
     vertex 1.3298021442e+01 0.0000000000e+00 4.8742916571e-01
     vertex 1.5500866796e+01 0.0000000000e+00 3.9629991123e-01
     vertex 1.5499695106e+01 0.0000000000e+00 5.9412492065e-01
   endloop
 endfacet
 facet normal  -0.0000000000e+00 -1.0000000000e+00 0.0000000000e+00
   outer loop
     vertex 1.5500866796e+01 0.0000000000e+00 3.9629991123e-01
     vertex 1.7383673960e+01 0.0000000000e+00 4.2901808179e-01
     vertex 1.5499695106e+01 0.0000000000e+00 5.9412492065e-01
   endloop
 endfacet
 facet normal  0.0000000000e+00 -1.0000000000e+00 0.0000000000e+00
   outer loop
     vertex 1.5500866796e+01 0.0000000000e+00 3.9629991123e-01
     vertex 1.7384012980e+01 0.0000000000e+00 2.9865147197e-01
     vertex 1.7383673960e+01 0.0000000000e+00 4.2901808179e-01
   endloop
 endfacet
 facet normal  0.0000000000e+00 -1.0000000000e+00 0.0000000000e+00
   outer loop
     vertex 1.7384012980e+01 0.0000000000e+00 2.9865147197e-01
     vertex 1.8894064505e+01 0.0000000000e+00 2.8632746027e-01
     vertex 1.7383673960e+01 0.0000000000e+00 4.2901808179e-01
   endloop
 endfacet
 facet normal  0.0000000000e+00 -1.0000000000e+00 0.0000000000e+00
   outer loop
     vertex 1.7384012980e+01 0.0000000000e+00 2.9865147197e-01
     vertex 1.8894109872e+01 0.0000000000e+00 2.0985768671e-01
     vertex 1.8894064505e+01 0.0000000000e+00 2.8632746027e-01
   endloop
 endfacet
 facet normal  0.0000000000e+00 -1.0000000000e+00 0.0000000000e+00
   outer loop
     vertex 1.8894109872e+01 0.0000000000e+00 2.0985768671e-01
     vertex 2.0044143081e+01 0.0000000000e+00 1.7643401352e-01
     vertex 1.8894064505e+01 0.0000000000e+00 2.8632746027e-01
   endloop
 endfacet
 facet normal  0.0000000000e+00 -1.0000000000e+00 0.0000000000e+00
   outer loop
     vertex 1.8894109872e+01 0.0000000000e+00 2.0985768671e-01
     vertex 2.0044161887e+01 0.0000000000e+00 1.3718751099e-01
     vertex 2.0044143081e+01 0.0000000000e+00 1.7643401352e-01
   endloop
 endfacet
 facet normal  0.0000000000e+00 -1.0000000000e+00 0.0000000000e+00
   outer loop
     vertex 2.0044161887e+01 0.0000000000e+00 1.3718751099e-01
     vertex 2.0885837568e+01 0.0000000000e+00 9.7225735294e-02
     vertex 2.0044143081e+01 0.0000000000e+00 1.7643401352e-01
   endloop
 endfacet
 facet normal  0.0000000000e+00 -1.0000000000e+00 0.0000000000e+00
   outer loop
     vertex 2.0044161887e+01 0.0000000000e+00 1.3718751099e-01
     vertex 2.0885906048e+01 0.0000000000e+00 8.0792310266e-02
     vertex 2.0885837568e+01 0.0000000000e+00 9.7225735294e-02
   endloop
 endfacet
 facet normal  0.0000000000e+00 -1.0000000000e+00 0.0000000000e+00
   outer loop
     vertex 2.0885906048e+01 0.0000000000e+00 8.0792310266e-02
     vertex 2.1484033564e+01 0.0000000000e+00 4.1795552002e-02
     vertex 2.0885837568e+01 0.0000000000e+00 9.7225735294e-02
   endloop
 endfacet
 facet normal  0.0000000000e+00 -1.0000000000e+00 0.0000000000e+00
   outer loop
     vertex 2.0885906048e+01 0.0000000000e+00 8.0792310266e-02
     vertex 2.1484119023e+01 0.0000000000e+00 3.7390927575e-02
     vertex 2.1484033564e+01 0.0000000000e+00 4.1795552002e-02
   endloop
 endfacet
 facet normal  0.0000000000e+00 -1.0000000000e+00 0.0000000000e+00
   outer loop
     vertex 2.1484119023e+01 0.0000000000e+00 3.7390927575e-02
     vertex 2.1900000000e+01 0.0000000000e+00 1.1512102898e-06
     vertex 2.1484033564e+01 0.0000000000e+00 4.1795552002e-02
   endloop
 endfacet
 facet normal  -5.8057923477e-02 1.9955755590e-02 -9.9811374369e-01
   outer loop
     vertex 2.1900000000e+01 0.0000000000e+00 1.1512102898e-06
     vertex 2.1484375401e+01 0.0000000000e+00 2.4177054297e-02
     vertex 2.4813043531e+01 8.4750000000e+00 9.2096823181e-07
   endloop
 endfacet
 facet normal  -3.7071874138e-02 1.1709983483e-02 -9.9924399044e-01
   outer loop
     vertex 2.4813043531e+01 8.4750000000e+00 9.2096823181e-07
     vertex 2.1484375401e+01 0.0000000000e+00 2.4177054297e-02
     vertex 2.4434723258e+01 8.4750000000e+00 1.4036573619e-02
   endloop
 endfacet
 facet normal  -1.2226042309e-02 3.0597524982e-03 -9.9992057775e-01
   outer loop
     vertex 2.1484375401e+01 0.0000000000e+00 2.4177054297e-02
     vertex 2.0886111488e+01 0.0000000000e+00 3.1492035183e-02
     vertex 2.4434723258e+01 8.4750000000e+00 1.4036573619e-02
   endloop
 endfacet
 facet normal  2.9251075132e-03 -3.2844086945e-03 -9.9999032816e-01
   outer loop
     vertex 2.4434723258e+01 8.4750000000e+00 1.4036573619e-02
     vertex 2.0886111488e+01 0.0000000000e+00 3.1492035183e-02
     vertex 2.3890247244e+01 8.4750000000e+00 1.2443907337e-02
   endloop
 endfacet
 facet normal  1.4304043946e-02 -7.3176352670e-03 -9.9987091494e-01
   outer loop
     vertex 2.0886111488e+01 0.0000000000e+00 3.1492035183e-02
     vertex 2.0044218307e+01 0.0000000000e+00 1.9448003421e-02
     vertex 2.3890247244e+01 8.4750000000e+00 1.2443907337e-02
   endloop
 endfacet
 facet normal  2.5783101022e-02 -1.2526698586e-02 -9.9958907233e-01
   outer loop
     vertex 2.3890247244e+01 8.4750000000e+00 1.2443907337e-02
     vertex 2.0044218307e+01 0.0000000000e+00 1.9448003421e-02
     vertex 2.3124006155e+01 8.4750000000e+00 -7.3202857331e-03
   endloop
 endfacet
 facet normal  3.3890001313e-02 -1.5471825476e-02 -9.9930580426e-01
   outer loop
     vertex 2.0044218307e+01 0.0000000000e+00 1.9448003421e-02
     vertex 1.8894245971e+01 0.0000000000e+00 -1.9551633962e-02
     vertex 2.3124006155e+01 8.4750000000e+00 -7.3202857331e-03
   endloop
 endfacet
 facet normal  4.2379717648e-02 -1.9709505736e-02 -9.9890715030e-01
   outer loop
     vertex 2.3124006155e+01 8.4750000000e+00 -7.3202857331e-03
     vertex 1.8894245971e+01 0.0000000000e+00 -1.9551633962e-02
     vertex 2.2077243554e+01 8.4750000000e+00 -5.1730322696e-02
   endloop
 endfacet
 facet normal  4.8233233735e-02 -2.1906757649e-02 -9.9859583873e-01
   outer loop
     vertex 1.8894245971e+01 0.0000000000e+00 -1.9551633962e-02
     vertex 1.7385030039e+01 0.0000000000e+00 -9.2448357494e-02
     vertex 2.2077243554e+01 8.4750000000e+00 -5.1730322696e-02
   endloop
 endfacet
 facet normal  5.4188370680e-02 -2.5205681641e-02 -9.9821254956e-01
   outer loop
     vertex 2.2077243554e+01 8.4750000000e+00 -5.1730322696e-02
     vertex 1.7385030039e+01 0.0000000000e+00 -9.2448357494e-02
     vertex 2.0703273533e+01 8.4750000000e+00 -1.2631683920e-01
   endloop
 endfacet
 facet normal  5.5581944935e-02 -2.5750950324e-02 -9.9812200454e-01
   outer loop
     vertex 1.7385030039e+01 0.0000000000e+00 -9.2448357494e-02
     vertex 1.5504381867e+01 0.0000000000e+00 -1.9717511705e-01
     vertex 2.0703273533e+01 8.4750000000e+00 -1.2631683920e-01
   endloop
 endfacet
 facet normal  5.9617853915e-02 -2.8229240424e-02 -9.9782203898e-01
   outer loop
     vertex 2.0703273533e+01 8.4750000000e+00 -1.2631683920e-01
     vertex 1.5504381867e+01 0.0000000000e+00 -1.9717511705e-01
     vertex 1.8990914582e+01 8.4750000000e+00 -2.2862683216e-01
   endloop
 endfacet
 facet normal  5.4852967893e-02 -2.6270225227e-02 -9.9814880012e-01
   outer loop
     vertex 1.5504381867e+01 0.0000000000e+00 -1.9717511705e-01
     vertex 1.3306259042e+01 0.0000000000e+00 -3.1797229751e-01
     vertex 1.8990914582e+01 8.4750000000e+00 -2.2862683216e-01
   endloop
 endfacet
 facet normal  5.7619659042e-02 -2.8128176661e-02 -9.9794227316e-01
   outer loop
     vertex 1.8990914582e+01 8.4750000000e+00 -2.2862683216e-01
     vertex 1.3306259042e+01 0.0000000000e+00 -3.1797229751e-01
     vertex 1.6989273413e+01 8.4750000000e+00 -3.4419852884e-01
   endloop
 endfacet
 facet normal  4.5617836929e-02 -2.2914829998e-02 -9.9869611170e-01
   outer loop
     vertex 1.3306259042e+01 0.0000000000e+00 -3.1797229751e-01
     vertex 1.0921560859e+01 0.0000000000e+00 -4.2689909873e-01
     vertex 1.6989273413e+01 8.4750000000e+00 -3.4419852884e-01
   endloop
 endfacet
 facet normal  4.7643082085e-02 -2.4366070991e-02 -9.9856718918e-01
   outer loop
     vertex 1.6989273413e+01 8.4750000000e+00 -3.4419852884e-01
     vertex 1.0921560859e+01 0.0000000000e+00 -4.2689909873e-01
     vertex 1.4817572000e+01 8.4750000000e+00 -4.4781353819e-01
   endloop
 endfacet
 facet normal  2.7136649786e-02 -1.4941485751e-02 -9.9952006195e-01
   outer loop
     vertex 1.0921560859e+01 0.0000000000e+00 -4.2689909873e-01
     vertex 1.2644248609e+01 8.4750000000e+00 -5.0681857269e-01
     vertex 1.4817572000e+01 8.4750000000e+00 -4.4781353819e-01
   endloop
 endfacet
 facet normal  2.5238271429e-02 -1.4556130728e-02 -9.9957548425e-01
   outer loop
     vertex 1.0921560859e+01 0.0000000000e+00 -4.2689909873e-01
     vertex 8.5351974931e+00 0.0000000000e+00 -4.8715236354e-01
     vertex 1.2644248609e+01 8.4750000000e+00 -5.0681857269e-01
   endloop
 endfacet
 facet normal  -2.2702306397e-04 -2.2104202037e-03 -9.9999753125e-01
   outer loop
     vertex 8.5351974931e+00 0.0000000000e+00 -4.8715236354e-01
     vertex 1.0639276026e+01 8.4750000000e+00 -5.0636339655e-01
     vertex 1.2644248609e+01 8.4750000000e+00 -5.0681857269e-01
   endloop
 endfacet
 facet normal  -1.8512124344e-03 -1.8071825814e-03 -9.9999665355e-01
   outer loop
     vertex 8.5351974931e+00 0.0000000000e+00 -4.8715236354e-01
     vertex 6.3337985673e+00 0.0000000000e+00 -4.8307709284e-01
     vertex 1.0639276026e+01 8.4750000000e+00 -5.0636339655e-01
   endloop
 endfacet
 facet normal  -2.1172766903e-02 8.0092665539e-03 -9.9974374996e-01
   outer loop
     vertex 6.3337985673e+00 0.0000000000e+00 -4.8307709284e-01
     vertex 8.9241839176e+00 8.4750000000e+00 -4.7004084347e-01
     vertex 1.0639276026e+01 8.4750000000e+00 -5.0636339655e-01
   endloop
 endfacet
 facet normal  -2.0365012743e-02 7.7624051488e-03 -9.9976247745e-01
   outer loop
     vertex 6.3337985673e+00 0.0000000000e+00 -4.8307709284e-01
     vertex 4.4506506862e+00 0.0000000000e+00 -4.4471765101e-01
     vertex 8.9241839176e+00 8.4750000000e+00 -4.7004084347e-01
   endloop
 endfacet
 facet normal  -4.2596420435e-02 1.9499836407e-02 -9.9890204792e-01
   outer loop
     vertex 4.4506506862e+00 0.0000000000e+00 -4.4471765101e-01
     vertex 7.5494014412e+00 8.4750000000e+00 -4.1141566346e-01
     vertex 8.9241839176e+00 8.4750000000e+00 -4.7004084347e-01
   endloop
 endfacet
 facet normal  -3.7927836073e-02 1.7793706267e-02 -9.9912204623e-01
   outer loop
     vertex 4.4506506862e+00 0.0000000000e+00 -4.4471765101e-01
     vertex 2.9407738777e+00 0.0000000000e+00 -3.8740096953e-01
     vertex 7.5494014412e+00 8.4750000000e+00 -4.1141566346e-01
   endloop
 endfacet
 facet normal  -6.7454055219e-02 3.3855388625e-02 -9.9714781407e-01
   outer loop
     vertex 2.9407738777e+00 0.0000000000e+00 -3.8740096953e-01
     vertex 6.5042407271e+00 8.4750000000e+00 -3.4071367973e-01
     vertex 7.5494014412e+00 8.4750000000e+00 -4.1141566346e-01
   endloop
 endfacet
 facet normal  -5.7314931486e-02 2.9596450160e-02 -9.9791735568e-01
   outer loop
     vertex 2.9407738777e+00 0.0000000000e+00 -3.8740096953e-01
     vertex 1.7920425967e+00 0.0000000000e+00 -3.2142410853e-01
     vertex 6.5042407271e+00 8.4750000000e+00 -3.4071367973e-01
   endloop
 endfacet
 facet normal  -1.0262304865e-01 5.4799002723e-02 -9.9320973575e-01
   outer loop
     vertex 1.7920425967e+00 0.0000000000e+00 -3.2142410853e-01
     vertex 5.7424349892e+00 8.4750000000e+00 -2.6200036824e-01
     vertex 6.5042407271e+00 8.4750000000e+00 -3.4071367973e-01
   endloop
 endfacet
 facet normal  -8.4539475088e-02 4.6384769248e-02 -9.9533990693e-01
   outer loop
     vertex 1.7920425967e+00 0.0000000000e+00 -3.2142410853e-01
     vertex 9.5311262174e-01 0.0000000000e+00 -2.5016935503e-01
     vertex 5.7424349892e+00 8.4750000000e+00 -2.6200036824e-01
   endloop
 endfacet
 facet normal  -1.6541969189e-01 9.2109877403e-02 -9.8191246861e-01
   outer loop
     vertex 9.5311262174e-01 0.0000000000e+00 -2.5016935503e-01
     vertex 5.2074827846e+00 8.4750000000e+00 -1.7187866016e-01
     vertex 5.7424349892e+00 8.4750000000e+00 -2.6200036824e-01
   endloop
 endfacet
 facet normal  -1.3313103866e-01 7.5959207016e-02 -9.8818334605e-01
   outer loop
     vertex 9.5311262174e-01 0.0000000000e+00 -2.5016935503e-01
     vertex 3.6026899052e-01 0.0000000000e+00 -1.7029967426e-01
     vertex 5.2074827846e+00 8.4750000000e+00 -1.7187866016e-01
   endloop
 endfacet
 facet normal  -4.6257015351e-01 2.6440592700e-01 -8.4623776732e-01
   outer loop
     vertex 3.6026899052e-01 0.0000000000e+00 -1.7029967426e-01
     vertex 4.8930435314e+00 8.4750000000e+00 0.0000000000e+00
     vertex 5.2074827846e+00 8.4750000000e+00 -1.7187866016e-01
   endloop
 endfacet
 facet normal  -4.1491724583e-01 2.3955258357e-01 -8.7775750570e-01
   outer loop
     vertex 3.6026899052e-01 0.0000000000e+00 -1.7029967426e-01
     vertex 0.0000000000e+00 0.0000000000e+00 0.0000000000e+00
     vertex 4.8930435314e+00 8.4750000000e+00 0.0000000000e+00
   endloop
 endfacet
 facet normal  -5.2866875047e-01 3.0522704540e-01 7.9205164164e-01
   outer loop
     vertex 0.0000000000e+00 0.0000000000e+00 0.0000000000e+00
     vertex 3.3108224155e-01 0.0000000000e+00 2.2098664499e-01
     vertex 4.8930435314e+00 8.4750000000e+00 0.0000000000e+00
   endloop
 endfacet
 facet normal  -5.5838843563e-01 3.2052344219e-01 7.6515820454e-01
   outer loop
     vertex 4.8930435314e+00 8.4750000000e+00 0.0000000000e+00
     vertex 3.3108224155e-01 0.0000000000e+00 2.2098664499e-01
     vertex 5.1841333854e+00 8.4750000000e+00 2.1242823675e-01
   endloop
 endfacet
 facet normal  -2.3244472841e-01 1.3407795547e-01 9.6332369954e-01
   outer loop
     vertex 3.3108224155e-01 0.0000000000e+00 2.2098664499e-01
     vertex 9.1483573999e-01 0.0000000000e+00 3.6184316442e-01
     vertex 5.1841333854e+00 8.4750000000e+00 2.1242823675e-01
   endloop
 endfacet
 facet normal  -2.5193034637e-01 1.4378246605e-01 9.5700454703e-01
   outer loop
     vertex 5.1841333854e+00 8.4750000000e+00 2.1242823675e-01
     vertex 9.1483573999e-01 0.0000000000e+00 3.6184316442e-01
     vertex 5.7118134838e+00 8.4750000000e+00 3.5133941576e-01
   endloop
 endfacet
 facet normal  -1.6339575343e-01 9.3701655667e-02 9.8210072166e-01
   outer loop
     vertex 9.1483573999e-01 0.0000000000e+00 3.6184316442e-01
     vertex 1.7486804480e+00 0.0000000000e+00 5.0057301290e-01
     vertex 5.7118134838e+00 8.4750000000e+00 3.5133941576e-01
   endloop
 endfacet
 facet normal  -1.7167048253e-01 9.7539672421e-02 9.8031385675e-01
   outer loop
     vertex 5.7118134838e+00 8.4750000000e+00 3.5133941576e-01
     vertex 1.7486804480e+00 0.0000000000e+00 5.0057301290e-01
     vertex 6.4695510081e+00 8.4750000000e+00 4.8403280323e-01
   endloop
 endfacet
 facet normal  -1.1948345191e-01 6.8489499626e-02 9.9047104610e-01
   outer loop
     vertex 1.7486804480e+00 0.0000000000e+00 5.0057301290e-01
     vertex 2.8956154407e+00 0.0000000000e+00 6.3893117348e-01
     vertex 6.4695510081e+00 8.4750000000e+00 4.8403280323e-01
   endloop
 endfacet
 facet normal  -1.2199843216e-01 6.9543128502e-02 9.9009097351e-01
   outer loop
     vertex 6.4695510081e+00 8.4750000000e+00 4.8403280323e-01
     vertex 2.8956154407e+00 0.0000000000e+00 6.3893117348e-01
     vertex 7.5132746916e+00 8.4750000000e+00 6.1263982662e-01
   endloop
 endfacet
 facet normal  -8.5327925493e-02 4.9578559752e-02 9.9511864194e-01
   outer loop
     vertex 2.8956154407e+00 0.0000000000e+00 6.3893117348e-01
     vertex 4.4071214639e+00 0.0000000000e+00 7.6853750170e-01
     vertex 7.5132746916e+00 8.4750000000e+00 6.1263982662e-01
   endloop
 endfacet
 facet normal  -8.4225622760e-02 4.9176651416e-02 9.9523248612e-01
   outer loop
     vertex 7.5132746916e+00 8.4750000000e+00 6.1263982662e-01
     vertex 4.4071214639e+00 0.0000000000e+00 7.6853750170e-01
     vertex 8.8893605397e+00 8.4750000000e+00 7.2909672402e-01
   endloop
 endfacet
 facet normal  -5.4014306577e-02 3.3211380152e-02 9.9798770479e-01
   outer loop
     vertex 4.4071214639e+00 0.0000000000e+00 7.6853750170e-01
     vertex 6.2954898976e+00 0.0000000000e+00 8.7074207900e-01
     vertex 8.8893605397e+00 8.4750000000e+00 7.2909672402e-01
   endloop
 endfacet
 facet normal  -5.0742888567e-02 3.2213541211e-02 9.9819208924e-01
   outer loop
     vertex 8.8893605397e+00 8.4750000000e+00 7.2909672402e-01
     vertex 6.2954898976e+00 0.0000000000e+00 8.7074207900e-01
     vertex 1.0608629090e+01 8.4750000000e+00 8.1649538548e-01
   endloop
 endfacet
 facet normal  -2.2333252447e-02 1.7764133081e-02 9.9959274778e-01
   outer loop
     vertex 6.2954898976e+00 0.0000000000e+00 8.7074207900e-01
     vertex 8.5052124637e+00 0.0000000000e+00 9.2011247711e-01
     vertex 1.0608629090e+01 8.4750000000e+00 8.1649538548e-01
   endloop
 endfacet
 facet normal  -1.8233971313e-02 1.6747960827e-02 9.9969346707e-01
   outer loop
     vertex 1.0608629090e+01 8.4750000000e+00 8.1649538548e-01
     vertex 8.5052124637e+00 0.0000000000e+00 9.2011247711e-01
     vertex 1.2620260586e+01 8.4750000000e+00 8.5318666355e-01
   endloop
 endfacet
 facet normal  1.7592179784e-02 -6.4628010161e-04 9.9984503676e-01
   outer loop
     vertex 8.5052124637e+00 0.0000000000e+00 9.2011247711e-01
     vertex 1.0901564392e+01 0.0000000000e+00 8.7794888935e-01
     vertex 1.2620260586e+01 8.4750000000e+00 8.5318666355e-01
   endloop
 endfacet
 facet normal  2.0411539529e-02 -1.2181931280e-03 9.9979092067e-01
   outer loop
     vertex 1.2620260586e+01 8.4750000000e+00 8.5318666355e-01
     vertex 1.0901564392e+01 0.0000000000e+00 8.7794888935e-01
     vertex 1.4801574827e+01 8.4750000000e+00 8.0865337069e-01
   endloop
 endfacet
 facet normal  5.2294467917e-02 -1.5900535793e-02 9.9850511345e-01
   outer loop
     vertex 1.0901564392e+01 0.0000000000e+00 8.7794888935e-01
     vertex 1.6980486639e+01 8.4750000000e+00 6.9453774692e-01
     vertex 1.4801574827e+01 8.4750000000e+00 8.0865337069e-01
   endloop
 endfacet
 facet normal  5.0917031210e-02 -1.4910661085e-02 9.9859157222e-01
   outer loop
     vertex 1.0901564392e+01 0.0000000000e+00 8.7794888935e-01
     vertex 1.3295275575e+01 0.0000000000e+00 7.5589632011e-01
     vertex 1.6980486639e+01 8.4750000000e+00 6.9453774692e-01
   endloop
 endfacet
 facet normal  7.3704732753e-02 -2.4831242863e-02 9.9697092322e-01
   outer loop
     vertex 1.3295275575e+01 0.0000000000e+00 7.5589632011e-01
     vertex 1.8987165174e+01 8.4750000000e+00 5.4618667504e-01
     vertex 1.6980486639e+01 8.4750000000e+00 6.9453774692e-01
   endloop
 endfacet
 facet normal  7.3166312448e-02 -2.4468431440e-02 9.9701955176e-01
   outer loop
     vertex 1.3295275575e+01 0.0000000000e+00 7.5589632011e-01
     vertex 1.5499695106e+01 0.0000000000e+00 5.9412492065e-01
     vertex 1.8987165174e+01 8.4750000000e+00 5.4618667504e-01
   endloop
 endfacet
 facet normal  8.7443393129e-02 -3.0350887113e-02 9.9570702350e-01
   outer loop
     vertex 1.5499695106e+01 0.0000000000e+00 5.9412492065e-01
     vertex 2.0702188670e+01 8.4750000000e+00 3.9557261864e-01
     vertex 1.8987165174e+01 8.4750000000e+00 5.4618667504e-01
   endloop
 endfacet
 facet normal  8.7262770605e-02 -3.0239558939e-02 9.9572625653e-01
   outer loop
     vertex 1.5499695106e+01 0.0000000000e+00 5.9412492065e-01
     vertex 1.7383673960e+01 0.0000000000e+00 4.2901808179e-01
     vertex 2.0702188670e+01 8.4750000000e+00 3.9557261864e-01
   endloop
 endfacet
 facet normal  9.4382884552e-02 -3.3030461425e-02 9.9498786913e-01
   outer loop
     vertex 1.7383673960e+01 0.0000000000e+00 4.2901808179e-01
     vertex 2.2077098382e+01 8.4750000000e+00 2.6515098374e-01
     vertex 2.0702188670e+01 8.4750000000e+00 3.9557261864e-01
   endloop
 endfacet
 facet normal  9.4003212087e-02 -3.2819370177e-02 9.9503079604e-01
   outer loop
     vertex 1.7383673960e+01 0.0000000000e+00 4.2901808179e-01
     vertex 1.8894064505e+01 0.0000000000e+00 2.8632746027e-01
     vertex 2.2077098382e+01 8.4750000000e+00 2.6515098374e-01
   endloop
 endfacet
 facet normal  9.6097733037e-02 -3.3606594379e-02 9.9480441420e-01
   outer loop
     vertex 1.8894064505e+01 0.0000000000e+00 2.8632746027e-01
     vertex 2.3123945973e+01 8.4750000000e+00 1.6402589928e-01
     vertex 2.2077098382e+01 8.4750000000e+00 2.6515098374e-01
   endloop
 endfacet
 facet normal  9.5067645061e-02 -3.3090798692e-02 9.9492067116e-01
   outer loop
     vertex 1.8894064505e+01 0.0000000000e+00 2.8632746027e-01
     vertex 2.0044143081e+01 0.0000000000e+00 1.7643401352e-01
     vertex 2.3123945973e+01 8.4750000000e+00 1.6402589928e-01
   endloop
 endfacet
 facet normal  9.5445750864e-02 -3.3228261511e-02 9.9487988787e-01
   outer loop
     vertex 2.0044143081e+01 0.0000000000e+00 1.7643401352e-01
     vertex 2.3890028108e+01 8.4750000000e+00 9.0530309045e-02
     vertex 2.3123945973e+01 8.4750000000e+00 1.6402589928e-01
   endloop
 endfacet
 facet normal  9.3642573084e-02 -3.2407983354e-02 9.9507828392e-01
   outer loop
     vertex 2.0044143081e+01 0.0000000000e+00 1.7643401352e-01
     vertex 2.0885837568e+01 0.0000000000e+00 9.7225735294e-02
     vertex 2.3890028108e+01 8.4750000000e+00 9.0530309045e-02
   endloop
 endfacet
 facet normal  9.4647915386e-02 -3.2764438205e-02 9.9497148889e-01
   outer loop
     vertex 2.0885837568e+01 0.0000000000e+00 9.7225735294e-02
     vertex 2.4434449788e+01 8.4750000000e+00 3.8741511419e-02
     vertex 2.3890028108e+01 8.4750000000e+00 9.0530309045e-02
   endloop
 endfacet
 facet normal  9.2220468943e-02 -3.1746228620e-02 9.9523241611e-01
   outer loop
     vertex 2.0885837568e+01 0.0000000000e+00 9.7225735294e-02
     vertex 2.1484033564e+01 0.0000000000e+00 4.1795552002e-02
     vertex 2.4434449788e+01 8.4750000000e+00 3.8741511419e-02
   endloop
 endfacet
 facet normal  1.0173346380e-01 -3.5058378059e-02 9.9419374997e-01
   outer loop
     vertex 2.1484033564e+01 0.0000000000e+00 4.1795552002e-02
     vertex 2.4813043531e+01 8.4750000000e+00 9.2096823181e-07
     vertex 2.4434449788e+01 8.4750000000e+00 3.8741511419e-02
   endloop
 endfacet
 facet normal  9.9913088419e-02 -3.4342294627e-02 9.9440332942e-01
   outer loop
     vertex 2.1484033564e+01 0.0000000000e+00 4.1795552002e-02
     vertex 2.1900000000e+01 0.0000000000e+00 1.1512102898e-06
     vertex 2.4813043531e+01 8.4750000000e+00 9.2096823181e-07
   endloop
 endfacet
 facet normal  -3.7071406211e-02 1.2742228908e-02 -9.9923137783e-01
   outer loop
     vertex 2.4813043531e+01 8.4750000000e+00 9.2096823181e-07
     vertex 2.4434723258e+01 8.4750000000e+00 1.4036573619e-02
     vertex 2.7726087063e+01 1.6950000000e+01 6.9072617386e-07
   endloop
 endfacet
 facet normal  -1.1422143348e-02 2.7798839128e-03 -9.9993090106e-01
   outer loop
     vertex 2.7726087063e+01 1.6950000000e+01 6.9072617386e-07
     vertex 2.4434723258e+01 8.4750000000e+00 1.4036573619e-02
     vertex 2.7385071114e+01 1.6950000000e+01 3.8960929419e-03
   endloop
 endfacet
 facet normal  2.9251161160e-03 -2.2148109128e-03 -9.9999326913e-01
   outer loop
     vertex 2.4434723258e+01 8.4750000000e+00 1.4036573619e-02
     vertex 2.3890247244e+01 8.4750000000e+00 1.2443907337e-02
     vertex 2.7385071114e+01 1.6950000000e+01 3.8960929419e-03
   endloop
 endfacet
 facet normal  2.1393228333e-02 -9.8302076769e-03 -9.9972280998e-01
   outer loop
     vertex 2.7385071114e+01 1.6950000000e+01 3.8960929419e-03
     vertex 2.3890247244e+01 8.4750000000e+00 1.2443907337e-02
     vertex 2.6894383000e+01 1.6950000000e+01 -6.6042205090e-03
   endloop
 endfacet
 facet normal  2.5783452678e-02 -1.1386141856e-02 -9.9960270575e-01
   outer loop
     vertex 2.3890247244e+01 8.4750000000e+00 1.2443907337e-02
     vertex 2.3124006155e+01 8.4750000000e+00 -7.3202857331e-03
     vertex 2.6894383000e+01 1.6950000000e+01 -6.6042205090e-03
   endloop
 endfacet
 facet normal  3.9760780948e-02 -1.7604453087e-02 -9.9905413443e-01
   outer loop
     vertex 2.6894383000e+01 1.6950000000e+01 -6.6042205090e-03
     vertex 2.3124006155e+01 8.4750000000e+00 -7.3202857331e-03
     vertex 2.6203794002e+01 1.6950000000e+01 -3.4088574887e-02
   endloop
 endfacet
 facet normal  4.2380653222e-02 -1.8556111679e-02 -9.9892920217e-01
   outer loop
     vertex 2.3124006155e+01 8.4750000000e+00 -7.3202857331e-03
     vertex 2.2077243554e+01 8.4750000000e+00 -5.1730322696e-02
     vertex 2.6203794002e+01 1.6950000000e+01 -3.4088574887e-02
   endloop
 endfacet
 facet normal  5.2712775816e-02 -2.3588156150e-02 -9.9833108844e-01
   outer loop
     vertex 2.6203794002e+01 1.6950000000e+01 -3.4088574887e-02
     vertex 2.2077243554e+01 8.4750000000e+00 -5.1730322696e-02
     vertex 2.5260241137e+01 1.6950000000e+01 -8.3909011430e-02
   endloop
 endfacet
 facet normal  5.4189793044e-02 -2.4142536206e-02 -9.9823875114e-01
   outer loop
     vertex 2.2077243554e+01 8.4750000000e+00 -5.1730322696e-02
     vertex 2.0703273533e+01 8.4750000000e+00 -1.2631683920e-01
     vertex 2.5260241137e+01 1.6950000000e+01 -8.3909011430e-02
   endloop
 endfacet
 facet normal  6.1435935305e-02 -2.8041363326e-02 -9.9771704796e-01
   outer loop
     vertex 2.5260241137e+01 1.6950000000e+01 -8.3909011430e-02
     vertex 2.0703273533e+01 8.4750000000e+00 -1.2631683920e-01
     vertex 2.4021517026e+01 1.6950000000e+01 -1.6018532091e-01
   endloop
 endfacet
 facet normal  5.9619343350e-02 -2.7330626540e-02 -9.9784696760e-01
   outer loop
     vertex 2.0703273533e+01 8.4750000000e+00 -1.2631683920e-01
     vertex 1.8990914582e+01 8.4750000000e+00 -2.2862683216e-01
     vertex 2.4021517026e+01 1.6950000000e+01 -1.6018532091e-01
   endloop
 endfacet
 facet normal  6.4530257599e-02 -3.0248801626e-02 -9.9745719500e-01
   outer loop
     vertex 2.4021517026e+01 1.6950000000e+01 -1.6018532091e-01
     vertex 1.8990914582e+01 8.4750000000e+00 -2.2862683216e-01
     vertex 2.2477447297e+01 1.6950000000e+01 -2.6007854727e-01
   endloop
 endfacet
 facet normal  5.7620811905e-02 -2.7408197034e-02 -9.9796224015e-01
   outer loop
     vertex 1.8990914582e+01 8.4750000000e+00 -2.2862683216e-01
     vertex 1.6989273413e+01 8.4750000000e+00 -3.4419852884e-01
     vertex 2.2477447297e+01 1.6950000000e+01 -2.6007854727e-01
   endloop
 endfacet
 facet normal  6.0987626317e-02 -2.9591057199e-02 -9.9769979391e-01
   outer loop
     vertex 2.2477447297e+01 1.6950000000e+01 -2.6007854727e-01
     vertex 1.6989273413e+01 8.4750000000e+00 -3.4419852884e-01
     vertex 2.0672287784e+01 1.6950000000e+01 -3.7042476017e-01
   endloop
 endfacet
 facet normal  4.7643737782e-02 -2.3794877340e-02 -9.9858093215e-01
   outer loop
     vertex 1.6989273413e+01 8.4750000000e+00 -3.4419852884e-01
     vertex 1.4817572000e+01 8.4750000000e+00 -4.4781353819e-01
     vertex 2.0672287784e+01 1.6950000000e+01 -3.7042476017e-01
   endloop
 endfacet
 facet normal  5.0108485534e-02 -2.5499064933e-02 -9.9841821766e-01
   outer loop
     vertex 2.0672287784e+01 1.6950000000e+01 -3.7042476017e-01
     vertex 1.4817572000e+01 8.4750000000e+00 -4.4781353819e-01
     vertex 1.8713583142e+01 1.6950000000e+01 -4.6872797766e-01
   endloop
 endfacet
 facet normal  2.9446945024e-02 -1.6003341145e-02 -9.9943822746e-01
   outer loop
     vertex 1.4817572000e+01 8.4750000000e+00 -4.4781353819e-01
     vertex 1.6753299725e+01 1.6950000000e+01 -5.2648478185e-01
     vertex 1.8713583142e+01 1.6950000000e+01 -4.6872797766e-01
   endloop
 endfacet
 facet normal  2.7136429011e-02 -1.5476293167e-02 -9.9951193018e-01
   outer loop
     vertex 1.4817572000e+01 8.4750000000e+00 -4.4781353819e-01
     vertex 1.2644248609e+01 8.4750000000e+00 -5.0681857269e-01
     vertex 1.6753299725e+01 1.6950000000e+01 -5.2648478185e-01
   endloop
 endfacet
 facet normal  1.7499677960e-03 -3.1689424682e-03 -9.9999344769e-01
   outer loop
     vertex 1.2644248609e+01 8.4750000000e+00 -5.0681857269e-01
     vertex 1.4944753485e+01 1.6950000000e+01 -5.2964970026e-01
     vertex 1.6753299725e+01 1.6950000000e+01 -5.2648478185e-01
   endloop
 endfacet
 facet normal  -2.2702283205e-04 -2.6323045132e-03 -9.9999650971e-01
   outer loop
     vertex 1.2644248609e+01 8.4750000000e+00 -5.0681857269e-01
     vertex 1.0639276026e+01 8.4750000000e+00 -5.0636339655e-01
     vertex 1.4944753485e+01 1.6950000000e+01 -5.2964970026e-01
   endloop
 endfacet
 facet normal  -2.2155915736e-02 8.5087966246e-03 -9.9971831822e-01
   outer loop
     vertex 1.0639276026e+01 8.4750000000e+00 -5.0636339655e-01
     vertex 1.3397717149e+01 1.6950000000e+01 -4.9536403592e-01
     vertex 1.4944753485e+01 1.6950000000e+01 -5.2964970026e-01
   endloop
 endfacet
 facet normal  -2.1172736111e-02 8.1888226579e-03 -9.9974229601e-01
   outer loop
     vertex 1.0639276026e+01 8.4750000000e+00 -5.0636339655e-01
     vertex 8.9241839176e+00 8.4750000000e+00 -4.7004084347e-01
     vertex 1.3397717149e+01 1.6950000000e+01 -4.9536403592e-01
   endloop
 endfacet
 facet normal  -4.8277145648e-02 2.2499370875e-02 -9.9858054033e-01
   outer loop
     vertex 8.9241839176e+00 8.4750000000e+00 -4.7004084347e-01
     vertex 1.2158029005e+01 1.6950000000e+01 -4.3543035738e-01
     vertex 1.3397717149e+01 1.6950000000e+01 -4.9536403592e-01
   endloop
 endfacet
 facet normal  -4.2595713568e-02 2.0332725755e-02 -9.9888547164e-01
   outer loop
     vertex 8.9241839176e+00 8.4750000000e+00 -4.7004084347e-01
     vertex 7.5494014412e+00 8.4750000000e+00 -4.1141566346e-01
     vertex 1.2158029005e+01 1.6950000000e+01 -4.3543035738e-01
   endloop
 endfacet
 facet normal  -7.9784580915e-02 4.0563906692e-02 -9.9598644073e-01
   outer loop
     vertex 7.5494014412e+00 8.4750000000e+00 -4.1141566346e-01
     vertex 1.1216438857e+01 1.6950000000e+01 -3.6000325093e-01
     vertex 1.2158029005e+01 1.6950000000e+01 -4.3543035738e-01
   endloop
 endfacet
 facet normal  -6.7450839064e-02 3.5233991865e-02 -9.9710027085e-01
   outer loop
     vertex 7.5494014412e+00 8.4750000000e+00 -4.1141566346e-01
     vertex 6.5042407271e+00 8.4750000000e+00 -3.4071367973e-01
     vertex 1.1216438857e+01 1.6950000000e+01 -3.6000325093e-01
   endloop
 endfacet
 facet normal  -1.2459100749e-01 6.7020879611e-02 -9.8994206020e-01
   outer loop
     vertex 6.5042407271e+00 8.4750000000e+00 -3.4071367973e-01
     vertex 1.0531757357e+01 1.6950000000e+01 -2.7383138145e-01
     vertex 1.1216438857e+01 1.6950000000e+01 -3.6000325093e-01
   endloop
 endfacet
 facet normal  -1.0261271505e-01 5.6601283434e-02 -9.9310972477e-01
   outer loop
     vertex 6.5042407271e+00 8.4750000000e+00 -3.4071367973e-01
     vertex 5.7424349892e+00 8.4750000000e+00 -2.6200036824e-01
     vertex 1.0531757357e+01 1.6950000000e+01 -2.7383138145e-01
   endloop
 endfacet
 facet normal  -2.0454462128e-01 1.1423343807e-01 -9.7216882255e-01
   outer loop
     vertex 5.7424349892e+00 8.4750000000e+00 -2.6200036824e-01
     vertex 1.0054696579e+01 1.6950000000e+01 -1.7345764606e-01
     vertex 1.0531757357e+01 1.6950000000e+01 -2.7383138145e-01
   endloop
 endfacet
 facet normal  -1.6538394402e-01 9.4407226417e-02 -9.8170027333e-01
   outer loop
     vertex 5.7424349892e+00 8.4750000000e+00 -2.6200036824e-01
     vertex 5.2074827846e+00 8.4750000000e+00 -1.7187866016e-01
     vertex 1.0054696579e+01 1.6950000000e+01 -1.7345764606e-01
   endloop
 endfacet
 facet normal  -5.1813989699e-01 2.9619680521e-01 -8.0237055014e-01
   outer loop
     vertex 5.2074827846e+00 8.4750000000e+00 -1.7187866016e-01
     vertex 9.7860870628e+00 1.6950000000e+01 0.0000000000e+00
     vertex 1.0054696579e+01 1.6950000000e+01 -1.7345764606e-01
   endloop
 endfacet
 facet normal  -4.6224364253e-01 2.6687649144e-01 -8.4564043970e-01
   outer loop
     vertex 5.2074827846e+00 8.4750000000e+00 -1.7187866016e-01
     vertex 4.8930435314e+00 8.4750000000e+00 0.0000000000e+00
     vertex 9.7860870628e+00 1.6950000000e+01 0.0000000000e+00
   endloop
 endfacet
 facet normal  -5.5805446425e-01 3.2219289516e-01 7.6470056443e-01
   outer loop
     vertex 4.8930435314e+00 8.4750000000e+00 0.0000000000e+00
     vertex 5.1841333854e+00 8.4750000000e+00 2.1242823675e-01
     vertex 9.7860870628e+00 1.6950000000e+01 0.0000000000e+00
   endloop
 endfacet
 facet normal  -5.9273283810e-01 3.4015466464e-01 7.3004286639e-01
   outer loop
     vertex 9.7860870628e+00 1.6950000000e+01 0.0000000000e+00
     vertex 5.1841333854e+00 8.4750000000e+00 2.1242823675e-01
     vertex 1.0037184529e+01 1.6950000000e+01 2.0386982850e-01
   endloop
 endfacet
 facet normal  -2.5187767746e-01 1.4519928897e-01 9.5680447432e-01
   outer loop
     vertex 5.1841333854e+00 8.4750000000e+00 2.1242823675e-01
     vertex 5.7118134838e+00 8.4750000000e+00 3.5133941576e-01
     vertex 1.0037184529e+01 1.6950000000e+01 2.0386982850e-01
   endloop
 endfacet
 facet normal  -2.7543771761e-01 1.5707732702e-01 9.4839906002e-01
   outer loop
     vertex 1.0037184529e+01 1.6950000000e+01 2.0386982850e-01
     vertex 5.7118134838e+00 8.4750000000e+00 3.5133941576e-01
     vertex 1.0508791228e+01 1.6950000000e+01 3.4083566709e-01
   endloop
 endfacet
 facet normal  -1.7165630094e-01 9.8374935093e-02 9.8023287360e-01
   outer loop
     vertex 5.7118134838e+00 8.4750000000e+00 3.5133941576e-01
     vertex 6.4695510081e+00 8.4750000000e+00 4.8403280323e-01
     vertex 1.0508791228e+01 1.6950000000e+01 3.4083566709e-01
   endloop
 endfacet
 facet normal  -1.8171351227e-01 1.0312933524e-01 9.7792869866e-01
   outer loop
     vertex 1.0508791228e+01 1.6950000000e+01 3.4083566709e-01
     vertex 6.4695510081e+00 8.4750000000e+00 4.8403280323e-01
     vertex 1.1190421568e+01 1.6950000000e+01 4.6749259355e-01
   endloop
 endfacet
 facet normal  -1.2199548466e-01 6.9888001020e-02 9.9006705280e-01
   outer loop
     vertex 6.4695510081e+00 8.4750000000e+00 4.8403280323e-01
     vertex 7.5132746916e+00 8.4750000000e+00 6.1263982662e-01
     vertex 1.1190421568e+01 1.6950000000e+01 4.6749259355e-01
   endloop
 endfacet
 facet normal  -1.2505809146e-01 7.1208652023e-02 9.8959072431e-01
   outer loop
     vertex 1.1190421568e+01 1.6950000000e+01 4.6749259355e-01
     vertex 7.5132746916e+00 8.4750000000e+00 6.1263982662e-01
     vertex 1.2130933942e+01 1.6950000000e+01 5.8634847975e-01
   endloop
 endfacet
 facet normal  -8.4226442607e-02 4.8978792811e-02 9.9524217365e-01
   outer loop
     vertex 7.5132746916e+00 8.4750000000e+00 6.1263982662e-01
     vertex 8.8893605397e+00 8.4750000000e+00 7.2909672402e-01
     vertex 1.2130933942e+01 1.6950000000e+01 5.8634847975e-01
   endloop
 endfacet
 facet normal  -8.2883073923e-02 4.8467293619e-02 9.9537998649e-01
   outer loop
     vertex 1.2130933942e+01 1.6950000000e+01 5.8634847975e-01
     vertex 8.8893605397e+00 8.4750000000e+00 7.2909672402e-01
     vertex 1.3371599615e+01 1.6950000000e+01 6.8965594634e-01
   endloop
 endfacet
 facet normal  -5.0744070572e-02 3.1482884405e-02 9.9821534114e-01
   outer loop
     vertex 8.8893605397e+00 8.4750000000e+00 7.2909672402e-01
     vertex 1.0608629090e+01 8.4750000000e+00 8.1649538548e-01
     vertex 1.3371599615e+01 1.6950000000e+01 6.8965594634e-01
   endloop
 endfacet
 facet normal  -4.6756354058e-02 3.0186345777e-02 9.9845011287e-01
   outer loop
     vertex 1.3371599615e+01 1.6950000000e+01 6.8965594634e-01
     vertex 1.0608629090e+01 8.4750000000e+00 8.1649538548e-01
     vertex 1.4921768283e+01 1.6950000000e+01 7.6224869196e-01
   endloop
 endfacet
 facet normal  -1.8234287473e-02 1.5678823053e-02 9.9971080082e-01
   outer loop
     vertex 1.0608629090e+01 8.4750000000e+00 8.1649538548e-01
     vertex 1.2620260586e+01 8.4750000000e+00 8.5318666355e-01
     vertex 1.4921768283e+01 1.6950000000e+01 7.6224869196e-01
   endloop
 endfacet
 facet normal  -1.3237968242e-02 1.4323063082e-02 9.9980978494e-01
   outer loop
     vertex 1.4921768283e+01 1.6950000000e+01 7.6224869196e-01
     vertex 1.2620260586e+01 8.4750000000e+00 8.5318666355e-01
     vertex 1.6735308708e+01 1.6950000000e+01 7.8626084998e-01
   endloop
 endfacet
 facet normal  2.0411513210e-02 -2.0156489233e-03 9.9978963152e-01
   outer loop
     vertex 1.2620260586e+01 8.4750000000e+00 8.5318666355e-01
     vertex 1.4801574827e+01 8.4750000000e+00 8.0865337069e-01
     vertex 1.6735308708e+01 1.6950000000e+01 7.8626084998e-01
   endloop
 endfacet
 facet normal  2.3846836744e-02 -2.7996898098e-03 9.9971170350e-01
   outer loop
     vertex 1.6735308708e+01 1.6950000000e+01 7.8626084998e-01
     vertex 1.4801574827e+01 8.4750000000e+00 8.0865337069e-01
     vertex 1.8701585262e+01 1.6950000000e+01 7.3935785203e-01
   endloop
 endfacet
 facet normal  5.3973045025e-02 -1.6673813941e-02 9.9840317224e-01
   outer loop
     vertex 1.4801574827e+01 8.4750000000e+00 8.0865337069e-01
     vertex 2.0665697704e+01 1.6950000000e+01 6.3317917373e-01
     vertex 1.8701585262e+01 1.6950000000e+01 7.3935785203e-01
   endloop
 endfacet
 facet normal  5.2294788470e-02 -1.5510337278e-02 9.9851123406e-01
   outer loop
     vertex 1.4801574827e+01 8.4750000000e+00 8.0865337069e-01
     vertex 1.6980486639e+01 8.4750000000e+00 6.9453774692e-01
     vertex 2.0665697704e+01 1.6950000000e+01 6.3317917373e-01
   endloop
 endfacet
 facet normal  7.4361045475e-02 -2.5117034092e-02 9.9691502623e-01
   outer loop
     vertex 1.6980486639e+01 8.4750000000e+00 6.9453774692e-01
     vertex 2.2474635241e+01 1.6950000000e+01 4.9824842943e-01
     vertex 2.0665697704e+01 1.6950000000e+01 6.3317917373e-01
   endloop
 endfacet
 facet normal  7.3704990033e-02 -2.4690353127e-02 9.9697440334e-01
   outer loop
     vertex 1.6980486639e+01 8.4750000000e+00 6.9453774692e-01
     vertex 1.8987165174e+01 8.4750000000e+00 5.4618667504e-01
     vertex 2.2474635241e+01 1.6950000000e+01 4.9824842943e-01
   endloop
 endfacet
 facet normal  8.7663597998e-02 -3.0441626808e-02 9.9568489039e-01
   outer loop
     vertex 1.8987165174e+01 8.4750000000e+00 5.4618667504e-01
     vertex 2.4020703379e+01 1.6950000000e+01 3.6212715549e-01
     vertex 2.2474635241e+01 1.6950000000e+01 4.9824842943e-01
   endloop
 endfacet
 facet normal  8.7443500615e-02 -3.0310397584e-02 9.9570824743e-01
   outer loop
     vertex 1.8987165174e+01 8.4750000000e+00 5.4618667504e-01
     vertex 2.0702188670e+01 8.4750000000e+00 3.9557261864e-01
     vertex 2.4020703379e+01 1.6950000000e+01 3.6212715549e-01
   endloop
 endfacet
 facet normal  9.4845730831e-02 -3.3211893430e-02 9.9493781588e-01
   outer loop
     vertex 2.0702188670e+01 8.4750000000e+00 3.9557261864e-01
     vertex 2.5260132258e+01 1.6950000000e+01 2.4397450721e-01
     vertex 2.4020703379e+01 1.6950000000e+01 3.6212715549e-01
   endloop
 endfacet
 facet normal  9.4383097529e-02 -3.2962148906e-02 9.9499011434e-01
   outer loop
     vertex 2.0702188670e+01 8.4750000000e+00 3.9557261864e-01
     vertex 2.2077098382e+01 8.4750000000e+00 2.6515098374e-01
     vertex 2.5260132258e+01 1.6950000000e+01 2.4397450721e-01
   endloop
 endfacet
 facet normal  9.7353222094e-02 -3.4078475135e-02 9.9466627955e-01
   outer loop
     vertex 2.2077098382e+01 8.4750000000e+00 2.6515098374e-01
     vertex 2.6203748866e+01 1.6950000000e+01 1.5161778505e-01
     vertex 2.5260132258e+01 1.6950000000e+01 2.4397450721e-01
   endloop
 endfacet
 facet normal  9.6098188389e-02 -3.3465459974e-02 9.9480912801e-01
   outer loop
     vertex 2.2077098382e+01 8.4750000000e+00 2.6515098374e-01
     vertex 2.3123945973e+01 8.4750000000e+00 1.6402589928e-01
     vertex 2.6203748866e+01 1.6950000000e+01 1.5161778505e-01
   endloop
 endfacet
 facet normal  9.7643028906e-02 -3.4027100969e-02 9.9463963087e-01
   outer loop
     vertex 2.3123945973e+01 8.4750000000e+00 1.6402589928e-01
     vertex 2.6894218648e+01 1.6950000000e+01 8.3834882795e-02
     vertex 2.6203748866e+01 1.6950000000e+01 1.5161778505e-01
   endloop
 endfacet
 facet normal  9.5446323147e-02 -3.3047522856e-02 9.9488585307e-01
   outer loop
     vertex 2.3123945973e+01 8.4750000000e+00 1.6402589928e-01
     vertex 2.3890028108e+01 8.4750000000e+00 9.0530309045e-02
     vertex 2.6894218648e+01 1.6950000000e+01 8.3834882795e-02
   endloop
 endfacet
 facet normal  9.7605442611e-02 -3.3813066367e-02 9.9465061912e-01
   outer loop
     vertex 2.3890028108e+01 8.4750000000e+00 9.0530309045e-02
     vertex 2.7384866012e+01 1.6950000000e+01 3.5687470837e-02
     vertex 2.6894218648e+01 1.6950000000e+01 8.3834882795e-02
   endloop
 endfacet
 facet normal  9.4648450599e-02 -3.2591578021e-02 9.9497711524e-01
   outer loop
     vertex 2.3890028108e+01 8.4750000000e+00 9.0530309045e-02
     vertex 2.4434449788e+01 8.4750000000e+00 3.8741511419e-02
     vertex 2.7384866012e+01 1.6950000000e+01 3.5687470837e-02
   endloop
 endfacet
 facet normal  1.0395138982e-01 -3.5830601044e-02 9.9393675683e-01
   outer loop
     vertex 2.4434449788e+01 8.4750000000e+00 3.8741511419e-02
     vertex 2.7726087063e+01 1.6950000000e+01 6.9072617386e-07
     vertex 2.7384866012e+01 1.6950000000e+01 3.5687470837e-02
   endloop
 endfacet
 facet normal  1.0173378574e-01 -3.4968108267e-02 9.9419689611e-01
   outer loop
     vertex 2.4434449788e+01 8.4750000000e+00 3.8741511419e-02
     vertex 2.4813043531e+01 8.4750000000e+00 9.2096823181e-07
     vertex 2.7726087063e+01 1.6950000000e+01 6.9072617386e-07
   endloop
 endfacet
 facet normal  -1.1422099454e-02 3.9259991390e-03 -9.9992705843e-01
   outer loop
     vertex 2.7726087063e+01 1.6950000000e+01 6.9072617386e-07
     vertex 2.7385071114e+01 1.6950000000e+01 3.8960929419e-03
     vertex 3.0639130594e+01 2.5425000000e+01 4.6048411591e-07
   endloop
 endfacet
 facet normal  2.0556706580e-02 -8.3524978487e-03 -9.9975379849e-01
   outer loop
     vertex 3.0639130594e+01 2.5425000000e+01 4.6048411591e-07
     vertex 2.7385071114e+01 1.6950000000e+01 3.8960929419e-03
     vertex 3.0335418971e+01 2.5425000000e+01 -6.2443877355e-03
   endloop
 endfacet
 facet normal  2.1393462805e-02 -8.6437685045e-03 -9.9973376707e-01
   outer loop
     vertex 2.7385071114e+01 1.6950000000e+01 3.8960929419e-03
     vertex 2.6894383000e+01 1.6950000000e+01 -6.6042205090e-03
     vertex 3.0335418971e+01 2.5425000000e+01 -6.2443877355e-03
   endloop
 endfacet
 facet normal  4.4371019733e-02 -1.7973198201e-02 -9.9885343107e-01
   outer loop
     vertex 3.0335418971e+01 2.5425000000e+01 -6.2443877355e-03
     vertex 2.6894383000e+01 1.6950000000e+01 -6.6042205090e-03
     vertex 2.9898518756e+01 2.5425000000e+01 -2.5652348355e-02
   endloop
 endfacet
 facet normal  3.9761634618e-02 -1.6339807401e-02 -9.9907558428e-01
   outer loop
     vertex 2.6894383000e+01 1.6950000000e+01 -6.6042205090e-03
     vertex 2.6203794002e+01 1.6950000000e+01 -3.4088574887e-02
     vertex 2.9898518756e+01 2.5425000000e+01 -2.5652348355e-02
   endloop
 endfacet
 facet normal  5.7139054028e-02 -2.3916584155e-02 -9.9807971901e-01
   outer loop
     vertex 2.9898518756e+01 2.5425000000e+01 -2.5652348355e-02
     vertex 2.6203794002e+01 1.6950000000e+01 -3.4088574887e-02
     vertex 2.9283581849e+01 2.5425000000e+01 -6.0856864040e-02
   endloop
 endfacet
 facet normal  5.2714323396e-02 -2.2309537745e-02 -9.9836039817e-01
   outer loop
     vertex 2.6203794002e+01 1.6950000000e+01 -3.4088574887e-02
     vertex 2.5260241137e+01 1.6950000000e+01 -8.3909011430e-02
     vertex 2.9283581849e+01 2.5425000000e+01 -6.0856864040e-02
   endloop
 endfacet
 facet normal  6.5556183805e-02 -2.8408451651e-02 -9.9744440779e-01
   outer loop
     vertex 2.9283581849e+01 2.5425000000e+01 -6.0856864040e-02
     vertex 2.5260241137e+01 1.6950000000e+01 -8.3909011430e-02
     vertex 2.8443238720e+01 2.5425000000e+01 -1.1608770016e-01
   endloop
 endfacet
 facet normal  6.1437924380e-02 -2.6862894466e-02 -9.9774935046e-01
   outer loop
     vertex 2.5260241137e+01 1.6950000000e+01 -8.3909011430e-02
     vertex 2.4021517026e+01 1.6950000000e+01 -1.6018532091e-01
     vertex 2.8443238720e+01 2.5425000000e+01 -1.1608770016e-01
   endloop
 endfacet
 facet normal  7.0444042531e-02 -3.1565535090e-02 -9.9701617533e-01
   outer loop
     vertex 2.8443238720e+01 2.5425000000e+01 -1.1608770016e-01
     vertex 2.4021517026e+01 1.6950000000e+01 -1.6018532091e-01
     vertex 2.7339760520e+01 2.5425000000e+01 -1.9405380262e-01
   endloop
 endfacet
 facet normal  6.4532171620e-02 -2.9252722286e-02 -9.9748678040e-01
   outer loop
     vertex 2.4021517026e+01 1.6950000000e+01 -1.6018532091e-01
     vertex 2.2477447297e+01 1.6950000000e+01 -2.6007854727e-01
     vertex 2.7339760520e+01 2.5425000000e+01 -1.9405380262e-01
   endloop
 endfacet
 facet normal  7.0636649578e-02 -3.2759081860e-02 -9.9696404463e-01
   outer loop
     vertex 2.7339760520e+01 2.5425000000e+01 -1.9405380262e-01
     vertex 2.2477447297e+01 1.6950000000e+01 -2.6007854727e-01
     vertex 2.5963980013e+01 2.5425000000e+01 -2.9153026238e-01
   endloop
 endfacet
 facet normal  6.0989048423e-02 -2.8792969203e-02 -9.9772305822e-01
   outer loop
     vertex 2.2477447297e+01 1.6950000000e+01 -2.6007854727e-01
     vertex 2.0672287784e+01 1.6950000000e+01 -3.7042476017e-01
     vertex 2.5963980013e+01 2.5425000000e+01 -2.9153026238e-01
   endloop
 endfacet
 facet normal  6.5174795366e-02 -3.1409700406e-02 -9.9737940462e-01
   outer loop
     vertex 2.5963980013e+01 2.5425000000e+01 -2.9153026238e-01
     vertex 2.0672287784e+01 1.6950000000e+01 -3.7042476017e-01
     vertex 2.4355302154e+01 2.5425000000e+01 -3.9665099150e-01
   endloop
 endfacet
 facet normal  5.0109285029e-02 -2.4865885758e-02 -9.9843414769e-01
   outer loop
     vertex 2.0672287784e+01 1.6950000000e+01 -3.7042476017e-01
     vertex 1.8713583142e+01 1.6950000000e+01 -4.6872797766e-01
     vertex 2.4355302154e+01 2.5425000000e+01 -3.9665099150e-01
   endloop
 endfacet
 facet normal  5.3173930741e-02 -2.6907786935e-02 -9.9822267260e-01
   outer loop
     vertex 2.4355302154e+01 2.5425000000e+01 -3.9665099150e-01
     vertex 1.8713583142e+01 1.6950000000e+01 -4.6872797766e-01
     vertex 2.2609594284e+01 2.5425000000e+01 -4.8964241713e-01
   endloop
 endfacet
 facet normal  3.2319805420e-02 -1.7323739836e-02 -9.9932743293e-01
   outer loop
     vertex 1.8713583142e+01 1.6950000000e+01 -4.6872797766e-01
     vertex 2.0862350842e+01 2.5425000000e+01 -5.4615099100e-01
     vertex 2.2609594284e+01 2.5425000000e+01 -4.8964241713e-01
   endloop
 endfacet
 facet normal  2.9446660389e-02 -1.6596201058e-02 -9.9942856688e-01
   outer loop
     vertex 1.8713583142e+01 1.6950000000e+01 -4.6872797766e-01
     vertex 1.6753299725e+01 1.6950000000e+01 -5.2648478185e-01
     vertex 2.0862350842e+01 2.5425000000e+01 -5.4615099100e-01
   endloop
 endfacet
 facet normal  4.2086747829e-03 -4.3610038679e-03 -9.9998163418e-01
   outer loop
     vertex 1.6753299725e+01 1.6950000000e+01 -5.2648478185e-01
     vertex 1.9250230943e+01 2.5425000000e+01 -5.5293600397e-01
     vertex 2.0862350842e+01 2.5425000000e+01 -5.4615099100e-01
   endloop
 endfacet
 facet normal  1.7499650109e-03 -3.6366429475e-03 -9.9999185619e-01
   outer loop
     vertex 1.6753299725e+01 1.6950000000e+01 -5.2648478185e-01
     vertex 1.4944753485e+01 1.6950000000e+01 -5.2964970026e-01
     vertex 1.9250230943e+01 2.5425000000e+01 -5.5293600397e-01
   endloop
 endfacet
 facet normal  -2.3378586948e-02 9.1300307693e-03 -9.9968499249e-01
   outer loop
     vertex 1.4944753485e+01 1.6950000000e+01 -5.2964970026e-01
     vertex 1.7871250380e+01 2.5425000000e+01 -5.2068722838e-01
     vertex 1.9250230943e+01 2.5425000000e+01 -5.5293600397e-01
   endloop
 endfacet
 facet normal  -2.2155877769e-02 8.7078512658e-03 -9.9971660505e-01
   outer loop
     vertex 1.4944753485e+01 1.6950000000e+01 -5.2964970026e-01
     vertex 1.3397717149e+01 1.6950000000e+01 -4.9536403592e-01
     vertex 1.7871250380e+01 2.5425000000e+01 -5.2068722838e-01
   endloop
 endfacet
 facet normal  -5.5339101920e-02 2.6228395155e-02 -9.9812306610e-01
   outer loop
     vertex 1.3397717149e+01 1.6950000000e+01 -4.9536403592e-01
     vertex 1.6766656568e+01 2.5425000000e+01 -4.5944505131e-01
     vertex 1.7871250380e+01 2.5425000000e+01 -5.2068722838e-01
   endloop
 endfacet
 facet normal  -4.8276121724e-02 2.3422603871e-02 -9.9855936113e-01
   outer loop
     vertex 1.3397717149e+01 1.6950000000e+01 -4.9536403592e-01
     vertex 1.2158029005e+01 1.6950000000e+01 -4.3543035738e-01
     vertex 1.6766656568e+01 2.5425000000e+01 -4.5944505131e-01
   endloop
 endfacet
 facet normal  -9.5096439614e-02 4.8895229086e-02 -9.9426652551e-01
   outer loop
     vertex 1.2158029005e+01 1.6950000000e+01 -4.3543035738e-01
     vertex 1.5928636988e+01 2.5425000000e+01 -3.7929282213e-01
     vertex 1.6766656568e+01 2.5425000000e+01 -4.5944505131e-01
   endloop
 endfacet
 facet normal  -7.9779535270e-02 4.2091568209e-02 -9.9592345370e-01
   outer loop
     vertex 1.2158029005e+01 1.6950000000e+01 -4.3543035738e-01
     vertex 1.1216438857e+01 1.6950000000e+01 -3.6000325093e-01
     vertex 1.5928636988e+01 2.5425000000e+01 -3.7929282213e-01
   endloop
 endfacet
 facet normal  -1.5179663706e-01 8.2158793034e-02 -9.8499122519e-01
   outer loop
     vertex 1.1216438857e+01 1.6950000000e+01 -3.6000325093e-01
     vertex 1.5321079724e+01 2.5425000000e+01 -2.8566239466e-01
     vertex 1.5928636988e+01 2.5425000000e+01 -3.7929282213e-01
   endloop
 endfacet
 facet normal  -1.2457401823e-01 6.9016485119e-02 -9.8980707149e-01
   outer loop
     vertex 1.1216438857e+01 1.6950000000e+01 -3.6000325093e-01
     vertex 1.0531757357e+01 1.6950000000e+01 -2.7383138145e-01
     vertex 1.5321079724e+01 2.5425000000e+01 -2.8566239466e-01
   endloop
 endfacet
 facet normal  -2.5261472935e-01 1.4141935207e-01 -9.5717624572e-01
   outer loop
     vertex 1.0531757357e+01 1.6950000000e+01 -2.7383138145e-01
     vertex 1.4901910373e+01 2.5425000000e+01 -1.7503663197e-01
     vertex 1.5321079724e+01 2.5425000000e+01 -2.8566239466e-01
   endloop
 endfacet
 facet normal  -2.0448384564e-01 1.1677195663e-01 -9.7187996533e-01
   outer loop
     vertex 1.0531757357e+01 1.6950000000e+01 -2.7383138145e-01
     vertex 1.0054696579e+01 1.6950000000e+01 -1.7345764606e-01
     vertex 1.4901910373e+01 2.5425000000e+01 -1.7503663197e-01
   endloop
 endfacet
 facet normal  -5.8254176591e-01 3.3304233225e-01 -7.4143637347e-01
   outer loop
     vertex 1.0054696579e+01 1.6950000000e+01 -1.7345764606e-01
     vertex 1.4679130594e+01 2.5425000000e+01 0.0000000000e+00
     vertex 1.4901910373e+01 2.5425000000e+01 -1.7503663197e-01
   endloop
 endfacet
 facet normal  -5.1768528329e-01 2.9888573766e-01 -8.0166655368e-01
   outer loop
     vertex 1.0054696579e+01 1.6950000000e+01 -1.7345764606e-01
     vertex 9.7860870628e+00 1.6950000000e+01 0.0000000000e+00
     vertex 1.4679130594e+01 2.5425000000e+01 0.0000000000e+00
   endloop
 endfacet
 facet normal  -5.9231672088e-01 3.4197421825e-01 7.2953035318e-01
   outer loop
     vertex 9.7860870628e+00 1.6950000000e+01 0.0000000000e+00
     vertex 1.0037184529e+01 1.6950000000e+01 2.0386982850e-01
     vertex 1.4679130594e+01 2.5425000000e+01 0.0000000000e+00
   endloop
 endfacet
 facet normal  -6.3278150930e-01 3.6304124569e-01 6.8395074049e-01
   outer loop
     vertex 1.4679130594e+01 2.5425000000e+01 0.0000000000e+00
     vertex 1.0037184529e+01 1.6950000000e+01 2.0386982850e-01
     vertex 1.4890235673e+01 2.5425000000e+01 1.9531142026e-01
   endloop
 endfacet
 facet normal  -2.7536796242e-01 1.5864183313e-01 9.4815887596e-01
   outer loop
     vertex 1.0037184529e+01 1.6950000000e+01 2.0386982850e-01
     vertex 1.0508791228e+01 1.6950000000e+01 3.4083566709e-01
     vertex 1.4890235673e+01 2.5425000000e+01 1.9531142026e-01
   endloop
 endfacet
 facet normal  -3.0434578149e-01 1.7342515486e-01 9.3664153279e-01
   outer loop
     vertex 1.4890235673e+01 2.5425000000e+01 1.9531142026e-01
     vertex 1.0508791228e+01 1.6950000000e+01 3.4083566709e-01
     vertex 1.5305768971e+01 2.5425000000e+01 3.3033191842e-01
   endloop
 endfacet
 facet normal  -1.8169590826e-01 1.0405453100e-01 9.7783395906e-01
   outer loop
     vertex 1.0508791228e+01 1.6950000000e+01 3.4083566709e-01
     vertex 1.1190421568e+01 1.6950000000e+01 4.6749259355e-01
     vertex 1.5305768971e+01 2.5425000000e+01 3.3033191842e-01
   endloop
 endfacet
 facet normal  -1.9417512436e-01 1.1006472833e-01 9.7477267948e-01
   outer loop
     vertex 1.5305768971e+01 2.5425000000e+01 3.3033191842e-01
     vertex 1.1190421568e+01 1.6950000000e+01 4.6749259355e-01
     vertex 1.5911292128e+01 2.5425000000e+01 4.5095238388e-01
   endloop
 endfacet
 facet normal  -1.2505465921e-01 7.1591085298e-02 9.8956356477e-01
   outer loop
     vertex 1.1190421568e+01 1.6950000000e+01 4.6749259355e-01
     vertex 1.2130933942e+01 1.6950000000e+01 5.8634847975e-01
     vertex 1.5911292128e+01 2.5425000000e+01 4.5095238388e-01
   endloop
 endfacet
 facet normal  -1.2886550146e-01 7.3281158904e-02 9.8895073400e-01
   outer loop
     vertex 1.5911292128e+01 2.5425000000e+01 4.5095238388e-01
     vertex 1.2130933942e+01 1.6950000000e+01 5.8634847975e-01
     vertex 1.6748593193e+01 2.5425000000e+01 5.6005713289e-01
   endloop
 endfacet
 facet normal  -8.2883955763e-02 4.8247790443e-02 9.9539057691e-01
   outer loop
     vertex 1.2130933942e+01 1.6950000000e+01 5.8634847975e-01
     vertex 1.3371599615e+01 1.6950000000e+01 6.8965594634e-01
     vertex 1.6748593193e+01 2.5425000000e+01 5.6005713289e-01
   endloop
 endfacet
 facet normal  -8.1210712994e-02 4.7583658956e-02 9.9556045296e-01
   outer loop
     vertex 1.6748593193e+01 2.5425000000e+01 5.6005713289e-01
     vertex 1.3371599615e+01 1.6950000000e+01 6.8965594634e-01
     vertex 1.7853838691e+01 2.5425000000e+01 6.5021516865e-01
   endloop
 endfacet
 facet normal  -4.6757483898e-02 2.9375672204e-02 9.9847423982e-01
   outer loop
     vertex 1.3371599615e+01 1.6950000000e+01 6.8965594634e-01
     vertex 1.4921768283e+01 1.6950000000e+01 7.6224869196e-01
     vertex 1.7853838691e+01 2.5425000000e+01 6.5021516865e-01
   endloop
 endfacet
 facet normal  -4.1789532832e-02 2.7660484152e-02 9.9874347686e-01
   outer loop
     vertex 1.7853838691e+01 2.5425000000e+01 6.5021516865e-01
     vertex 1.4921768283e+01 1.6950000000e+01 7.6224869196e-01
     vertex 1.9234907475e+01 2.5425000000e+01 7.0800199844e-01
   endloop
 endfacet
 facet normal  -1.3238183875e-02 1.3136918955e-02 9.9982607080e-01
   outer loop
     vertex 1.4921768283e+01 1.6950000000e+01 7.6224869196e-01
     vertex 1.6735308708e+01 1.6950000000e+01 7.8626084998e-01
     vertex 1.9234907475e+01 2.5425000000e+01 7.0800199844e-01
   endloop
 endfacet
 facet normal  -7.0147883236e-03 1.1302192763e-02 9.9991152268e-01
   outer loop
     vertex 1.9234907475e+01 2.5425000000e+01 7.0800199844e-01
     vertex 1.6735308708e+01 1.6950000000e+01 7.8626084998e-01
     vertex 2.0850356830e+01 2.5425000000e+01 7.1933503642e-01
   endloop
 endfacet
 facet normal  2.3846768355e-02 -3.6842798974e-03 9.9970883647e-01
   outer loop
     vertex 1.6735308708e+01 1.6950000000e+01 7.8626084998e-01
     vertex 1.8701585262e+01 1.6950000000e+01 7.3935785203e-01
     vertex 2.0850356830e+01 2.5425000000e+01 7.1933503642e-01
   endloop
 endfacet
 facet normal  2.8124462378e-02 -4.7691301180e-03 9.9959305220e-01
   outer loop
     vertex 2.0850356830e+01 2.5425000000e+01 7.1933503642e-01
     vertex 1.8701585262e+01 1.6950000000e+01 7.3935785203e-01
     vertex 2.2601595697e+01 2.5425000000e+01 6.7006233337e-01
   endloop
 endfacet
 facet normal  5.6063101642e-02 -1.7636689552e-02 9.9827144395e-01
   outer loop
     vertex 1.8701585262e+01 1.6950000000e+01 7.3935785203e-01
     vertex 2.4350908768e+01 2.5425000000e+01 5.7182060054e-01
     vertex 2.2601595697e+01 2.5425000000e+01 6.7006233337e-01
   endloop
 endfacet
 facet normal  5.3973429583e-02 -1.6240996965e-02 9.9841028586e-01
   outer loop
     vertex 1.8701585262e+01 1.6950000000e+01 7.3935785203e-01
     vertex 2.0665697704e+01 1.6950000000e+01 6.3317917373e-01
     vertex 2.4350908768e+01 2.5425000000e+01 5.7182060054e-01
   endloop
 endfacet
 facet normal  7.5178298691e-02 -2.5472912058e-02 9.9684469912e-01
   outer loop
     vertex 2.0665697704e+01 1.6950000000e+01 6.3317917373e-01
     vertex 2.5962105309e+01 2.5425000000e+01 4.5031018383e-01
     vertex 2.4350908768e+01 2.5425000000e+01 5.7182060054e-01
   endloop
 endfacet
 facet normal  7.4361336639e-02 -2.4960754124e-02 9.9691892969e-01
   outer loop
     vertex 2.0665697704e+01 1.6950000000e+01 6.3317917373e-01
     vertex 2.2474635241e+01 1.6950000000e+01 4.9824842943e-01
     vertex 2.5962105309e+01 2.5425000000e+01 4.5031018383e-01
   endloop
 endfacet
 facet normal  8.7937815183e-02 -3.0554623781e-02 9.9565724807e-01
   outer loop
     vertex 2.2474635241e+01 1.6950000000e+01 4.9824842943e-01
     vertex 2.7339218088e+01 2.5425000000e+01 3.2868169234e-01
     vertex 2.5962105309e+01 2.5425000000e+01 4.5031018383e-01
   endloop
 endfacet
 facet normal  8.7663717877e-02 -3.0396713793e-02 9.9568625197e-01
   outer loop
     vertex 2.2474635241e+01 1.6950000000e+01 4.9824842943e-01
     vertex 2.4020703379e+01 1.6950000000e+01 3.6212715549e-01
     vertex 2.7339218088e+01 2.5425000000e+01 3.2868169234e-01
   endloop
 endfacet
 facet normal  9.5422083315e-02 -3.3437820335e-02 9.9487513698e-01
   outer loop
     vertex 2.4020703379e+01 1.6950000000e+01 3.6212715549e-01
     vertex 2.8443166134e+01 2.5425000000e+01 2.2279803069e-01
     vertex 2.7339218088e+01 2.5425000000e+01 3.2868169234e-01
   endloop
 endfacet
 facet normal  9.4845969513e-02 -3.3136118426e-02 9.9494031968e-01
   outer loop
     vertex 2.4020703379e+01 1.6950000000e+01 3.6212715549e-01
     vertex 2.5260132258e+01 1.6950000000e+01 2.4397450721e-01
     vertex 2.8443166134e+01 2.5425000000e+01 2.2279803069e-01
   endloop
 endfacet
 facet normal  9.8916414773e-02 -3.4666013954e-02 9.9449173469e-01
   outer loop
     vertex 2.5260132258e+01 1.6950000000e+01 2.4397450721e-01
     vertex 2.9283551759e+01 2.5425000000e+01 1.3920967082e-01
     vertex 2.8443166134e+01 2.5425000000e+01 2.2279803069e-01
   endloop
 endfacet
 facet normal  9.7353740873e-02 -3.3921927335e-02 9.9467157996e-01
   outer loop
     vertex 2.5260132258e+01 1.6950000000e+01 2.4397450721e-01
     vertex 2.6203748866e+01 1.6950000000e+01 1.5161778505e-01
     vertex 2.9283551759e+01 2.5425000000e+01 1.3920967082e-01
   endloop
 endfacet
 facet normal  1.0037846975e-01 -3.5021605540e-02 9.9433276621e-01
   outer loop
     vertex 2.6203748866e+01 1.6950000000e+01 1.5161778505e-01
     vertex 2.9898409188e+01 2.5425000000e+01 7.7139456546e-02
     vertex 2.9283551759e+01 2.5425000000e+01 1.3920967082e-01
   endloop
 endfacet
 facet normal  9.7643693782e-02 -3.3826628849e-02 9.9464640363e-01
   outer loop
     vertex 2.6203748866e+01 1.6950000000e+01 1.5161778505e-01
     vertex 2.6894218648e+01 1.6950000000e+01 8.3834882795e-02
     vertex 2.9898409188e+01 2.5425000000e+01 7.7139456546e-02
   endloop
 endfacet
 facet normal  1.0128697113e-01 -3.5118409263e-02 9.9423721858e-01
   outer loop
     vertex 2.6894218648e+01 1.6950000000e+01 8.3834882795e-02
     vertex 3.0335282236e+01 2.5425000000e+01 3.2633430255e-02
     vertex 2.9898409188e+01 2.5425000000e+01 7.7139456546e-02
   endloop
 endfacet
 facet normal  9.7606074313e-02 -3.3621335951e-02 9.9465705649e-01
   outer loop
     vertex 2.6894218648e+01 1.6950000000e+01 8.3834882795e-02
     vertex 2.7384866012e+01 1.6950000000e+01 3.5687470837e-02
     vertex 3.0335282236e+01 2.5425000000e+01 3.2633430255e-02
   endloop
 endfacet
 facet normal  1.0671247949e-01 -3.6791942022e-02 9.9360897728e-01
   outer loop
     vertex 2.7384866012e+01 1.6950000000e+01 3.5687470837e-02
     vertex 3.0639130594e+01 2.5425000000e+01 4.6048411591e-07
     vertex 3.0335282236e+01 2.5425000000e+01 3.2633430255e-02
   endloop
 endfacet
 facet normal  1.0395176271e-01 -3.5730475646e-02 9.9394032222e-01
   outer loop
     vertex 2.7384866012e+01 1.6950000000e+01 3.5687470837e-02
     vertex 2.7726087063e+01 1.6950000000e+01 6.9072617386e-07
     vertex 3.0639130594e+01 2.5425000000e+01 4.6048411591e-07
   endloop
 endfacet
 facet normal  6.1374281792e-02 -2.1095714965e-02 -9.9789186205e-01
   outer loop
     vertex 3.0639130594e+01 2.5425000000e+01 4.6048411591e-07
     vertex 3.3285766827e+01 3.3900000000e+01 -1.6384868413e-02
     vertex 3.3552174126e+01 3.3900000000e+01 2.3024205795e-07
   endloop
 endfacet
 facet normal  2.0556706580e-02 -8.3524978487e-03 -9.9975379849e-01
   outer loop
     vertex 3.0639130594e+01 2.5425000000e+01 4.6048411591e-07
     vertex 3.0335418971e+01 2.5425000000e+01 -6.2443877355e-03
     vertex 3.3285766827e+01 3.3900000000e+01 -1.6384868413e-02
   endloop
 endfacet
 facet normal  7.3681810834e-02 -2.6843212444e-02 -9.9692047461e-01
   outer loop
     vertex 3.0335418971e+01 2.5425000000e+01 -6.2443877355e-03
     vertex 3.2902654512e+01 3.3900000000e+01 -4.4700476201e-02
     vertex 3.3285766827e+01 3.3900000000e+01 -1.6384868413e-02
   endloop
 endfacet
 facet normal  4.4371019733e-02 -1.7973198201e-02 -9.9885343107e-01
   outer loop
     vertex 3.0335418971e+01 2.5425000000e+01 -6.2443877355e-03
     vertex 2.9898518756e+01 2.5425000000e+01 -2.5652348355e-02
     vertex 3.2902654512e+01 3.3900000000e+01 -4.4700476201e-02
   endloop
 endfacet
 facet normal  7.9308059242e-02 -3.0351799653e-02 -9.9638797664e-01
   outer loop
     vertex 2.9898518756e+01 2.5425000000e+01 -2.5652348355e-02
     vertex 3.2363369697e+01 3.3900000000e+01 -8.7625153194e-02
     vertex 3.2902654512e+01 3.3900000000e+01 -4.4700476201e-02
   endloop
 endfacet
 facet normal  5.7139054028e-02 -2.3916584155e-02 -9.9807971901e-01
   outer loop
     vertex 2.9898518756e+01 2.5425000000e+01 -2.5652348355e-02
     vertex 2.9283581849e+01 2.5425000000e+01 -6.0856864040e-02
     vertex 3.2363369697e+01 3.3900000000e+01 -8.7625153194e-02
   endloop
 endfacet
 facet normal  8.1944873243e-02 -3.2924663919e-02 -9.9609286929e-01
   outer loop
     vertex 2.9283581849e+01 2.5425000000e+01 -6.0856864040e-02
     vertex 3.1626236303e+01 3.3900000000e+01 -1.4826638890e-01
     vertex 3.2363369697e+01 3.3900000000e+01 -8.7625153194e-02
   endloop
 endfacet
 facet normal  6.5556183805e-02 -2.8408451651e-02 -9.9744440779e-01
   outer loop
     vertex 2.9283581849e+01 2.5425000000e+01 -6.0856864040e-02
     vertex 2.8443238720e+01 2.5425000000e+01 -1.1608770016e-01
     vertex 3.1626236303e+01 3.3900000000e+01 -1.4826638890e-01
   endloop
 endfacet
 facet normal  8.1943427396e-02 -3.4557748372e-02 -9.9603766833e-01
   outer loop
     vertex 2.8443238720e+01 2.5425000000e+01 -1.1608770016e-01
     vertex 3.0658004013e+01 3.3900000000e+01 -2.2792228433e-01
     vertex 3.1626236303e+01 3.3900000000e+01 -1.4826638890e-01
   endloop
 endfacet
 facet normal  7.0444042531e-02 -3.1565535090e-02 -9.9701617533e-01
   outer loop
     vertex 2.8443238720e+01 2.5425000000e+01 -1.1608770016e-01
     vertex 2.7339760520e+01 2.5425000000e+01 -1.9405380262e-01
     vertex 3.0658004013e+01 3.3900000000e+01 -2.2792228433e-01
   endloop
 endfacet
 facet normal  7.8434885661e-02 -3.4691414818e-02 -9.9631544927e-01
   outer loop
     vertex 2.7339760520e+01 2.5425000000e+01 -1.9405380262e-01
     vertex 2.9450512728e+01 3.3900000000e+01 -3.2298197750e-01
     vertex 3.0658004013e+01 3.3900000000e+01 -2.2792228433e-01
   endloop
 endfacet
 facet normal  7.0636649578e-02 -3.2759081860e-02 -9.9696404463e-01
   outer loop
     vertex 2.7339760520e+01 2.5425000000e+01 -1.9405380262e-01
     vertex 2.5963980013e+01 2.5425000000e+01 -2.9153026238e-01
     vertex 2.9450512728e+01 3.3900000000e+01 -3.2298197750e-01
   endloop
 endfacet
 facet normal  7.0523430800e-02 -3.2712540171e-02 -9.9697358813e-01
   outer loop
     vertex 2.5963980013e+01 2.5425000000e+01 -2.9153026238e-01
     vertex 2.8038316525e+01 3.3900000000e+01 -4.2287722284e-01
     vertex 2.9450512728e+01 3.3900000000e+01 -3.2298197750e-01
   endloop
 endfacet
 facet normal  6.5174795366e-02 -3.1409700406e-02 -9.9737940462e-01
   outer loop
     vertex 2.5963980013e+01 2.5425000000e+01 -2.9153026238e-01
     vertex 2.4355302154e+01 2.5425000000e+01 -3.9665099150e-01
     vertex 2.8038316525e+01 3.3900000000e+01 -4.2287722284e-01
   endloop
 endfacet
 facet normal  5.7089981525e-02 -2.7898106789e-02 -9.9797917295e-01
   outer loop
     vertex 2.4355302154e+01 2.5425000000e+01 -3.9665099150e-01
     vertex 2.6505605425e+01 3.3900000000e+01 -5.1055685659e-01
     vertex 2.8038316525e+01 3.3900000000e+01 -4.2287722284e-01
   endloop
 endfacet
 facet normal  5.3173930741e-02 -2.6907786935e-02 -9.9822267260e-01
   outer loop
     vertex 2.4355302154e+01 2.5425000000e+01 -3.9665099150e-01
     vertex 2.2609594284e+01 2.5425000000e+01 -4.8964241713e-01
     vertex 2.6505605425e+01 3.3900000000e+01 -5.1055685659e-01
   endloop
 endfacet
 facet normal  3.2319805420e-02 -1.7323739836e-02 -9.9932743293e-01
   outer loop
     vertex 2.2609594284e+01 2.5425000000e+01 -4.8964241713e-01
     vertex 2.0862350842e+01 2.5425000000e+01 -5.4615099100e-01
     vertex 2.6505605425e+01 3.3900000000e+01 -5.1055685659e-01
   endloop
 endfacet
 facet normal  3.5988539152e-02 -1.9767359442e-02 -9.9915668268e-01
   outer loop
     vertex 2.6505605425e+01 3.3900000000e+01 -5.1055685659e-01
     vertex 2.0862350842e+01 2.5425000000e+01 -5.4615099100e-01
     vertex 2.4971401958e+01 3.3900000000e+01 -5.6581720015e-01
   endloop
 endfacet
 facet normal  4.2086747829e-03 -4.3610038679e-03 -9.9998163418e-01
   outer loop
     vertex 2.0862350842e+01 2.5425000000e+01 -5.4615099100e-01
     vertex 1.9250230943e+01 2.5425000000e+01 -5.5293600397e-01
     vertex 2.4971401958e+01 3.3900000000e+01 -5.6581720015e-01
   endloop
 endfacet
 facet normal  7.3494775233e-03 -6.4812030099e-03 -9.9995198844e-01
   outer loop
     vertex 2.4971401958e+01 3.3900000000e+01 -5.6581720015e-01
     vertex 1.9250230943e+01 2.5425000000e+01 -5.5293600397e-01
     vertex 2.3555708402e+01 3.3900000000e+01 -5.7622230768e-01
   endloop
 endfacet
 facet normal  -2.3378586948e-02 9.1300307693e-03 -9.9968499249e-01
   outer loop
     vertex 1.9250230943e+01 2.5425000000e+01 -5.5293600397e-01
     vertex 1.7871250380e+01 2.5425000000e+01 -5.2068722838e-01
     vertex 2.3555708402e+01 3.3900000000e+01 -5.7622230768e-01
   endloop
 endfacet
 facet normal  -2.4940379498e-02 1.0177889452e-02 -9.9963712818e-01
   outer loop
     vertex 2.3555708402e+01 3.3900000000e+01 -5.7622230768e-01
     vertex 1.7871250380e+01 2.5425000000e+01 -5.2068722838e-01
     vertex 2.2344783612e+01 3.3900000000e+01 -5.4601042083e-01
   endloop
 endfacet
 facet normal  -5.5339101920e-02 2.6228395155e-02 -9.9812306610e-01
   outer loop
     vertex 1.7871250380e+01 2.5425000000e+01 -5.2068722838e-01
     vertex 1.6766656568e+01 2.5425000000e+01 -4.5944505131e-01
     vertex 2.2344783612e+01 3.3900000000e+01 -5.4601042083e-01
   endloop
 endfacet
 facet normal  -6.4351338816e-02 3.2167420483e-02 -9.9740872377e-01
   outer loop
     vertex 2.2344783612e+01 3.3900000000e+01 -5.4601042083e-01
     vertex 1.6766656568e+01 2.5425000000e+01 -4.5944505131e-01
     vertex 2.1375284132e+01 3.3900000000e+01 -4.8345974523e-01
   endloop
 endfacet
 facet normal  -9.5096439614e-02 4.8895229086e-02 -9.9426652551e-01
   outer loop
     vertex 1.6766656568e+01 2.5425000000e+01 -4.5944505131e-01
     vertex 1.5928636988e+01 2.5425000000e+01 -3.7929282213e-01
     vertex 2.1375284132e+01 3.3900000000e+01 -4.8345974523e-01
   endloop
 endfacet
 facet normal  -1.1458496305e-01 6.1453832450e-02 -9.9151082330e-01
   outer loop
     vertex 2.1375284132e+01 3.3900000000e+01 -4.8345974523e-01
     vertex 1.5928636988e+01 2.5425000000e+01 -3.7929282213e-01
     vertex 2.0640835118e+01 3.3900000000e+01 -3.9858239333e-01
   endloop
 endfacet
 facet normal  -1.5179663706e-01 8.2158793034e-02 -9.8499122519e-01
   outer loop
     vertex 1.5928636988e+01 2.5425000000e+01 -3.7929282213e-01
     vertex 1.5321079724e+01 2.5425000000e+01 -2.8566239466e-01
     vertex 2.0640835118e+01 3.3900000000e+01 -3.9858239333e-01
   endloop
 endfacet
 facet normal  -1.8619643156e-01 1.0385790456e-01 -9.7700789379e-01
   outer loop
     vertex 2.0640835118e+01 3.3900000000e+01 -3.9858239333e-01
     vertex 1.5321079724e+01 2.5425000000e+01 -2.8566239466e-01
     vertex 2.0110402091e+01 3.3900000000e+01 -2.9749340788e-01
   endloop
 endfacet
 facet normal  -2.5261472935e-01 1.4141935207e-01 -9.5717624572e-01
   outer loop
     vertex 1.5321079724e+01 2.5425000000e+01 -2.8566239466e-01
     vertex 1.4901910373e+01 2.5425000000e+01 -1.7503663197e-01
     vertex 2.0110402091e+01 3.3900000000e+01 -2.9749340788e-01
   endloop
 endfacet
 facet normal  -3.1220550511e-01 1.7838978814e-01 -9.3311564453e-01
   outer loop
     vertex 2.0110402091e+01 3.3900000000e+01 -2.9749340788e-01
     vertex 1.4901910373e+01 2.5425000000e+01 -1.7503663197e-01
     vertex 1.9749124167e+01 3.3900000000e+01 -1.7661561787e-01
   endloop
 endfacet
 facet normal  -5.8254176591e-01 3.3304233225e-01 -7.4143637347e-01
   outer loop
     vertex 1.4901910373e+01 2.5425000000e+01 -1.7503663197e-01
     vertex 1.4679130594e+01 2.5425000000e+01 0.0000000000e+00
     vertex 1.9749124167e+01 3.3900000000e+01 -1.7661561787e-01
   endloop
 endfacet
 facet normal  -6.5412256055e-01 3.7765783641e-01 -6.5536114805e-01
   outer loop
     vertex 1.9749124167e+01 3.3900000000e+01 -1.7661561787e-01
     vertex 1.4679130594e+01 2.5425000000e+01 0.0000000000e+00
     vertex 1.9572174126e+01 3.3900000000e+01 0.0000000000e+00
   endloop
 endfacet
 facet normal  -6.7839891955e-01 3.9167379882e-01 6.2158389722e-01
   outer loop
     vertex 1.4679130594e+01 2.5425000000e+01 0.0000000000e+00
     vertex 1.9743286817e+01 3.3900000000e+01 1.8675301201e-01
     vertex 1.9572174126e+01 3.3900000000e+01 0.0000000000e+00
   endloop
 endfacet
 facet normal  -6.3278150930e-01 3.6304124569e-01 6.8395074049e-01
   outer loop
     vertex 1.4679130594e+01 2.5425000000e+01 0.0000000000e+00
     vertex 1.4890235673e+01 2.5425000000e+01 1.9531142026e-01
     vertex 1.9743286817e+01 3.3900000000e+01 1.8675301201e-01
   endloop
 endfacet
 facet normal  -3.4045506504e-01 1.9588394267e-01 9.1963026793e-01
   outer loop
     vertex 1.4890235673e+01 2.5425000000e+01 1.9531142026e-01
     vertex 2.0102746715e+01 3.3900000000e+01 3.1982816975e-01
     vertex 1.9743286817e+01 3.3900000000e+01 1.8675301201e-01
   endloop
 endfacet
 facet normal  -3.0434578149e-01 1.7342515486e-01 9.3664153279e-01
   outer loop
     vertex 1.4890235673e+01 2.5425000000e+01 1.9531142026e-01
     vertex 1.5305768971e+01 2.5425000000e+01 3.3033191842e-01
     vertex 2.0102746715e+01 3.3900000000e+01 3.1982816975e-01
   endloop
 endfacet
 facet normal  -2.1000645779e-01 1.2006939038e-01 9.7029924723e-01
   outer loop
     vertex 1.5305768971e+01 2.5425000000e+01 3.3033191842e-01
     vertex 2.0632162688e+01 3.3900000000e+01 4.3441217421e-01
     vertex 2.0102746715e+01 3.3900000000e+01 3.1982816975e-01
   endloop
 endfacet
 facet normal  -1.9417512436e-01 1.1006472833e-01 9.7477267948e-01
   outer loop
     vertex 1.5305768971e+01 2.5425000000e+01 3.3033191842e-01
     vertex 1.5911292128e+01 2.5425000000e+01 4.5095238388e-01
     vertex 2.0632162688e+01 3.3900000000e+01 4.3441217421e-01
   endloop
 endfacet
 facet normal  -1.3372759375e-01 7.6419292156e-02 9.8806731676e-01
   outer loop
     vertex 1.5911292128e+01 2.5425000000e+01 4.5095238388e-01
     vertex 2.1366252444e+01 3.3900000000e+01 5.3376578602e-01
     vertex 2.0632162688e+01 3.3900000000e+01 4.3441217421e-01
   endloop
 endfacet
 facet normal  -1.2886550146e-01 7.3281158904e-02 9.8895073400e-01
   outer loop
     vertex 1.5911292128e+01 2.5425000000e+01 4.5095238388e-01
     vertex 1.6748593193e+01 2.5425000000e+01 5.6005713289e-01
     vertex 2.1366252444e+01 3.3900000000e+01 5.3376578602e-01
   endloop
 endfacet
 facet normal  -7.9071046988e-02 4.6171569625e-02 9.9579915429e-01
   outer loop
     vertex 1.6748593193e+01 2.5425000000e+01 5.6005713289e-01
     vertex 2.2336077767e+01 3.3900000000e+01 6.1077439097e-01
     vertex 2.1366252444e+01 3.3900000000e+01 5.3376578602e-01
   endloop
 endfacet
 facet normal  -8.1210712994e-02 4.7583658956e-02 9.9556045296e-01
   outer loop
     vertex 1.6748593193e+01 2.5425000000e+01 5.6005713289e-01
     vertex 1.7853838691e+01 2.5425000000e+01 6.5021516865e-01
     vertex 2.2336077767e+01 3.3900000000e+01 6.1077439097e-01
   endloop
 endfacet
 facet normal  -3.5431735309e-02 2.3388640169e-02 9.9909837536e-01
   outer loop
     vertex 1.7853838691e+01 2.5425000000e+01 6.5021516865e-01
     vertex 2.3548046668e+01 3.3900000000e+01 6.5375530492e-01
     vertex 2.2336077767e+01 3.3900000000e+01 6.1077439097e-01
   endloop
 endfacet
 facet normal  -4.1789532832e-02 2.7660484152e-02 9.9874347686e-01
   outer loop
     vertex 1.7853838691e+01 2.5425000000e+01 6.5021516865e-01
     vertex 1.9234907475e+01 2.5425000000e+01 7.0800199844e-01
     vertex 2.3548046668e+01 3.3900000000e+01 6.5375530492e-01
   endloop
 endfacet
 facet normal  9.4969486213e-04 5.9173514091e-03 9.9998204135e-01
   outer loop
     vertex 1.9234907475e+01 2.5425000000e+01 7.0800199844e-01
     vertex 2.4965404952e+01 3.3900000000e+01 6.5240922286e-01
     vertex 2.3548046668e+01 3.3900000000e+01 6.5375530492e-01
   endloop
 endfacet
 facet normal  -7.0147883236e-03 1.1302192763e-02 9.9991152268e-01
   outer loop
     vertex 1.9234907475e+01 2.5425000000e+01 7.0800199844e-01
     vertex 2.0850356830e+01 2.5425000000e+01 7.1933503642e-01
     vertex 2.4965404952e+01 3.3900000000e+01 6.5240922286e-01
   endloop
 endfacet
 facet normal  3.3596786016e-02 -8.4208535250e-03 9.9939999259e-01
   outer loop
     vertex 2.0850356830e+01 2.5425000000e+01 7.1933503642e-01
     vertex 2.6501606132e+01 3.3900000000e+01 6.0076681471e-01
     vertex 2.4965404952e+01 3.3900000000e+01 6.5240922286e-01
   endloop
 endfacet
 facet normal  2.8124462378e-02 -4.7691301180e-03 9.9959305220e-01
   outer loop
     vertex 2.0850356830e+01 2.5425000000e+01 7.1933503642e-01
     vertex 2.2601595697e+01 2.5425000000e+01 6.7006233337e-01
     vertex 2.6501606132e+01 3.3900000000e+01 6.0076681471e-01
   endloop
 endfacet
 facet normal  5.6063101642e-02 -1.7636689552e-02 9.9827144395e-01
   outer loop
     vertex 2.2601595697e+01 2.5425000000e+01 6.7006233337e-01
     vertex 2.4350908768e+01 2.5425000000e+01 5.7182060054e-01
     vertex 2.6501606132e+01 3.3900000000e+01 6.0076681471e-01
   endloop
 endfacet
 facet normal  5.8737630682e-02 -1.8314836714e-02 9.9810543406e-01
   outer loop
     vertex 2.6501606132e+01 3.3900000000e+01 6.0076681471e-01
     vertex 2.4350908768e+01 2.5425000000e+01 5.7182060054e-01
     vertex 2.8036119832e+01 3.3900000000e+01 5.1046202736e-01
   endloop
 endfacet
 facet normal  7.5178298691e-02 -2.5472912058e-02 9.9684469912e-01
   outer loop
     vertex 2.4350908768e+01 2.5425000000e+01 5.7182060054e-01
     vertex 2.5962105309e+01 2.5425000000e+01 4.5031018383e-01
     vertex 2.8036119832e+01 3.3900000000e+01 5.1046202736e-01
   endloop
 endfacet
 facet normal  7.6224354565e-02 -2.5728294002e-02 9.9675869831e-01
   outer loop
     vertex 2.8036119832e+01 3.3900000000e+01 5.1046202736e-01
     vertex 2.5962105309e+01 2.5425000000e+01 4.5031018383e-01
     vertex 2.9449575376e+01 3.3900000000e+01 4.0237193822e-01
   endloop
 endfacet
 facet normal  8.7937815183e-02 -3.0554623781e-02 9.9565724807e-01
   outer loop
     vertex 2.5962105309e+01 2.5425000000e+01 4.5031018383e-01
     vertex 2.7339218088e+01 2.5425000000e+01 3.2868169234e-01
     vertex 2.9449575376e+01 3.3900000000e+01 4.0237193822e-01
   endloop
 endfacet
 facet normal  8.8288850570e-02 -3.0641741599e-02 9.9562350441e-01
   outer loop
     vertex 2.9449575376e+01 3.3900000000e+01 4.0237193822e-01
     vertex 2.7339218088e+01 2.5425000000e+01 3.2868169234e-01
     vertex 3.0657732798e+01 3.3900000000e+01 2.9523622919e-01
   endloop
 endfacet
 facet normal  9.5422083315e-02 -3.3437820335e-02 9.9487513698e-01
   outer loop
     vertex 2.7339218088e+01 2.5425000000e+01 3.2868169234e-01
     vertex 2.8443166134e+01 2.5425000000e+01 2.2279803069e-01
     vertex 3.0657732798e+01 3.3900000000e+01 2.9523622919e-01
   endloop
 endfacet
 facet normal  9.6159844156e-02 -3.3629938992e-02 9.9479762343e-01
   outer loop
     vertex 3.0657732798e+01 3.3900000000e+01 2.9523622919e-01
     vertex 2.8443166134e+01 2.5425000000e+01 2.2279803069e-01
     vertex 3.1626200010e+01 3.3900000000e+01 2.0162155416e-01
   endloop
 endfacet
 facet normal  9.8916414773e-02 -3.4666013954e-02 9.9449173469e-01
   outer loop
     vertex 2.8443166134e+01 2.5425000000e+01 2.2279803069e-01
     vertex 2.9283551759e+01 2.5425000000e+01 1.3920967082e-01
     vertex 3.1626200010e+01 3.3900000000e+01 2.0162155416e-01
   endloop
 endfacet
 facet normal  1.0091692520e-01 -3.5217369403e-02 9.9427134682e-01
   outer loop
     vertex 3.1626200010e+01 3.3900000000e+01 2.0162155416e-01
     vertex 2.9283551759e+01 2.5425000000e+01 1.3920967082e-01
     vertex 3.2363354651e+01 3.3900000000e+01 1.2680155658e-01
   endloop
 endfacet
 facet normal  1.0037846975e-01 -3.5021605540e-02 9.9433276621e-01
   outer loop
     vertex 2.9283551759e+01 2.5425000000e+01 1.3920967082e-01
     vertex 2.9898409188e+01 2.5425000000e+01 7.7139456546e-02
     vertex 3.2363354651e+01 3.3900000000e+01 1.2680155658e-01
   endloop
 endfacet
 facet normal  1.0387823546e-01 -3.6037189475e-02 9.9393693622e-01
   outer loop
     vertex 3.2363354651e+01 3.3900000000e+01 1.2680155658e-01
     vertex 2.9898409188e+01 2.5425000000e+01 7.7139456546e-02
     vertex 3.2902599728e+01 3.3900000000e+01 7.0444030296e-02
   endloop
 endfacet
 facet normal  1.0128697113e-01 -3.5118409263e-02 9.9423721858e-01
   outer loop
     vertex 2.9898409188e+01 2.5425000000e+01 7.7139456546e-02
     vertex 3.0335282236e+01 2.5425000000e+01 3.2633430255e-02
     vertex 3.2902599728e+01 3.3900000000e+01 7.0444030296e-02
   endloop
 endfacet
 facet normal  1.0599613033e-01 -3.6542527219e-02 9.9369485460e-01
   outer loop
     vertex 3.2902599728e+01 3.3900000000e+01 7.0444030296e-02
     vertex 3.0335282236e+01 2.5425000000e+01 3.2633430255e-02
     vertex 3.3285698460e+01 3.3900000000e+01 2.9579389672e-02
   endloop
 endfacet
 facet normal  1.0671247949e-01 -3.6791942022e-02 9.9360897728e-01
   outer loop
     vertex 3.0335282236e+01 2.5425000000e+01 3.2633430255e-02
     vertex 3.0639130594e+01 2.5425000000e+01 4.6048411591e-07
     vertex 3.3285698460e+01 3.3900000000e+01 2.9579389672e-02
   endloop
 endfacet
 facet normal  1.1024453144e-01 -3.7893438408e-02 9.9318187187e-01
   outer loop
     vertex 3.3285698460e+01 3.3900000000e+01 2.9579389672e-02
     vertex 3.0639130594e+01 2.5425000000e+01 4.6048411591e-07
     vertex 3.3552174126e+01 3.3900000000e+01 2.3024205795e-07
   endloop
 endfacet
 facet normal  1.1492111116e-01 -3.9500935460e-02 -9.9258894529e-01
   outer loop
     vertex 3.3552174126e+01 3.3900000000e+01 2.3024205795e-07
     vertex 3.6236114683e+01 4.2375000000e+01 -2.6525349090e-02
     vertex 3.6465217657e+01 4.2375000000e+01 0.0000000000e+00
   endloop
 endfacet
 facet normal  6.1372320460e-02 -2.2559111962e-02 -9.9785997252e-01
   outer loop
     vertex 3.3552174126e+01 3.3900000000e+01 2.3024205795e-07
     vertex 3.3285766827e+01 3.3900000000e+01 -1.6384868413e-02
     vertex 3.6236114683e+01 4.2375000000e+01 -2.6525349090e-02
   endloop
 endfacet
 facet normal  1.1222293741e-01 -4.0255440082e-02 -9.9286731836e-01
   outer loop
     vertex 3.3285766827e+01 3.3900000000e+01 -1.6384868413e-02
     vertex 3.5906790267e+01 4.2375000000e+01 -6.3748604047e-02
     vertex 3.6236114683e+01 4.2375000000e+01 -2.6525349090e-02
   endloop
 endfacet
 facet normal  7.3678729085e-02 -2.8357472437e-02 -9.9687877831e-01
   outer loop
     vertex 3.3285766827e+01 3.3900000000e+01 -1.6384868413e-02
     vertex 3.2902654512e+01 3.3900000000e+01 -4.4700476201e-02
     vertex 3.5906790267e+01 4.2375000000e+01 -6.3748604047e-02
   endloop
 endfacet
 facet normal  1.0849894859e-01 -4.0692080080e-02 -9.9326337533e-01
   outer loop
     vertex 3.2902654512e+01 3.3900000000e+01 -4.4700476201e-02
     vertex 3.5443157544e+01 4.2375000000e+01 -1.1439344235e-01
     vertex 3.5906790267e+01 4.2375000000e+01 -6.3748604047e-02
   endloop
 endfacet
 facet normal  7.9304067095e-02 -3.1965777106e-02 -9.9633782124e-01
   outer loop
     vertex 3.2902654512e+01 3.3900000000e+01 -4.4700476201e-02
     vertex 3.2363369697e+01 3.3900000000e+01 -8.7625153194e-02
     vertex 3.5443157544e+01 4.2375000000e+01 -1.1439344235e-01
   endloop
 endfacet
 facet normal  1.0354774382e-01 -4.0767799951e-02 -9.9378863509e-01
   outer loop
     vertex 3.2363369697e+01 3.3900000000e+01 -8.7625153194e-02
     vertex 3.4809233887e+01 4.2375000000e+01 -1.8044507763e-01
     vertex 3.5443157544e+01 4.2375000000e+01 -1.1439344235e-01
   endloop
 endfacet
 facet normal  8.1940356139e-02 -3.4556595996e-02 -9.9603796098e-01
   outer loop
     vertex 3.2363369697e+01 3.3900000000e+01 -8.7625153194e-02
     vertex 3.1626236303e+01 3.3900000000e+01 -1.4826638890e-01
     vertex 3.4809233887e+01 4.2375000000e+01 -1.8044507763e-01
   endloop
 endfacet
 facet normal  9.7114378604e-02 -4.0249583489e-02 -9.9445903309e-01
   outer loop
     vertex 3.1626236303e+01 3.3900000000e+01 -1.4826638890e-01
     vertex 3.3976247507e+01 4.2375000000e+01 -2.6179076603e-01
     vertex 3.4809233887e+01 4.2375000000e+01 -1.8044507763e-01
   endloop
 endfacet
 facet normal  8.1939069368e-02 -3.6062097138e-02 -9.9598469570e-01
   outer loop
     vertex 3.1626236303e+01 3.3900000000e+01 -1.4826638890e-01
     vertex 3.0658004013e+01 3.3900000000e+01 -2.2792228433e-01
     vertex 3.3976247507e+01 4.2375000000e+01 -2.6179076603e-01
   endloop
 endfacet
 facet normal  8.8729404493e-02 -3.8718014121e-02 -9.9530297305e-01
   outer loop
     vertex 3.0658004013e+01 3.3900000000e+01 -2.2792228433e-01
     vertex 3.2937045443e+01 4.2375000000e+01 -3.5443369261e-01
     vertex 3.3976247507e+01 4.2375000000e+01 -2.6179076603e-01
   endloop
 endfacet
 facet normal  7.8431357423e-02 -3.5963175653e-02 -9.9627063199e-01
   outer loop
     vertex 3.0658004013e+01 3.3900000000e+01 -2.2792228433e-01
     vertex 2.9450512728e+01 3.3900000000e+01 -3.2298197750e-01
     vertex 3.2937045443e+01 4.2375000000e+01 -3.5443369261e-01
   endloop
 endfacet
 facet normal  7.7587406427e-02 -3.5616273883e-02 -9.9634917343e-01
   outer loop
     vertex 2.9450512728e+01 3.3900000000e+01 -3.2298197750e-01
     vertex 3.1721330896e+01 4.2375000000e+01 -4.4910345417e-01
     vertex 3.2937045443e+01 4.2375000000e+01 -3.5443369261e-01
   endloop
 endfacet
 facet normal  7.0521040423e-02 -3.3731678943e-02 -9.9693979592e-01
   outer loop
     vertex 2.9450512728e+01 3.3900000000e+01 -3.2298197750e-01
     vertex 2.8038316525e+01 3.3900000000e+01 -4.2287722284e-01
     vertex 3.1721330896e+01 4.2375000000e+01 -4.4910345417e-01
   endloop
 endfacet
 facet normal  6.2263867782e-02 -3.0145383203e-02 -9.9760436378e-01
   outer loop
     vertex 2.8038316525e+01 3.3900000000e+01 -4.2287722284e-01
     vertex 3.0401616567e+01 4.2375000000e+01 -5.3147129606e-01
     vertex 3.1721330896e+01 4.2375000000e+01 -4.4910345417e-01
   endloop
 endfacet
 facet normal  5.7088673879e-02 -2.8706761819e-02 -9.9795631424e-01
   outer loop
     vertex 2.8038316525e+01 3.3900000000e+01 -4.2287722284e-01
     vertex 2.6505605425e+01 3.3900000000e+01 -5.1055685659e-01
     vertex 3.0401616567e+01 4.2375000000e+01 -5.3147129606e-01
   endloop
 endfacet
 facet normal  3.5989067723e-02 -1.9010137782e-02 -9.9917135751e-01
   outer loop
     vertex 2.6505605425e+01 3.3900000000e+01 -5.1055685659e-01
     vertex 2.4971401958e+01 3.3900000000e+01 -5.6581720015e-01
     vertex 3.0401616567e+01 4.2375000000e+01 -5.3147129606e-01
   endloop
 endfacet
 facet normal  4.0838118104e-02 -2.2118100631e-02 -9.9892093668e-01
   outer loop
     vertex 3.0401616567e+01 4.2375000000e+01 -5.3147129606e-01
     vertex 2.4971401958e+01 3.3900000000e+01 -5.6581720015e-01
     vertex 2.9080453074e+01 4.2375000000e+01 -5.8548340930e-01
   endloop
 endfacet
 facet normal  7.3495046712e-03 -5.8837555115e-03 -9.9995568212e-01
   outer loop
     vertex 2.4971401958e+01 3.3900000000e+01 -5.6581720015e-01
     vertex 2.3555708402e+01 3.3900000000e+01 -5.7622230768e-01
     vertex 2.9080453074e+01 4.2375000000e+01 -5.8548340930e-01
   endloop
 endfacet
 facet normal  1.1501791117e-02 -8.5905140365e-03 -9.9989695063e-01
   outer loop
     vertex 2.9080453074e+01 4.2375000000e+01 -5.8548340930e-01
     vertex 2.3555708402e+01 3.3900000000e+01 -5.7622230768e-01
     vertex 2.7861185860e+01 4.2375000000e+01 -5.9950861140e-01
   endloop
 endfacet
 facet normal  -2.4940443244e-02 9.9236109653e-03 -9.9963968320e-01
   outer loop
     vertex 2.3555708402e+01 3.3900000000e+01 -5.7622230768e-01
     vertex 2.2344783612e+01 3.3900000000e+01 -5.4601042083e-01
     vertex 2.7861185860e+01 4.2375000000e+01 -5.9950861140e-01
   endloop
 endfacet
 facet normal  -2.7005244772e-02 1.1268024931e-02 -9.9957178250e-01
   outer loop
     vertex 2.7861185860e+01 4.2375000000e+01 -5.9950861140e-01
     vertex 2.2344783612e+01 3.3900000000e+01 -5.4601042083e-01
     vertex 2.6818316843e+01 4.2375000000e+01 -5.7133361328e-01
   endloop
 endfacet
 facet normal  -6.4353736323e-02 3.0988798103e-02 -9.9744588375e-01
   outer loop
     vertex 2.2344783612e+01 3.3900000000e+01 -5.4601042083e-01
     vertex 2.1375284132e+01 3.3900000000e+01 -4.8345974523e-01
     vertex 2.6818316843e+01 4.2375000000e+01 -5.7133361328e-01
   endloop
 endfacet
 facet normal  -7.6252425169e-02 3.8642152313e-02 -9.9633947614e-01
   outer loop
     vertex 2.6818316843e+01 4.2375000000e+01 -5.7133361328e-01
     vertex 2.1375284132e+01 3.3900000000e+01 -4.8345974523e-01
     vertex 2.5983911695e+01 4.2375000000e+01 -5.0747443916e-01
   endloop
 endfacet
 facet normal  -1.1459850011e-01 5.9507748008e-02 -9.9162796033e-01
   outer loop
     vertex 2.1375284132e+01 3.3900000000e+01 -4.8345974523e-01
     vertex 2.0640835118e+01 3.3900000000e+01 -3.9858239333e-01
     vertex 2.5983911695e+01 4.2375000000e+01 -5.0747443916e-01
   endloop
 endfacet
 facet normal  -1.4021330940e-01 7.5713250846e-02 -9.8722223005e-01
   outer loop
     vertex 2.5983911695e+01 4.2375000000e+01 -5.0747443916e-01
     vertex 2.0640835118e+01 3.3900000000e+01 -3.9858239333e-01
     vertex 2.5353033249e+01 4.2375000000e+01 -4.1787196453e-01
   endloop
 endfacet
 facet normal  -1.8624523750e-01 1.0133020138e-01 -9.7726398777e-01
   outer loop
     vertex 2.0640835118e+01 3.3900000000e+01 -3.9858239333e-01
     vertex 2.0110402091e+01 3.3900000000e+01 -2.9749340788e-01
     vertex 2.5353033249e+01 4.2375000000e+01 -4.1787196453e-01
   endloop
 endfacet
 facet normal  -2.3092244357e-01 1.2915075391e-01 -9.6436243592e-01
   outer loop
     vertex 2.5353033249e+01 4.2375000000e+01 -4.1787196453e-01
     vertex 2.0110402091e+01 3.3900000000e+01 -2.9749340788e-01
     vertex 2.4899724459e+01 4.2375000000e+01 -3.0932442109e-01
   endloop
 endfacet
 facet normal  -3.1238564167e-01 1.7522943572e-01 -9.3365403429e-01
   outer loop
     vertex 2.0110402091e+01 3.3900000000e+01 -2.9749340788e-01
     vertex 1.9749124167e+01 3.3900000000e+01 -1.7661561787e-01
     vertex 2.4899724459e+01 4.2375000000e+01 -3.0932442109e-01
   endloop
 endfacet
 facet normal  -3.8692519684e-01 2.2113222862e-01 -8.9520356876e-01
   outer loop
     vertex 2.4899724459e+01 4.2375000000e+01 -3.0932442109e-01
     vertex 1.9749124167e+01 3.3900000000e+01 -1.7661561787e-01
     vertex 2.4596337961e+01 4.2375000000e+01 -1.7819460377e-01
   endloop
 endfacet
 facet normal  -6.5502402906e-01 3.7451389699e-01 -6.5626432351e-01
   outer loop
     vertex 1.9749124167e+01 3.3900000000e+01 -1.7661561787e-01
     vertex 1.9572174126e+01 3.3900000000e+01 0.0000000000e+00
     vertex 2.4596337961e+01 4.2375000000e+01 -1.7819460377e-01
   endloop
 endfacet
 facet normal  -7.3034077773e-01 4.2166244462e-01 -5.3740406696e-01
   outer loop
     vertex 2.4596337961e+01 4.2375000000e+01 -1.7819460377e-01
     vertex 1.9572174126e+01 3.3900000000e+01 0.0000000000e+00
     vertex 2.4465217657e+01 4.2375000000e+01 0.0000000000e+00
   endloop
 endfacet
 facet normal  -7.3034077773e-01 4.2166244462e-01 5.3740406696e-01
   outer loop
     vertex 1.9572174126e+01 3.3900000000e+01 0.0000000000e+00
     vertex 2.4596337961e+01 4.2375000000e+01 1.7819460377e-01
     vertex 2.4465217657e+01 4.2375000000e+01 0.0000000000e+00
   endloop
 endfacet
 facet normal  -6.7908152845e-01 3.8949174159e-01 6.2220933852e-01
   outer loop
     vertex 1.9572174126e+01 3.3900000000e+01 0.0000000000e+00
     vertex 1.9743286817e+01 3.3900000000e+01 1.8675301201e-01
     vertex 2.4596337961e+01 4.2375000000e+01 1.7819460377e-01
   endloop
 endfacet
 facet normal  -3.8681048000e-01 2.2240357387e-01 8.9493815590e-01
   outer loop
     vertex 1.9743286817e+01 3.3900000000e+01 1.8675301201e-01
     vertex 2.4899724459e+01 4.2375000000e+01 3.0932442109e-01
     vertex 2.4596337961e+01 4.2375000000e+01 1.7819460377e-01
   endloop
 endfacet
 facet normal  -3.4059058162e-01 1.9391962831e-01 9.1999632253e-01
   outer loop
     vertex 1.9743286817e+01 3.3900000000e+01 1.8675301201e-01
     vertex 2.0102746715e+01 3.3900000000e+01 3.1982816975e-01
     vertex 2.4899724459e+01 4.2375000000e+01 3.0932442109e-01
   endloop
 endfacet
 facet normal  -2.3083959826e-01 1.3185347514e-01 9.6401646302e-01
   outer loop
     vertex 2.0102746715e+01 3.3900000000e+01 3.1982816975e-01
     vertex 2.5353033249e+01 4.2375000000e+01 4.1787196453e-01
     vertex 2.4899724459e+01 4.2375000000e+01 3.0932442109e-01
   endloop
 endfacet
 facet normal  -2.1003644131e-01 1.1889157483e-01 9.7043778098e-01
   outer loop
     vertex 2.0102746715e+01 3.3900000000e+01 3.1982816975e-01
     vertex 2.0632162688e+01 3.3900000000e+01 4.3441217421e-01
     vertex 2.5353033249e+01 4.2375000000e+01 4.1787196453e-01
   endloop
 endfacet
 facet normal  -1.4016619551e-01 8.0003521157e-02 9.8689050773e-01
   outer loop
     vertex 2.0632162688e+01 3.3900000000e+01 4.3441217421e-01
     vertex 2.5983911695e+01 4.2375000000e+01 5.0747443916e-01
     vertex 2.5353033249e+01 4.2375000000e+01 4.1787196453e-01
   endloop
 endfacet
 facet normal  -1.3373260305e-01 7.5930405340e-02 9.8810432872e-01
   outer loop
     vertex 2.0632162688e+01 3.3900000000e+01 4.3441217421e-01
     vertex 2.1366252444e+01 3.3900000000e+01 5.3376578602e-01
     vertex 2.5983911695e+01 4.2375000000e+01 5.0747443916e-01
   endloop
 endfacet
 facet normal  -7.6233396235e-02 4.4626361897e-02 9.9609083779e-01
   outer loop
     vertex 2.1366252444e+01 3.3900000000e+01 5.3376578602e-01
     vertex 2.6818316843e+01 4.2375000000e+01 5.7133361328e-01
     vertex 2.5983911695e+01 4.2375000000e+01 5.0747443916e-01
   endloop
 endfacet
 facet normal  -7.9070015878e-02 4.6452542277e-02 9.9578616877e-01
   outer loop
     vertex 2.1366252444e+01 3.3900000000e+01 5.3376578602e-01
     vertex 2.2336077767e+01 3.3900000000e+01 6.1077439097e-01
     vertex 2.6818316843e+01 4.2375000000e+01 5.7133361328e-01
   endloop
 endfacet
 facet normal  -2.7002118947e-02 1.8932068184e-02 9.9945608326e-01
   outer loop
     vertex 2.2336077767e+01 3.3900000000e+01 6.1077439097e-01
     vertex 2.7861185860e+01 4.2375000000e+01 5.9950861140e-01
     vertex 2.6818316843e+01 4.2375000000e+01 5.7133361328e-01
   endloop
 endfacet
 facet normal  -3.5430855653e-02 2.4426507369e-02 9.9907357097e-01
   outer loop
     vertex 2.2336077767e+01 3.3900000000e+01 6.1077439097e-01
     vertex 2.3548046668e+01 3.3900000000e+01 6.5375530492e-01
     vertex 2.7861185860e+01 4.2375000000e+01 5.9950861140e-01
   endloop
 endfacet
 facet normal  1.1502213820e-02 5.4660148943e-04 9.9993369795e-01
   outer loop
     vertex 2.3548046668e+01 3.3900000000e+01 6.5375530492e-01
     vertex 2.9080453074e+01 4.2375000000e+01 5.8548340930e-01
     vertex 2.7861185860e+01 4.2375000000e+01 5.9950861140e-01
   endloop
 endfacet
 facet normal  9.4968523576e-04 7.4355083011e-03 9.9997190526e-01
   outer loop
     vertex 2.3548046668e+01 3.3900000000e+01 6.5375530492e-01
     vertex 2.4965404952e+01 3.3900000000e+01 6.5240922286e-01
     vertex 2.9080453074e+01 4.2375000000e+01 5.8548340930e-01
   endloop
 endfacet
 facet normal  4.0845197816e-02 -1.1942745538e-02 9.9909411000e-01
   outer loop
     vertex 2.4965404952e+01 3.3900000000e+01 6.5240922286e-01
     vertex 3.0401616567e+01 4.2375000000e+01 5.3147129606e-01
     vertex 2.9080453074e+01 4.2375000000e+01 5.8548340930e-01
   endloop
 endfacet
 facet normal  3.3597084728e-02 -7.2890176336e-03 9.9940887835e-01
   outer loop
     vertex 2.4965404952e+01 3.3900000000e+01 6.5240922286e-01
     vertex 2.6501606132e+01 3.3900000000e+01 6.0076681471e-01
     vertex 3.0401616567e+01 4.2375000000e+01 5.3147129606e-01
   endloop
 endfacet
 facet normal  5.8737025734e-02 -1.8868612612e-02 9.9809515441e-01
   outer loop
     vertex 2.6501606132e+01 3.3900000000e+01 6.0076681471e-01
     vertex 2.8036119832e+01 3.3900000000e+01 5.1046202736e-01
     vertex 3.0401616567e+01 4.2375000000e+01 5.3147129606e-01
   endloop
 endfacet
 facet normal  6.2279896037e-02 -1.9856899612e-02 9.9786117175e-01
   outer loop
     vertex 3.0401616567e+01 4.2375000000e+01 5.3147129606e-01
     vertex 2.8036119832e+01 3.3900000000e+01 5.1046202736e-01
     vertex 3.1721330896e+01 4.2375000000e+01 4.4910345417e-01
   endloop
 endfacet
 facet normal  7.6223960621e-02 -2.5928260481e-02 9.9675354684e-01
   outer loop
     vertex 2.8036119832e+01 3.3900000000e+01 5.1046202736e-01
     vertex 2.9449575376e+01 3.3900000000e+01 4.0237193822e-01
     vertex 3.1721330896e+01 4.2375000000e+01 4.4910345417e-01
   endloop
 endfacet
 facet normal  7.7609810785e-02 -2.6299099519e-02 9.9663688204e-01
   outer loop
     vertex 3.1721330896e+01 4.2375000000e+01 4.4910345417e-01
     vertex 2.9449575376e+01 3.3900000000e+01 4.0237193822e-01
     vertex 3.2937045443e+01 4.2375000000e+01 3.5443369261e-01
   endloop
 endfacet
 facet normal  8.8288694803e-02 -3.0699211863e-02 9.9562174783e-01
   outer loop
     vertex 2.9449575376e+01 3.3900000000e+01 4.0237193822e-01
     vertex 3.0657732798e+01 3.3900000000e+01 2.9523622919e-01
     vertex 3.2937045443e+01 4.2375000000e+01 3.5443369261e-01
   endloop
 endfacet
 facet normal  8.8753792452e-02 -3.0823981980e-02 9.9557653973e-01
   outer loop
     vertex 3.2937045443e+01 4.2375000000e+01 3.5443369261e-01
     vertex 3.0657732798e+01 3.3900000000e+01 2.9523622919e-01
     vertex 3.3976247507e+01 4.2375000000e+01 2.6179076603e-01
   endloop
 endfacet
 facet normal  9.6159529799e-02 -3.3726897415e-02 9.9479437132e-01
   outer loop
     vertex 3.0657732798e+01 3.3900000000e+01 2.9523622919e-01
     vertex 3.1626200010e+01 3.3900000000e+01 2.0162155416e-01
     vertex 3.3976247507e+01 4.2375000000e+01 2.6179076603e-01
   endloop
 endfacet
 facet normal  9.7136953779e-02 -3.3997189468e-02 9.9469020470e-01
   outer loop
     vertex 3.3976247507e+01 4.2375000000e+01 2.6179076603e-01
     vertex 3.1626200010e+01 3.3900000000e+01 2.0162155416e-01
     vertex 3.4809233887e+01 4.2375000000e+01 1.8044507763e-01
   endloop
 endfacet
 facet normal  1.0091621043e-01 -3.5417663924e-02 9.9426430468e-01
   outer loop
     vertex 3.1626200010e+01 3.3900000000e+01 2.0162155416e-01
     vertex 3.2363354651e+01 3.3900000000e+01 1.2680155658e-01
     vertex 3.4809233887e+01 4.2375000000e+01 1.8044507763e-01
   endloop
 endfacet
 facet normal  1.0356604800e-01 -3.6180506377e-02 9.9396430754e-01
   outer loop
     vertex 3.4809233887e+01 4.2375000000e+01 1.8044507763e-01
     vertex 3.2363354651e+01 3.3900000000e+01 1.2680155658e-01
     vertex 3.5443157544e+01 4.2375000000e+01 1.1439344235e-01
   endloop
 endfacet
 facet normal  1.0387727070e-01 -3.6293657849e-02 9.9392770513e-01
   outer loop
     vertex 3.2363354651e+01 3.3900000000e+01 1.2680155658e-01
     vertex 3.2902599728e+01 3.3900000000e+01 7.0444030296e-02
     vertex 3.5443157544e+01 4.2375000000e+01 1.1439344235e-01
   endloop
 endfacet
 facet normal  1.0851177491e-01 -3.7680110889e-02 9.9338079504e-01
   outer loop
     vertex 3.5443157544e+01 4.2375000000e+01 1.1439344235e-01
     vertex 3.2902599728e+01 3.3900000000e+01 7.0444030296e-02
     vertex 3.5906790267e+01 4.2375000000e+01 6.3748604047e-02
   endloop
 endfacet
 facet normal  1.0599517586e-01 -3.6787793967e-02 9.9368590657e-01
   outer loop
     vertex 3.2902599728e+01 3.3900000000e+01 7.0444030296e-02
     vertex 3.3285698460e+01 3.3900000000e+01 2.9579389672e-02
     vertex 3.5906790267e+01 4.2375000000e+01 6.3748604047e-02
   endloop
 endfacet
 facet normal  1.1222978318e-01 -3.8712935818e-02 9.9292788478e-01
   outer loop
     vertex 3.5906790267e+01 4.2375000000e+01 6.3748604047e-02
     vertex 3.3285698460e+01 3.3900000000e+01 2.9579389672e-02
     vertex 3.6236114683e+01 4.2375000000e+01 2.6525349090e-02
   endloop
 endfacet
 facet normal  1.1024399465e-01 -3.8021530081e-02 9.9317703603e-01
   outer loop
     vertex 3.3285698460e+01 3.3900000000e+01 2.9579389672e-02
     vertex 3.3552174126e+01 3.3900000000e+01 2.3024205795e-07
     vertex 3.6236114683e+01 4.2375000000e+01 2.6525349090e-02
   endloop
 endfacet
 facet normal  1.1492111140e-01 -3.9500881612e-02 9.9258894740e-01
   outer loop
     vertex 3.6236114683e+01 4.2375000000e+01 2.6525349090e-02
     vertex 3.3552174126e+01 3.3900000000e+01 2.3024205795e-07
     vertex 3.6465217657e+01 4.2375000000e+01 0.0000000000e+00
   endloop
 endfacet
 facet normal  0.0000000000e+00 1.0000000000e+00 0.0000000000e+00
   outer loop
     vertex 3.6465217657e+01 4.2375000000e+01 0.0000000000e+00
     vertex 3.6236114683e+01 4.2375000000e+01 -2.6525349090e-02
     vertex 3.6236114683e+01 4.2375000000e+01 -1.3262674545e-02
   endloop
 endfacet
 facet normal  4.3151536975e-14 1.0000000000e+00 -6.9354814590e-26
   outer loop
     vertex 3.6236114683e+01 4.2375000000e+01 -2.6525349090e-02
     vertex 3.5906790267e+01 4.2375000000e+01 -3.1874302023e-02
     vertex 3.6236114683e+01 4.2375000000e+01 -1.3262674545e-02
   endloop
 endfacet
 facet normal  4.3151536975e-14 1.0000000000e+00 -3.8477405544e-26
   outer loop
     vertex 3.6236114683e+01 4.2375000000e+01 -2.6525349090e-02
     vertex 3.5906790267e+01 4.2375000000e+01 -6.3748604047e-02
     vertex 3.5906790267e+01 4.2375000000e+01 -3.1874302023e-02
   endloop
 endfacet
 facet normal  -0.0000000000e+00 1.0000000000e+00 0.0000000000e+00
   outer loop
     vertex 3.5906790267e+01 4.2375000000e+01 -6.3748604047e-02
     vertex 3.5443157544e+01 4.2375000000e+01 -5.7196721174e-02
     vertex 3.5906790267e+01 4.2375000000e+01 -3.1874302023e-02
   endloop
 endfacet
 facet normal  0.0000000000e+00 1.0000000000e+00 0.0000000000e+00
   outer loop
     vertex 3.5906790267e+01 4.2375000000e+01 -6.3748604047e-02
     vertex 3.5443157544e+01 4.2375000000e+01 -1.1439344235e-01
     vertex 3.5443157544e+01 4.2375000000e+01 -5.7196721174e-02
   endloop
 endfacet
 facet normal  -2.2417296705e-14 1.0000000000e+00 5.5697064455e-27
   outer loop
     vertex 3.5443157544e+01 4.2375000000e+01 -1.1439344235e-01
     vertex 3.4809233887e+01 4.2375000000e+01 -9.0222538816e-02
     vertex 3.5443157544e+01 4.2375000000e+01 -5.7196721174e-02
   endloop
 endfacet
 facet normal  -2.2417296705e-14 1.0000000000e+00 0.0000000000e+00
   outer loop
     vertex 3.5443157544e+01 4.2375000000e+01 -1.1439344235e-01
     vertex 3.4809233887e+01 4.2375000000e+01 -1.8044507763e-01
     vertex 3.4809233887e+01 4.2375000000e+01 -9.0222538816e-02
   endloop
 endfacet
 facet normal  -0.0000000000e+00 1.0000000000e+00 0.0000000000e+00
   outer loop
     vertex 3.4809233887e+01 4.2375000000e+01 -1.8044507763e-01
     vertex 3.3976247507e+01 4.2375000000e+01 -1.3089538302e-01
     vertex 3.4809233887e+01 4.2375000000e+01 -9.0222538816e-02
   endloop
 endfacet
 facet normal  0.0000000000e+00 1.0000000000e+00 0.0000000000e+00
   outer loop
     vertex 3.4809233887e+01 4.2375000000e+01 -1.8044507763e-01
     vertex 3.3976247507e+01 4.2375000000e+01 -2.6179076603e-01
     vertex 3.3976247507e+01 4.2375000000e+01 -1.3089538302e-01
   endloop
 endfacet
 facet normal  -0.0000000000e+00 1.0000000000e+00 0.0000000000e+00
   outer loop
     vertex 3.3976247507e+01 4.2375000000e+01 -2.6179076603e-01
     vertex 3.2937045443e+01 4.2375000000e+01 -1.7721684630e-01
     vertex 3.3976247507e+01 4.2375000000e+01 -1.3089538302e-01
   endloop
 endfacet
 facet normal  0.0000000000e+00 1.0000000000e+00 0.0000000000e+00
   outer loop
     vertex 3.3976247507e+01 4.2375000000e+01 -2.6179076603e-01
     vertex 3.2937045443e+01 4.2375000000e+01 -3.5443369261e-01
     vertex 3.2937045443e+01 4.2375000000e+01 -1.7721684630e-01
   endloop
 endfacet
 facet normal  -0.0000000000e+00 1.0000000000e+00 0.0000000000e+00
   outer loop
     vertex 3.2937045443e+01 4.2375000000e+01 -3.5443369261e-01
     vertex 3.1721330896e+01 4.2375000000e+01 -2.2455172708e-01
     vertex 3.2937045443e+01 4.2375000000e+01 -1.7721684630e-01
   endloop
 endfacet
 facet normal  0.0000000000e+00 1.0000000000e+00 0.0000000000e+00
   outer loop
     vertex 3.2937045443e+01 4.2375000000e+01 -3.5443369261e-01
     vertex 3.1721330896e+01 4.2375000000e+01 -4.4910345417e-01
     vertex 3.1721330896e+01 4.2375000000e+01 -2.2455172708e-01
   endloop
 endfacet
 facet normal  -0.0000000000e+00 1.0000000000e+00 0.0000000000e+00
   outer loop
     vertex 3.1721330896e+01 4.2375000000e+01 -4.4910345417e-01
     vertex 3.0401616567e+01 4.2375000000e+01 -2.6573564803e-01
     vertex 3.1721330896e+01 4.2375000000e+01 -2.2455172708e-01
   endloop
 endfacet
 facet normal  0.0000000000e+00 1.0000000000e+00 -0.0000000000e+00
   outer loop
     vertex 3.1721330896e+01 4.2375000000e+01 -4.4910345417e-01
     vertex 3.0401616567e+01 4.2375000000e+01 -5.3147129606e-01
     vertex 3.0401616567e+01 4.2375000000e+01 -2.6573564803e-01
   endloop
 endfacet
 facet normal  0.0000000000e+00 1.0000000000e+00 0.0000000000e+00
   outer loop
     vertex 3.0401616567e+01 4.2375000000e+01 -5.3147129606e-01
     vertex 2.9080453074e+01 4.2375000000e+01 -5.8548340930e-01
     vertex 3.0401616567e+01 4.2375000000e+01 -2.6573564803e-01
   endloop
 endfacet
 facet normal  0.0000000000e+00 1.0000000000e+00 0.0000000000e+00
   outer loop
     vertex 3.0401616567e+01 4.2375000000e+01 -2.6573564803e-01
     vertex 2.9080453074e+01 4.2375000000e+01 -5.8548340930e-01
     vertex 2.9080453074e+01 4.2375000000e+01 -2.9274170465e-01
   endloop
 endfacet
 facet normal  0.0000000000e+00 1.0000000000e+00 0.0000000000e+00
   outer loop
     vertex 2.9080453074e+01 4.2375000000e+01 -5.8548340930e-01
     vertex 2.7861185860e+01 4.2375000000e+01 -5.9950861140e-01
     vertex 2.9080453074e+01 4.2375000000e+01 -2.9274170465e-01
   endloop
 endfacet
 facet normal  0.0000000000e+00 1.0000000000e+00 0.0000000000e+00
   outer loop
     vertex 2.9080453074e+01 4.2375000000e+01 -2.9274170465e-01
     vertex 2.7861185860e+01 4.2375000000e+01 -5.9950861140e-01
     vertex 2.7861185860e+01 4.2375000000e+01 -2.9975430570e-01
   endloop
 endfacet
 facet normal  -0.0000000000e+00 1.0000000000e+00 0.0000000000e+00
   outer loop
     vertex 2.7861185860e+01 4.2375000000e+01 -5.9950861140e-01
     vertex 2.6818316843e+01 4.2375000000e+01 -5.7133361328e-01
     vertex 2.7861185860e+01 4.2375000000e+01 -2.9975430570e-01
   endloop
 endfacet
 facet normal  0.0000000000e+00 1.0000000000e+00 -0.0000000000e+00
   outer loop
     vertex 2.7861185860e+01 4.2375000000e+01 -2.9975430570e-01
     vertex 2.6818316843e+01 4.2375000000e+01 -5.7133361328e-01
     vertex 2.6818316843e+01 4.2375000000e+01 -2.8566680664e-01
   endloop
 endfacet
 facet normal  -0.0000000000e+00 1.0000000000e+00 0.0000000000e+00
   outer loop
     vertex 2.6818316843e+01 4.2375000000e+01 -5.7133361328e-01
     vertex 2.5983911695e+01 4.2375000000e+01 -5.0747443916e-01
     vertex 2.6818316843e+01 4.2375000000e+01 -2.8566680664e-01
   endloop
 endfacet
 facet normal  0.0000000000e+00 1.0000000000e+00 0.0000000000e+00
   outer loop
     vertex 2.6818316843e+01 4.2375000000e+01 -2.8566680664e-01
     vertex 2.5983911695e+01 4.2375000000e+01 -5.0747443916e-01
     vertex 2.5983911695e+01 4.2375000000e+01 -2.5373721958e-01
   endloop
 endfacet
 facet normal  -0.0000000000e+00 1.0000000000e+00 0.0000000000e+00
   outer loop
     vertex 2.5983911695e+01 4.2375000000e+01 -5.0747443916e-01
     vertex 2.5353033249e+01 4.2375000000e+01 -4.1787196453e-01
     vertex 2.5983911695e+01 4.2375000000e+01 -2.5373721958e-01
   endloop
 endfacet
 facet normal  0.0000000000e+00 1.0000000000e+00 0.0000000000e+00
   outer loop
     vertex 2.5983911695e+01 4.2375000000e+01 -2.5373721958e-01
     vertex 2.5353033249e+01 4.2375000000e+01 -4.1787196453e-01
     vertex 2.5353033249e+01 4.2375000000e+01 -2.0893598227e-01
   endloop
 endfacet
 facet normal  -1.5674585446e-14 1.0000000000e+00 0.0000000000e+00
   outer loop
     vertex 2.5353033249e+01 4.2375000000e+01 -4.1787196453e-01
     vertex 2.4899724459e+01 4.2375000000e+01 -3.0932442109e-01
     vertex 2.5353033249e+01 4.2375000000e+01 -2.0893598227e-01
   endloop
 endfacet
 facet normal  -1.5674585446e-14 1.0000000000e+00 3.6005766326e-28
   outer loop
     vertex 2.5353033249e+01 4.2375000000e+01 -2.0893598227e-01
     vertex 2.4899724459e+01 4.2375000000e+01 -3.0932442109e-01
     vertex 2.4899724459e+01 4.2375000000e+01 -1.5466221054e-01
   endloop
 endfacet
 facet normal  2.3420380952e-14 1.0000000000e+00 -5.3798473124e-28
   outer loop
     vertex 2.4899724459e+01 4.2375000000e+01 -3.0932442109e-01
     vertex 2.4596337961e+01 4.2375000000e+01 -1.7819460377e-01
     vertex 2.4899724459e+01 4.2375000000e+01 -1.5466221054e-01
   endloop
 endfacet
 facet normal  2.3420380952e-14 1.0000000000e+00 -0.0000000000e+00
   outer loop
     vertex 2.4899724459e+01 4.2375000000e+01 -1.5466221054e-01
     vertex 2.4596337961e+01 4.2375000000e+01 -1.7819460377e-01
     vertex 2.4596337961e+01 4.2375000000e+01 -8.9097301885e-02
   endloop
 endfacet
 facet normal  0.0000000000e+00 1.0000000000e+00 0.0000000000e+00
   outer loop
     vertex 2.4596337961e+01 4.2375000000e+01 -1.7819460377e-01
     vertex 2.4465217657e+01 4.2375000000e+01 0.0000000000e+00
     vertex 2.4596337961e+01 4.2375000000e+01 -8.9097301885e-02
   endloop
 endfacet
 facet normal  0.0000000000e+00 1.0000000000e+00 0.0000000000e+00
   outer loop
     vertex 2.4465217657e+01 4.2375000000e+01 0.0000000000e+00
     vertex 2.4596337961e+01 4.2375000000e+01 1.7819460377e-01
     vertex 2.4596337961e+01 4.2375000000e+01 8.9097301885e-02
   endloop
 endfacet
 facet normal  0.0000000000e+00 1.0000000000e+00 0.0000000000e+00
   outer loop
     vertex 2.4596337961e+01 4.2375000000e+01 1.7819460377e-01
     vertex 2.4899724459e+01 4.2375000000e+01 1.5466221054e-01
     vertex 2.4596337961e+01 4.2375000000e+01 8.9097301885e-02
   endloop
 endfacet
 facet normal  0.0000000000e+00 1.0000000000e+00 0.0000000000e+00
   outer loop
     vertex 2.4596337961e+01 4.2375000000e+01 1.7819460377e-01
     vertex 2.4899724459e+01 4.2375000000e+01 3.0932442109e-01
     vertex 2.4899724459e+01 4.2375000000e+01 1.5466221054e-01
   endloop
 endfacet
 facet normal  0.0000000000e+00 1.0000000000e+00 0.0000000000e+00
   outer loop
     vertex 2.4899724459e+01 4.2375000000e+01 3.0932442109e-01
     vertex 2.5353033249e+01 4.2375000000e+01 2.0893598227e-01
     vertex 2.4899724459e+01 4.2375000000e+01 1.5466221054e-01
   endloop
 endfacet
 facet normal  0.0000000000e+00 1.0000000000e+00 0.0000000000e+00
   outer loop
     vertex 2.4899724459e+01 4.2375000000e+01 3.0932442109e-01
     vertex 2.5353033249e+01 4.2375000000e+01 4.1787196453e-01
     vertex 2.5353033249e+01 4.2375000000e+01 2.0893598227e-01
   endloop
 endfacet
 facet normal  0.0000000000e+00 1.0000000000e+00 0.0000000000e+00
   outer loop
     vertex 2.5353033249e+01 4.2375000000e+01 4.1787196453e-01
     vertex 2.5983911695e+01 4.2375000000e+01 2.5373721958e-01
     vertex 2.5353033249e+01 4.2375000000e+01 2.0893598227e-01
   endloop
 endfacet
 facet normal  0.0000000000e+00 1.0000000000e+00 0.0000000000e+00
   outer loop
     vertex 2.5353033249e+01 4.2375000000e+01 4.1787196453e-01
     vertex 2.5983911695e+01 4.2375000000e+01 5.0747443916e-01
     vertex 2.5983911695e+01 4.2375000000e+01 2.5373721958e-01
   endloop
 endfacet
 facet normal  0.0000000000e+00 1.0000000000e+00 0.0000000000e+00
   outer loop
     vertex 2.5983911695e+01 4.2375000000e+01 5.0747443916e-01
     vertex 2.6818316843e+01 4.2375000000e+01 2.8566680664e-01
     vertex 2.5983911695e+01 4.2375000000e+01 2.5373721958e-01
   endloop
 endfacet
 facet normal  0.0000000000e+00 1.0000000000e+00 0.0000000000e+00
   outer loop
     vertex 2.5983911695e+01 4.2375000000e+01 5.0747443916e-01
     vertex 2.6818316843e+01 4.2375000000e+01 5.7133361328e-01
     vertex 2.6818316843e+01 4.2375000000e+01 2.8566680664e-01
   endloop
 endfacet
 facet normal  0.0000000000e+00 1.0000000000e+00 0.0000000000e+00
   outer loop
     vertex 2.6818316843e+01 4.2375000000e+01 5.7133361328e-01
     vertex 2.7861185860e+01 4.2375000000e+01 2.9975430570e-01
     vertex 2.6818316843e+01 4.2375000000e+01 2.8566680664e-01
   endloop
 endfacet
 facet normal  0.0000000000e+00 1.0000000000e+00 0.0000000000e+00
   outer loop
     vertex 2.6818316843e+01 4.2375000000e+01 5.7133361328e-01
     vertex 2.7861185860e+01 4.2375000000e+01 5.9950861140e-01
     vertex 2.7861185860e+01 4.2375000000e+01 2.9975430570e-01
   endloop
 endfacet
 facet normal  0.0000000000e+00 1.0000000000e+00 0.0000000000e+00
   outer loop
     vertex 2.7861185860e+01 4.2375000000e+01 5.9950861140e-01
     vertex 2.9080453074e+01 4.2375000000e+01 2.9274170465e-01
     vertex 2.7861185860e+01 4.2375000000e+01 2.9975430570e-01
   endloop
 endfacet
 facet normal  0.0000000000e+00 1.0000000000e+00 0.0000000000e+00
   outer loop
     vertex 2.7861185860e+01 4.2375000000e+01 5.9950861140e-01
     vertex 2.9080453074e+01 4.2375000000e+01 5.8548340930e-01
     vertex 2.9080453074e+01 4.2375000000e+01 2.9274170465e-01
   endloop
 endfacet
 facet normal  0.0000000000e+00 1.0000000000e+00 0.0000000000e+00
   outer loop
     vertex 2.9080453074e+01 4.2375000000e+01 5.8548340930e-01
     vertex 3.0401616567e+01 4.2375000000e+01 2.6573564803e-01
     vertex 2.9080453074e+01 4.2375000000e+01 2.9274170465e-01
   endloop
 endfacet
 facet normal  0.0000000000e+00 1.0000000000e+00 0.0000000000e+00
   outer loop
     vertex 2.9080453074e+01 4.2375000000e+01 5.8548340930e-01
     vertex 3.0401616567e+01 4.2375000000e+01 5.3147129606e-01
     vertex 3.0401616567e+01 4.2375000000e+01 2.6573564803e-01
   endloop
 endfacet
 facet normal  0.0000000000e+00 1.0000000000e+00 0.0000000000e+00
   outer loop
     vertex 3.0401616567e+01 4.2375000000e+01 5.3147129606e-01
     vertex 3.1721330896e+01 4.2375000000e+01 4.4910345417e-01
     vertex 3.0401616567e+01 4.2375000000e+01 2.6573564803e-01
   endloop
 endfacet
 facet normal  0.0000000000e+00 1.0000000000e+00 0.0000000000e+00
   outer loop
     vertex 3.0401616567e+01 4.2375000000e+01 2.6573564803e-01
     vertex 3.1721330896e+01 4.2375000000e+01 4.4910345417e-01
     vertex 3.1721330896e+01 4.2375000000e+01 2.2455172708e-01
   endloop
 endfacet
 facet normal  0.0000000000e+00 1.0000000000e+00 0.0000000000e+00
   outer loop
     vertex 3.1721330896e+01 4.2375000000e+01 4.4910345417e-01
     vertex 3.2937045443e+01 4.2375000000e+01 3.5443369261e-01
     vertex 3.1721330896e+01 4.2375000000e+01 2.2455172708e-01
   endloop
 endfacet
 facet normal  0.0000000000e+00 1.0000000000e+00 0.0000000000e+00
   outer loop
     vertex 3.1721330896e+01 4.2375000000e+01 2.2455172708e-01
     vertex 3.2937045443e+01 4.2375000000e+01 3.5443369261e-01
     vertex 3.2937045443e+01 4.2375000000e+01 1.7721684630e-01
   endloop
 endfacet
 facet normal  0.0000000000e+00 1.0000000000e+00 0.0000000000e+00
   outer loop
     vertex 3.2937045443e+01 4.2375000000e+01 3.5443369261e-01
     vertex 3.3976247507e+01 4.2375000000e+01 2.6179076603e-01
     vertex 3.2937045443e+01 4.2375000000e+01 1.7721684630e-01
   endloop
 endfacet
 facet normal  0.0000000000e+00 1.0000000000e+00 0.0000000000e+00
   outer loop
     vertex 3.2937045443e+01 4.2375000000e+01 1.7721684630e-01
     vertex 3.3976247507e+01 4.2375000000e+01 2.6179076603e-01
     vertex 3.3976247507e+01 4.2375000000e+01 1.3089538302e-01
   endloop
 endfacet
 facet normal  0.0000000000e+00 1.0000000000e+00 0.0000000000e+00
   outer loop
     vertex 3.3976247507e+01 4.2375000000e+01 2.6179076603e-01
     vertex 3.4809233887e+01 4.2375000000e+01 1.8044507763e-01
     vertex 3.3976247507e+01 4.2375000000e+01 1.3089538302e-01
   endloop
 endfacet
 facet normal  0.0000000000e+00 1.0000000000e+00 0.0000000000e+00
   outer loop
     vertex 3.3976247507e+01 4.2375000000e+01 1.3089538302e-01
     vertex 3.4809233887e+01 4.2375000000e+01 1.8044507763e-01
     vertex 3.4809233887e+01 4.2375000000e+01 9.0222538816e-02
   endloop
 endfacet
 facet normal  0.0000000000e+00 1.0000000000e+00 0.0000000000e+00
   outer loop
     vertex 3.4809233887e+01 4.2375000000e+01 1.8044507763e-01
     vertex 3.5443157544e+01 4.2375000000e+01 1.1439344235e-01
     vertex 3.4809233887e+01 4.2375000000e+01 9.0222538816e-02
   endloop
 endfacet
 facet normal  0.0000000000e+00 1.0000000000e+00 0.0000000000e+00
   outer loop
     vertex 3.4809233887e+01 4.2375000000e+01 9.0222538816e-02
     vertex 3.5443157544e+01 4.2375000000e+01 1.1439344235e-01
     vertex 3.5443157544e+01 4.2375000000e+01 5.7196721174e-02
   endloop
 endfacet
 facet normal  -3.0651103759e-14 1.0000000000e+00 7.6154432185e-27
   outer loop
     vertex 3.5443157544e+01 4.2375000000e+01 1.1439344235e-01
     vertex 3.5906790267e+01 4.2375000000e+01 6.3748604047e-02
     vertex 3.5443157544e+01 4.2375000000e+01 5.7196721174e-02
   endloop
 endfacet
 facet normal  -3.0651103759e-14 1.0000000000e+00 2.0498255086e-26
   outer loop
     vertex 3.5443157544e+01 4.2375000000e+01 5.7196721174e-02
     vertex 3.5906790267e+01 4.2375000000e+01 6.3748604047e-02
     vertex 3.5906790267e+01 4.2375000000e+01 3.1874302023e-02
   endloop
 endfacet
 facet normal  4.3151536975e-14 1.0000000000e+00 -2.8858054158e-26
   outer loop
     vertex 3.5906790267e+01 4.2375000000e+01 6.3748604047e-02
     vertex 3.6236114683e+01 4.2375000000e+01 2.6525349090e-02
     vertex 3.5906790267e+01 4.2375000000e+01 3.1874302023e-02
   endloop
 endfacet
 facet normal  4.3151536975e-14 1.0000000000e+00 -6.9354814590e-26
   outer loop
     vertex 3.5906790267e+01 4.2375000000e+01 3.1874302023e-02
     vertex 3.6236114683e+01 4.2375000000e+01 2.6525349090e-02
     vertex 3.6236114683e+01 4.2375000000e+01 1.3262674545e-02
   endloop
 endfacet
 facet normal  0.0000000000e+00 1.0000000000e+00 0.0000000000e+00
   outer loop
     vertex 3.6236114683e+01 4.2375000000e+01 2.6525349090e-02
     vertex 3.6465217657e+01 4.2375000000e+01 0.0000000000e+00
     vertex 3.6236114683e+01 4.2375000000e+01 1.3262674545e-02
   endloop
 endfacet
 facet normal  0.0000000000e+00 1.0000000000e+00 0.0000000000e+00
   outer loop
     vertex 3.6465217657e+01 4.2375000000e+01 0.0000000000e+00
     vertex 3.6236114683e+01 4.2375000000e+01 -1.3262674545e-02
     vertex 3.6236114683e+01 4.2375000000e+01 -1.0014066870e-15
   endloop
 endfacet
 facet normal  2.1575768488e-14 1.0000000000e+00 -3.4677407295e-26
   outer loop
     vertex 3.6236114683e+01 4.2375000000e+01 -1.3262674545e-02
     vertex 3.5906790267e+01 4.2375000000e+01 -1.3669804570e-15
     vertex 3.6236114683e+01 4.2375000000e+01 -1.0014066870e-15
   endloop
 endfacet
 facet normal  3.0553295127e-14 1.0000000000e+00 2.2292024943e-13
   outer loop
     vertex 3.6236114683e+01 4.2375000000e+01 -1.3262674545e-02
     vertex 3.5906790267e+01 4.2375000000e+01 -3.1874302023e-02
     vertex 3.5906790267e+01 4.2375000000e+01 -1.3669804570e-15
   endloop
 endfacet
 facet normal  1.5305943032e-28 1.0000000000e+00 2.2292024943e-13
   outer loop
     vertex 3.5906790267e+01 4.2375000000e+01 -3.1874302023e-02
     vertex 3.5443157544e+01 4.2375000000e+01 -1.0486452644e-15
     vertex 3.5906790267e+01 4.2375000000e+01 -1.3669804570e-15
   endloop
 endfacet
 facet normal  -6.7850051619e-15 1.0000000000e+00 1.2422787901e-13
   outer loop
     vertex 3.5906790267e+01 4.2375000000e+01 -3.1874302023e-02
     vertex 3.5443157544e+01 4.2375000000e+01 -5.7196721174e-02
     vertex 3.5443157544e+01 4.2375000000e+01 -1.0486452644e-15
   endloop
 endfacet
 facet normal  -1.1208648353e-14 1.0000000000e+00 1.2422787901e-13
   outer loop
     vertex 3.5443157544e+01 4.2375000000e+01 -5.7196721174e-02
     vertex 3.4809233887e+01 4.2375000000e+01 -3.0970523306e-16
     vertex 3.5443157544e+01 4.2375000000e+01 -1.0486452644e-15
   endloop
 endfacet
 facet normal  -2.2417296705e-14 1.0000000000e+00 1.7654621050e-27
   outer loop
     vertex 3.5443157544e+01 4.2375000000e+01 -5.7196721174e-02
     vertex 3.4809233887e+01 4.2375000000e+01 -9.0222538816e-02
     vertex 3.4809233887e+01 4.2375000000e+01 -3.0970523306e-16
   endloop
 endfacet
 facet normal  0.0000000000e+00 1.0000000000e+00 0.0000000000e+00
   outer loop
     vertex 3.4809233887e+01 4.2375000000e+01 -9.0222538816e-02
     vertex 3.3976247507e+01 4.2375000000e+01 -9.2757880761e-17
     vertex 3.4809233887e+01 4.2375000000e+01 -3.0970523306e-16
   endloop
 endfacet
 facet normal  0.0000000000e+00 1.0000000000e+00 0.0000000000e+00
   outer loop
     vertex 3.4809233887e+01 4.2375000000e+01 -9.0222538816e-02
     vertex 3.3976247507e+01 4.2375000000e+01 -1.3089538302e-01
     vertex 3.3976247507e+01 4.2375000000e+01 -9.2757880761e-17
   endloop
 endfacet
 facet normal  0.0000000000e+00 1.0000000000e+00 0.0000000000e+00
   outer loop
     vertex 3.3976247507e+01 4.2375000000e+01 -1.3089538302e-01
     vertex 3.2937045443e+01 4.2375000000e+01 -5.7694316719e-17
     vertex 3.3976247507e+01 4.2375000000e+01 -9.2757880761e-17
   endloop
 endfacet
 facet normal  0.0000000000e+00 1.0000000000e+00 0.0000000000e+00
   outer loop
     vertex 3.3976247507e+01 4.2375000000e+01 -1.3089538302e-01
     vertex 3.2937045443e+01 4.2375000000e+01 -1.7721684630e-01
     vertex 3.2937045443e+01 4.2375000000e+01 -5.7694316719e-17
   endloop
 endfacet
 facet normal  -0.0000000000e+00 1.0000000000e+00 0.0000000000e+00
   outer loop
     vertex 3.2937045443e+01 4.2375000000e+01 -1.7721684630e-01
     vertex 3.1721330896e+01 4.2375000000e+01 -6.5275057337e-17
     vertex 3.2937045443e+01 4.2375000000e+01 -5.7694316719e-17
   endloop
 endfacet
 facet normal  0.0000000000e+00 1.0000000000e+00 0.0000000000e+00
   outer loop
     vertex 3.2937045443e+01 4.2375000000e+01 -1.7721684630e-01
     vertex 3.1721330896e+01 4.2375000000e+01 -2.2455172708e-01
     vertex 3.1721330896e+01 4.2375000000e+01 -6.5275057337e-17
   endloop
 endfacet
 facet normal  0.0000000000e+00 1.0000000000e+00 0.0000000000e+00
   outer loop
     vertex 3.1721330896e+01 4.2375000000e+01 -2.2455172708e-01
     vertex 3.0401616567e+01 4.2375000000e+01 1.1102230246e-16
     vertex 3.1721330896e+01 4.2375000000e+01 -6.5275057337e-17
   endloop
 endfacet
 facet normal  0.0000000000e+00 1.0000000000e+00 0.0000000000e+00
   outer loop
     vertex 3.1721330896e+01 4.2375000000e+01 -2.2455172708e-01
     vertex 3.0401616567e+01 4.2375000000e+01 -2.6573564803e-01
     vertex 3.0401616567e+01 4.2375000000e+01 1.1102230246e-16
   endloop
 endfacet
 facet normal  0.0000000000e+00 1.0000000000e+00 0.0000000000e+00
   outer loop
     vertex 3.0401616567e+01 4.2375000000e+01 -2.6573564803e-01
     vertex 2.9080453074e+01 4.2375000000e+01 -2.9274170465e-01
     vertex 3.0401616567e+01 4.2375000000e+01 1.1102230246e-16
   endloop
 endfacet
 facet normal  0.0000000000e+00 1.0000000000e+00 0.0000000000e+00
   outer loop
     vertex 3.0401616567e+01 4.2375000000e+01 1.1102230246e-16
     vertex 2.9080453074e+01 4.2375000000e+01 -2.9274170465e-01
     vertex 2.9080453074e+01 4.2375000000e+01 -1.1102900519e-16
   endloop
 endfacet
 facet normal  0.0000000000e+00 1.0000000000e+00 0.0000000000e+00
   outer loop
     vertex 2.9080453074e+01 4.2375000000e+01 -2.9274170465e-01
     vertex 2.7861185860e+01 4.2375000000e+01 -2.9975430570e-01
     vertex 2.9080453074e+01 4.2375000000e+01 -1.1102900519e-16
   endloop
 endfacet
 facet normal  0.0000000000e+00 1.0000000000e+00 0.0000000000e+00
   outer loop
     vertex 2.9080453074e+01 4.2375000000e+01 -1.1102900519e-16
     vertex 2.7861185860e+01 4.2375000000e+01 -2.9975430570e-01
     vertex 2.7861185860e+01 4.2375000000e+01 -1.3404846293e-17
   endloop
 endfacet
 facet normal  -0.0000000000e+00 1.0000000000e+00 0.0000000000e+00
   outer loop
     vertex 2.7861185860e+01 4.2375000000e+01 -2.9975430570e-01
     vertex 2.6818316843e+01 4.2375000000e+01 -2.8566680664e-01
     vertex 2.7861185860e+01 4.2375000000e+01 -1.3404846293e-17
   endloop
 endfacet
 facet normal  0.0000000000e+00 1.0000000000e+00 -0.0000000000e+00
   outer loop
     vertex 2.7861185860e+01 4.2375000000e+01 -1.3404846293e-17
     vertex 2.6818316843e+01 4.2375000000e+01 -2.8566680664e-01
     vertex 2.6818316843e+01 4.2375000000e+01 1.2613796051e-16
   endloop
 endfacet
 facet normal  -0.0000000000e+00 1.0000000000e+00 0.0000000000e+00
   outer loop
     vertex 2.6818316843e+01 4.2375000000e+01 -2.8566680664e-01
     vertex 2.5983911695e+01 4.2375000000e+01 -2.5373721958e-01
     vertex 2.6818316843e+01 4.2375000000e+01 1.2613796051e-16
   endloop
 endfacet
 facet normal  0.0000000000e+00 1.0000000000e+00 0.0000000000e+00
   outer loop
     vertex 2.6818316843e+01 4.2375000000e+01 1.2613796051e-16
     vertex 2.5983911695e+01 4.2375000000e+01 -2.5373721958e-01
     vertex 2.5983911695e+01 4.2375000000e+01 6.8735136533e-17
   endloop
 endfacet
 facet normal  -0.0000000000e+00 1.0000000000e+00 0.0000000000e+00
   outer loop
     vertex 2.5983911695e+01 4.2375000000e+01 -2.5373721958e-01
     vertex 2.5353033249e+01 4.2375000000e+01 -2.0893598227e-01
     vertex 2.5983911695e+01 4.2375000000e+01 6.8735136533e-17
   endloop
 endfacet
 facet normal  0.0000000000e+00 1.0000000000e+00 0.0000000000e+00
   outer loop
     vertex 2.5983911695e+01 4.2375000000e+01 6.8735136533e-17
     vertex 2.5353033249e+01 4.2375000000e+01 -2.0893598227e-01
     vertex 2.5353033249e+01 4.2375000000e+01 -1.8371179714e-16
   endloop
 endfacet
 facet normal  -1.5674585446e-14 1.0000000000e+00 0.0000000000e+00
   outer loop
     vertex 2.5353033249e+01 4.2375000000e+01 -2.0893598227e-01
     vertex 2.4899724459e+01 4.2375000000e+01 -1.5466221054e-01
     vertex 2.5353033249e+01 4.2375000000e+01 -1.8371179714e-16
   endloop
 endfacet
 facet normal  -1.5674585446e-14 1.0000000000e+00 0.0000000000e+00
   outer loop
     vertex 2.5353033249e+01 4.2375000000e+01 -1.8371179714e-16
     vertex 2.4899724459e+01 4.2375000000e+01 -1.5466221054e-01
     vertex 2.4899724459e+01 4.2375000000e+01 1.0522353836e-15
   endloop
 endfacet
 facet normal  2.3420380952e-14 1.0000000000e+00 0.0000000000e+00
   outer loop
     vertex 2.4899724459e+01 4.2375000000e+01 -1.5466221054e-01
     vertex 2.4596337961e+01 4.2375000000e+01 -8.9097301885e-02
     vertex 2.4899724459e+01 4.2375000000e+01 1.0522353836e-15
   endloop
 endfacet
 facet normal  2.3420380952e-14 1.0000000000e+00 -0.0000000000e+00
   outer loop
     vertex 2.4899724459e+01 4.2375000000e+01 1.0522353836e-15
     vertex 2.4596337961e+01 4.2375000000e+01 -8.9097301885e-02
     vertex 2.4596337961e+01 4.2375000000e+01 -9.4884801324e-16
   endloop
 endfacet
 facet normal  0.0000000000e+00 1.0000000000e+00 0.0000000000e+00
   outer loop
     vertex 2.4596337961e+01 4.2375000000e+01 -8.9097301885e-02
     vertex 2.4465217657e+01 4.2375000000e+01 0.0000000000e+00
     vertex 2.4596337961e+01 4.2375000000e+01 -9.4884801324e-16
   endloop
 endfacet
 facet normal  0.0000000000e+00 1.0000000000e+00 0.0000000000e+00
   outer loop
     vertex 2.4465217657e+01 4.2375000000e+01 0.0000000000e+00
     vertex 2.4596337961e+01 4.2375000000e+01 8.9097301885e-02
     vertex 2.4596337961e+01 4.2375000000e+01 -9.4884801324e-16
   endloop
 endfacet
 facet normal  0.0000000000e+00 1.0000000000e+00 0.0000000000e+00
   outer loop
     vertex 2.4596337961e+01 4.2375000000e+01 8.9097301885e-02
     vertex 2.4899724459e+01 4.2375000000e+01 1.0522353836e-15
     vertex 2.4596337961e+01 4.2375000000e+01 -9.4884801324e-16
   endloop
 endfacet
 facet normal  0.0000000000e+00 1.0000000000e+00 0.0000000000e+00
   outer loop
     vertex 2.4596337961e+01 4.2375000000e+01 8.9097301885e-02
     vertex 2.4899724459e+01 4.2375000000e+01 1.5466221054e-01
     vertex 2.4899724459e+01 4.2375000000e+01 1.0522353836e-15
   endloop
 endfacet
 facet normal  0.0000000000e+00 1.0000000000e+00 0.0000000000e+00
   outer loop
     vertex 2.4899724459e+01 4.2375000000e+01 1.5466221054e-01
     vertex 2.5353033249e+01 4.2375000000e+01 -1.8371179714e-16
     vertex 2.4899724459e+01 4.2375000000e+01 1.0522353836e-15
   endloop
 endfacet
 facet normal  0.0000000000e+00 1.0000000000e+00 0.0000000000e+00
   outer loop
     vertex 2.4899724459e+01 4.2375000000e+01 1.5466221054e-01
     vertex 2.5353033249e+01 4.2375000000e+01 2.0893598227e-01
     vertex 2.5353033249e+01 4.2375000000e+01 -1.8371179714e-16
   endloop
 endfacet
 facet normal  0.0000000000e+00 1.0000000000e+00 0.0000000000e+00
   outer loop
     vertex 2.5353033249e+01 4.2375000000e+01 2.0893598227e-01
     vertex 2.5983911695e+01 4.2375000000e+01 6.8735136533e-17
     vertex 2.5353033249e+01 4.2375000000e+01 -1.8371179714e-16
   endloop
 endfacet
 facet normal  0.0000000000e+00 1.0000000000e+00 0.0000000000e+00
   outer loop
     vertex 2.5353033249e+01 4.2375000000e+01 2.0893598227e-01
     vertex 2.5983911695e+01 4.2375000000e+01 2.5373721958e-01
     vertex 2.5983911695e+01 4.2375000000e+01 6.8735136533e-17
   endloop
 endfacet
 facet normal  0.0000000000e+00 1.0000000000e+00 0.0000000000e+00
   outer loop
     vertex 2.5983911695e+01 4.2375000000e+01 2.5373721958e-01
     vertex 2.6818316843e+01 4.2375000000e+01 1.2613796051e-16
     vertex 2.5983911695e+01 4.2375000000e+01 6.8735136533e-17
   endloop
 endfacet
 facet normal  0.0000000000e+00 1.0000000000e+00 0.0000000000e+00
   outer loop
     vertex 2.5983911695e+01 4.2375000000e+01 2.5373721958e-01
     vertex 2.6818316843e+01 4.2375000000e+01 2.8566680664e-01
     vertex 2.6818316843e+01 4.2375000000e+01 1.2613796051e-16
   endloop
 endfacet
 facet normal  0.0000000000e+00 1.0000000000e+00 0.0000000000e+00
   outer loop
     vertex 2.6818316843e+01 4.2375000000e+01 2.8566680664e-01
     vertex 2.7861185860e+01 4.2375000000e+01 -1.3404846293e-17
     vertex 2.6818316843e+01 4.2375000000e+01 1.2613796051e-16
   endloop
 endfacet
 facet normal  0.0000000000e+00 1.0000000000e+00 0.0000000000e+00
   outer loop
     vertex 2.6818316843e+01 4.2375000000e+01 2.8566680664e-01
     vertex 2.7861185860e+01 4.2375000000e+01 2.9975430570e-01
     vertex 2.7861185860e+01 4.2375000000e+01 -1.3404846293e-17
   endloop
 endfacet
 facet normal  0.0000000000e+00 1.0000000000e+00 0.0000000000e+00
   outer loop
     vertex 2.7861185860e+01 4.2375000000e+01 2.9975430570e-01
     vertex 2.9080453074e+01 4.2375000000e+01 -1.1102900519e-16
     vertex 2.7861185860e+01 4.2375000000e+01 -1.3404846293e-17
   endloop
 endfacet
 facet normal  0.0000000000e+00 1.0000000000e+00 0.0000000000e+00
   outer loop
     vertex 2.7861185860e+01 4.2375000000e+01 2.9975430570e-01
     vertex 2.9080453074e+01 4.2375000000e+01 2.9274170465e-01
     vertex 2.9080453074e+01 4.2375000000e+01 -1.1102900519e-16
   endloop
 endfacet
 facet normal  0.0000000000e+00 1.0000000000e+00 0.0000000000e+00
   outer loop
     vertex 2.9080453074e+01 4.2375000000e+01 2.9274170465e-01
     vertex 3.0401616567e+01 4.2375000000e+01 1.1102230246e-16
     vertex 2.9080453074e+01 4.2375000000e+01 -1.1102900519e-16
   endloop
 endfacet
 facet normal  0.0000000000e+00 1.0000000000e+00 0.0000000000e+00
   outer loop
     vertex 2.9080453074e+01 4.2375000000e+01 2.9274170465e-01
     vertex 3.0401616567e+01 4.2375000000e+01 2.6573564803e-01
     vertex 3.0401616567e+01 4.2375000000e+01 1.1102230246e-16
   endloop
 endfacet
 facet normal  0.0000000000e+00 1.0000000000e+00 0.0000000000e+00
   outer loop
     vertex 3.0401616567e+01 4.2375000000e+01 2.6573564803e-01
     vertex 3.1721330896e+01 4.2375000000e+01 2.2455172708e-01
     vertex 3.0401616567e+01 4.2375000000e+01 1.1102230246e-16
   endloop
 endfacet
 facet normal  0.0000000000e+00 1.0000000000e+00 0.0000000000e+00
   outer loop
     vertex 3.0401616567e+01 4.2375000000e+01 1.1102230246e-16
     vertex 3.1721330896e+01 4.2375000000e+01 2.2455172708e-01
     vertex 3.1721330896e+01 4.2375000000e+01 -6.5275057337e-17
   endloop
 endfacet
 facet normal  0.0000000000e+00 1.0000000000e+00 0.0000000000e+00
   outer loop
     vertex 3.1721330896e+01 4.2375000000e+01 2.2455172708e-01
     vertex 3.2937045443e+01 4.2375000000e+01 1.7721684630e-01
     vertex 3.1721330896e+01 4.2375000000e+01 -6.5275057337e-17
   endloop
 endfacet
 facet normal  0.0000000000e+00 1.0000000000e+00 0.0000000000e+00
   outer loop
     vertex 3.1721330896e+01 4.2375000000e+01 -6.5275057337e-17
     vertex 3.2937045443e+01 4.2375000000e+01 1.7721684630e-01
     vertex 3.2937045443e+01 4.2375000000e+01 -5.7694316719e-17
   endloop
 endfacet
 facet normal  0.0000000000e+00 1.0000000000e+00 0.0000000000e+00
   outer loop
     vertex 3.2937045443e+01 4.2375000000e+01 1.7721684630e-01
     vertex 3.3976247507e+01 4.2375000000e+01 1.3089538302e-01
     vertex 3.2937045443e+01 4.2375000000e+01 -5.7694316719e-17
   endloop
 endfacet
 facet normal  0.0000000000e+00 1.0000000000e+00 0.0000000000e+00
   outer loop
     vertex 3.2937045443e+01 4.2375000000e+01 -5.7694316719e-17
     vertex 3.3976247507e+01 4.2375000000e+01 1.3089538302e-01
     vertex 3.3976247507e+01 4.2375000000e+01 -9.2757880761e-17
   endloop
 endfacet
 facet normal  0.0000000000e+00 1.0000000000e+00 0.0000000000e+00
   outer loop
     vertex 3.3976247507e+01 4.2375000000e+01 1.3089538302e-01
     vertex 3.4809233887e+01 4.2375000000e+01 9.0222538816e-02
     vertex 3.3976247507e+01 4.2375000000e+01 -9.2757880761e-17
   endloop
 endfacet
 facet normal  0.0000000000e+00 1.0000000000e+00 0.0000000000e+00
   outer loop
     vertex 3.3976247507e+01 4.2375000000e+01 -9.2757880761e-17
     vertex 3.4809233887e+01 4.2375000000e+01 9.0222538816e-02
     vertex 3.4809233887e+01 4.2375000000e+01 -3.0970523306e-16
   endloop
 endfacet
 facet normal  0.0000000000e+00 1.0000000000e+00 0.0000000000e+00
   outer loop
     vertex 3.4809233887e+01 4.2375000000e+01 9.0222538816e-02
     vertex 3.5443157544e+01 4.2375000000e+01 5.7196721174e-02
     vertex 3.4809233887e+01 4.2375000000e+01 -3.0970523306e-16
   endloop
 endfacet
 facet normal  -1.1208648353e-14 1.0000000000e+00 1.2422787901e-13
   outer loop
     vertex 3.4809233887e+01 4.2375000000e+01 -3.0970523306e-16
     vertex 3.5443157544e+01 4.2375000000e+01 5.7196721174e-02
     vertex 3.5443157544e+01 4.2375000000e+01 -1.0486452644e-15
   endloop
 endfacet
 facet normal  -2.3866098597e-14 1.0000000000e+00 1.2422787901e-13
   outer loop
     vertex 3.5443157544e+01 4.2375000000e+01 5.7196721174e-02
     vertex 3.5906790267e+01 4.2375000000e+01 3.1874302023e-02
     vertex 3.5443157544e+01 4.2375000000e+01 -1.0486452644e-15
   endloop
 endfacet
 facet normal  -1.5325551880e-14 1.0000000000e+00 1.0249127543e-26
   outer loop
     vertex 3.5443157544e+01 4.2375000000e+01 -1.0486452644e-15
     vertex 3.5906790267e+01 4.2375000000e+01 3.1874302023e-02
     vertex 3.5906790267e+01 4.2375000000e+01 -1.3669804570e-15
   endloop
 endfacet
 facet normal  4.3151536975e-14 1.0000000000e+00 -2.8858054158e-26
   outer loop
     vertex 3.5906790267e+01 4.2375000000e+01 3.1874302023e-02
     vertex 3.6236114683e+01 4.2375000000e+01 1.3262674545e-02
     vertex 3.5906790267e+01 4.2375000000e+01 -1.3669804570e-15
   endloop
 endfacet
 facet normal  4.3151536975e-14 1.0000000000e+00 -6.9354814590e-26
   outer loop
     vertex 3.5906790267e+01 4.2375000000e+01 -1.3669804570e-15
     vertex 3.6236114683e+01 4.2375000000e+01 1.3262674545e-02
     vertex 3.6236114683e+01 4.2375000000e+01 -1.0014066870e-15
   endloop
 endfacet
 facet normal  0.0000000000e+00 1.0000000000e+00 0.0000000000e+00
   outer loop
     vertex 3.6236114683e+01 4.2375000000e+01 1.3262674545e-02
     vertex 3.6465217657e+01 4.2375000000e+01 0.0000000000e+00
     vertex 3.6236114683e+01 4.2375000000e+01 -1.0014066870e-15
   endloop
 endfacet
endsolid
