$ MSC.Nastran input file created on April     15, 2026 at 22:16:00 by
$ Patran 2025.1
$ Direct Text Input for Nastran System Cell Section
$ Direct Text Input for File Management Section
$ Direct Text Input for Executive Control
$ Linear Static Analysis, Database
SOL 101
CEND
$ Direct Text Input for Global Case Control Data
TITLE = MSC.Nastran job created on 15-Apr-26 at 22:15:52
ECHO = NONE
SUBCASE 1
$ Subcase name : Default
   SUBTITLE=Default
   SPC = 2
   DISPLACEMENT(SORT1,REAL)=ALL
   SPCFORCES(SORT1,REAL)=ALL
   STRESS(SORT1,REAL,VONMISES,BILIN)=ALL
BEGIN BULK
$ Direct Text Input for Bulk Data
HDF5OUT PRCISION 32     CMPRMTHD LZ4     LEVEL   5
PARAM   PRTMAXIM YES
$ Elements and Element Properties for region : Ibeam_low_v1
PBARL    1       1               I
         2.      1.5     1.5     .3      .3      .3
$ Pset: "Ibeam_low_v1" will be imported as: "pbarl.1"
CBAR     1684    1       958     2718    0.      1.      0.
                         0.      1.      0.      0.      1.      0.
CBAR     1685    1       2718    2155    0.      1.      0.
                         0.      1.      0.      0.      1.      0.
CBAR     1690    1       2035    2727    0.      1.      0.
                         0.      1.      0.      0.      1.      0.
CBAR     1691    1       2727    958     0.      1.      0.
                         0.      1.      0.      0.      1.      0.
CBAR     1698    1       946     2739    0.      1.      0.
                         0.      1.      0.      0.      1.      0.
CBAR     1699    1       2739    2035    0.      1.      0.
                         0.      1.      0.      0.      1.      0.
CBAR     1704    1       1765    2748    0.      1.      0.
                         0.      1.      0.      0.      1.      0.
CBAR     1705    1       2748    943     0.      1.      0.
                         0.      1.      0.      0.      1.      0.
CBAR     1710    1       943     2757    0.      1.      0.
                         0.      1.      0.      0.      1.      0.
CBAR     1711    1       2757    946     0.      1.      0.
                         0.      1.      0.      0.      1.      0.
CBAR     1844    1       2155    2929    0.      1.      0.
                         0.      1.      0.      0.      1.      0.
CBAR     1845    1       2929    970     0.      1.      0.
                         0.      1.      0.      0.      1.      0.
CBAR     1852    1       970     2920    0.      1.      0.
                         0.      1.      0.      0.      1.      0.
CBAR     1853    1       2920    2283    0.      1.      0.
                         0.      1.      0.      0.      1.      0.
CBAR     1856    1       2283    2911    0.      1.      0.
                         0.      1.      0.      0.      1.      0.
CBAR     1857    1       2911    982     0.      1.      0.
                         0.      1.      0.      0.      1.      0.
CBAR     1864    1       982     2902    0.      1.      0.
                         0.      1.      0.      0.      1.      0.
CBAR     1865    1       2902    988     0.      1.      0.
                         0.      1.      0.      0.      1.      0.
CBAR     1868    1       988     2893    0.      1.      0.
                         0.      1.      0.      0.      1.      0.
CBAR     1869    1       2893    994     0.      1.      0.
                         0.      1.      0.      0.      1.      0.
CBAR     1872    1       2539    2875    0.      1.      0.
                         0.      1.      0.      0.      1.      0.
CBAR     1873    1       2875    1779    0.      1.      0.
                         0.      1.      0.      0.      1.      0.
CBAR     1876    1       1329    3078    0.      1.      0.
                         0.      1.      0.      0.      1.      0.
CBAR     1877    1       3078    931     0.      1.      0.
                         0.      1.      0.      0.      1.      0.
CBAR     1880    1       994     2884    0.      1.      0.
                         0.      1.      0.      0.      1.      0.
CBAR     1881    1       2884    2539    0.      1.      0.
                         0.      1.      0.      0.      1.      0.
CBAR     1886    1       907     2979    0.      1.      0.
                         0.      1.      0.      0.      1.      0.
CBAR     1887    1       2979    945     0.      1.      0.
                         0.      1.      0.      0.      1.      0.
CBAR     1890    1       1367    3099    0.      1.      0.
                         0.      1.      0.      0.      1.      0.
CBAR     1891    1       3099    1349    0.      1.      0.
                         0.      1.      0.      0.      1.      0.
CBAR     1894    1       1349    3105    0.      1.      0.
                         0.      1.      0.      0.      1.      0.
CBAR     1895    1       3105    1388    0.      1.      0.
                         0.      1.      0.      0.      1.      0.
CBAR     1896    1       945     3108    0.      1.      0.
                         0.      1.      0.      0.      1.      0.
CBAR     1897    1       3108    948     0.      1.      0.
                         0.      1.      0.      0.      1.      0.
CBAR     1900    1       1388    3114    0.      1.      0.
                         0.      1.      0.      0.      1.      0.
CBAR     1901    1       3114    1409    0.      1.      0.
                         0.      1.      0.      0.      1.      0.
CBAR     1902    1       948     3000    0.      1.      0.
                         0.      1.      0.      0.      1.      0.
CBAR     1903    1       3000    1137    0.      1.      0.
                         0.      1.      0.      0.      1.      0.
CBAR     1904    1       1137    3012    0.      1.      0.
                         0.      1.      0.      0.      1.      0.
CBAR     1905    1       3012    960     0.      1.      0.
                         0.      1.      0.      0.      1.      0.
CBAR     1908    1       1409    3126    0.      1.      0.
                         0.      1.      0.      0.      1.      0.
CBAR     1909    1       3126    1433    0.      1.      0.
                         0.      1.      0.      0.      1.      0.
CBAR     1912    1       1433    3132    0.      1.      0.
                         0.      1.      0.      0.      1.      0.
CBAR     1913    1       3132    1451    0.      1.      0.
                         0.      1.      0.      0.      1.      0.
CBAR     1914    1       960     3018    0.      1.      0.
                         0.      1.      0.      0.      1.      0.
CBAR     1915    1       3018    1185    0.      1.      0.
                         0.      1.      0.      0.      1.      0.
CBAR     1916    1       1185    3027    0.      1.      0.
                         0.      1.      0.      0.      1.      0.
CBAR     1917    1       3027    972     0.      1.      0.
                         0.      1.      0.      0.      1.      0.
CBAR     1920    1       1451    3144    0.      1.      0.
                         0.      1.      0.      0.      1.      0.
CBAR     1921    1       3144    1472    0.      1.      0.
                         0.      1.      0.      0.      1.      0.
CBAR     1924    1       1472    3150    0.      1.      0.
                         0.      1.      0.      0.      1.      0.
CBAR     1925    1       3150    1493    0.      1.      0.
                         0.      1.      0.      0.      1.      0.
CBAR     1926    1       972     3039    0.      1.      0.
                         0.      1.      0.      0.      1.      0.
CBAR     1927    1       3039    1230    0.      1.      0.
                         0.      1.      0.      0.      1.      0.
CBAR     1930    1       1493    3159    0.      1.      0.
                         0.      1.      0.      0.      1.      0.
CBAR     1931    1       3159    1514    0.      1.      0.
                         0.      1.      0.      0.      1.      0.
CBAR     1932    1       1230    3045    0.      1.      0.
                         0.      1.      0.      0.      1.      0.
CBAR     1933    1       3045    984     0.      1.      0.
                         0.      1.      0.      0.      1.      0.
CBAR     1934    1       984     3165    0.      1.      0.
                         0.      1.      0.      0.      1.      0.
CBAR     1935    1       3165    990     0.      1.      0.
                         0.      1.      0.      0.      1.      0.
CBAR     1938    1       1514    3171    0.      1.      0.
                         0.      1.      0.      0.      1.      0.
CBAR     1939    1       3171    1532    0.      1.      0.
                         0.      1.      0.      0.      1.      0.
CBAR     1942    1       1532    3177    0.      1.      0.
                         0.      1.      0.      0.      1.      0.
CBAR     1943    1       3177    1607    0.      1.      0.
                         0.      1.      0.      0.      1.      0.
CBAR     1944    1       990     3063    0.      1.      0.
                         0.      1.      0.      0.      1.      0.
CBAR     1945    1       3063    996     0.      1.      0.
                         0.      1.      0.      0.      1.      0.
CBAR     1950    1       1574    3189    0.      1.      0.
                         0.      1.      0.      0.      1.      0.
CBAR     1951    1       3189    1595    0.      1.      0.
                         0.      1.      0.      0.      1.      0.
CBAR     1952    1       1607    3192    0.      1.      0.
                         0.      1.      0.      0.      1.      0.
CBAR     1953    1       3192    1574    0.      1.      0.
                         0.      1.      0.      0.      1.      0.
CBAR     1954    1       996     3087    0.      1.      0.
                         0.      1.      0.      0.      1.      0.
CBAR     1955    1       3087    1329    0.      1.      0.
                         0.      1.      0.      0.      1.      0.
CBAR     1958    1       1323    3201    0.      1.      0.
                         0.      1.      0.      0.      1.      0.
CBAR     1959    1       3201    927     0.      1.      0.
                         0.      1.      0.      0.      1.      0.
CBAR     1964    1       1299    3210    0.      1.      0.
                         0.      1.      0.      0.      1.      0.
CBAR     1965    1       3210    1323    0.      1.      0.
                         0.      1.      0.      0.      1.      0.
CBAR     1966    1       1275    3213    0.      1.      0.
                         0.      1.      0.      0.      1.      0.
CBAR     1967    1       3213    1299    0.      1.      0.
                         0.      1.      0.      0.      1.      0.
CBAR     1970    1       1248    3219    0.      1.      0.
                         0.      1.      0.      0.      1.      0.
CBAR     1971    1       3219    1275    0.      1.      0.
                         0.      1.      0.      0.      1.      0.
CBAR     1976    1       1224    3228    0.      1.      0.
                         0.      1.      0.      0.      1.      0.
CBAR     1977    1       3228    1248    0.      1.      0.
                         0.      1.      0.      0.      1.      0.
CBAR     1978    1       1200    3231    0.      1.      0.
                         0.      1.      0.      0.      1.      0.
CBAR     1979    1       3231    1224    0.      1.      0.
                         0.      1.      0.      0.      1.      0.
CBAR     1982    1       1179    3237    0.      1.      0.
                         0.      1.      0.      0.      1.      0.
CBAR     1983    1       3237    1200    0.      1.      0.
                         0.      1.      0.      0.      1.      0.
CBAR     1986    1       1155    3243    0.      1.      0.
                         0.      1.      0.      0.      1.      0.
CBAR     1987    1       3243    1179    0.      1.      0.
                         0.      1.      0.      0.      1.      0.
CBAR     1992    1       1131    3252    0.      1.      0.
                         0.      1.      0.      0.      1.      0.
CBAR     1993    1       3252    1155    0.      1.      0.
                         0.      1.      0.      0.      1.      0.
CBAR     1994    1       1107    3255    0.      1.      0.
                         0.      1.      0.      0.      1.      0.
CBAR     1995    1       3255    1131    0.      1.      0.
                         0.      1.      0.      0.      1.      0.
CBAR     2000    1       903     3264    0.      1.      0.
                         0.      1.      0.      0.      1.      0.
CBAR     2001    1       3264    1083    0.      1.      0.
                         0.      1.      0.      0.      1.      0.
CBAR     2004    1       1083    3270    0.      1.      0.
                         0.      1.      0.      0.      1.      0.
CBAR     2005    1       3270    1107    0.      1.      0.
                         0.      1.      0.      0.      1.      0.
CBAR     2008    1       1361    3276    0.      1.      0.
                         0.      1.      0.      0.      1.      0.
CBAR     2009    1       3276    1346    0.      1.      0.
                         0.      1.      0.      0.      1.      0.
CBAR     2012    1       1346    3282    0.      1.      0.
                         0.      1.      0.      0.      1.      0.
CBAR     2013    1       3282    1391    0.      1.      0.
                         0.      1.      0.      0.      1.      0.
CBAR     2018    1       1391    3291    0.      1.      0.
                         0.      1.      0.      0.      1.      0.
CBAR     2019    1       3291    1406    0.      1.      0.
                         0.      1.      0.      0.      1.      0.
CBAR     2020    1       1406    3294    0.      1.      0.
                         0.      1.      0.      0.      1.      0.
CBAR     2021    1       3294    1604    0.      1.      0.
                         0.      1.      0.      0.      1.      0.
CBAR     2024    1       1604    3300    0.      1.      0.
                         0.      1.      0.      0.      1.      0.
CBAR     2025    1       3300    1445    0.      1.      0.
                         0.      1.      0.      0.      1.      0.
CBAR     2028    1       1445    3306    0.      1.      0.
                         0.      1.      0.      0.      1.      0.
CBAR     2029    1       3306    1469    0.      1.      0.
                         0.      1.      0.      0.      1.      0.
CBAR     2034    1       1469    3315    0.      1.      0.
                         0.      1.      0.      0.      1.      0.
CBAR     2035    1       3315    1484    0.      1.      0.
                         0.      1.      0.      0.      1.      0.
CBAR     2036    1       1484    3318    0.      1.      0.
                         0.      1.      0.      0.      1.      0.
CBAR     2037    1       3318    1508    0.      1.      0.
                         0.      1.      0.      0.      1.      0.
CBAR     2040    1       1508    3324    0.      1.      0.
                         0.      1.      0.      0.      1.      0.
CBAR     2041    1       3324    1529    0.      1.      0.
                         0.      1.      0.      0.      1.      0.
CBAR     2044    1       1529    3330    0.      1.      0.
                         0.      1.      0.      0.      1.      0.
CBAR     2045    1       3330    1547    0.      1.      0.
                         0.      1.      0.      0.      1.      0.
CBAR     2052    1       1565    3342    0.      1.      0.
                         0.      1.      0.      0.      1.      0.
CBAR     2053    1       3342    1589    0.      1.      0.
                         0.      1.      0.      0.      1.      0.
CBAR     2054    1       1547    3345    0.      1.      0.
                         0.      1.      0.      0.      1.      0.
CBAR     2055    1       3345    1565    0.      1.      0.
                         0.      1.      0.      0.      1.      0.
CBAR     2060    1       1315    3354    0.      1.      0.
                         0.      1.      0.      0.      1.      0.
CBAR     2061    1       3354    921     0.      1.      0.
                         0.      1.      0.      0.      1.      0.
CBAR     2062    1       1291    3357    0.      1.      0.
                         0.      1.      0.      0.      1.      0.
CBAR     2063    1       3357    1315    0.      1.      0.
                         0.      1.      0.      0.      1.      0.
CBAR     2066    1       1269    3363    0.      1.      0.
                         0.      1.      0.      0.      1.      0.
CBAR     2067    1       3363    1291    0.      1.      0.
                         0.      1.      0.      0.      1.      0.
CBAR     2070    1       1242    3369    0.      1.      0.
                         0.      1.      0.      0.      1.      0.
CBAR     2071    1       3369    1269    0.      1.      0.
                         0.      1.      0.      0.      1.      0.
CBAR     2076    1       1218    3378    0.      1.      0.
                         0.      1.      0.      0.      1.      0.
CBAR     2077    1       3378    1242    0.      1.      0.
                         0.      1.      0.      0.      1.      0.
CBAR     2080    1       1194    3384    0.      1.      0.
                         0.      1.      0.      0.      1.      0.
CBAR     2081    1       3384    1218    0.      1.      0.
                         0.      1.      0.      0.      1.      0.
CBAR     2082    1       1173    3387    0.      1.      0.
                         0.      1.      0.      0.      1.      0.
CBAR     2083    1       3387    1194    0.      1.      0.
                         0.      1.      0.      0.      1.      0.
CBAR     2086    1       1149    3393    0.      1.      0.
                         0.      1.      0.      0.      1.      0.
CBAR     2087    1       3393    1173    0.      1.      0.
                         0.      1.      0.      0.      1.      0.
CBAR     2090    1       1125    3399    0.      1.      0.
                         0.      1.      0.      0.      1.      0.
CBAR     2091    1       3399    1149    0.      1.      0.
                         0.      1.      0.      0.      1.      0.
CBAR     2096    1       1101    3408    0.      1.      0.
                         0.      1.      0.      0.      1.      0.
CBAR     2097    1       3408    1125    0.      1.      0.
                         0.      1.      0.      0.      1.      0.
CBAR     2100    1       897     3414    0.      1.      0.
                         0.      1.      0.      0.      1.      0.
CBAR     2101    1       3414    1077    0.      1.      0.
                         0.      1.      0.      0.      1.      0.
CBAR     2104    1       1077    3420    0.      1.      0.
                         0.      1.      0.      0.      1.      0.
CBAR     2105    1       3420    1101    0.      1.      0.
                         0.      1.      0.      0.      1.      0.
CBAR     2108    1       1355    3426    0.      1.      0.
                         0.      1.      0.      0.      1.      0.
CBAR     2109    1       3426    1343    0.      1.      0.
                         0.      1.      0.      0.      1.      0.
CBAR     2112    1       1343    3432    0.      1.      0.
                         0.      1.      0.      0.      1.      0.
CBAR     2113    1       3432    1376    0.      1.      0.
                         0.      1.      0.      0.      1.      0.
CBAR     2118    1       1376    3441    0.      1.      0.
                         0.      1.      0.      0.      1.      0.
CBAR     2119    1       3441    1397    0.      1.      0.
                         0.      1.      0.      0.      1.      0.
CBAR     2120    1       1397    3444    0.      1.      0.
                         0.      1.      0.      0.      1.      0.
CBAR     2121    1       3444    1418    0.      1.      0.
                         0.      1.      0.      0.      1.      0.
CBAR     2124    1       1418    3450    0.      1.      0.
                         0.      1.      0.      0.      1.      0.
CBAR     2125    1       3450    1442    0.      1.      0.
                         0.      1.      0.      0.      1.      0.
CBAR     2128    1       1442    3456    0.      1.      0.
                         0.      1.      0.      0.      1.      0.
CBAR     2129    1       3456    1466    0.      1.      0.
                         0.      1.      0.      0.      1.      0.
CBAR     2134    1       1466    3465    0.      1.      0.
                         0.      1.      0.      0.      1.      0.
CBAR     2135    1       3465    1481    0.      1.      0.
                         0.      1.      0.      0.      1.      0.
CBAR     2136    1       1481    3468    0.      1.      0.
                         0.      1.      0.      0.      1.      0.
CBAR     2137    1       3468    1505    0.      1.      0.
                         0.      1.      0.      0.      1.      0.
CBAR     2140    1       1505    3474    0.      1.      0.
                         0.      1.      0.      0.      1.      0.
CBAR     2141    1       3474    1526    0.      1.      0.
                         0.      1.      0.      0.      1.      0.
CBAR     2146    1       1526    3483    0.      1.      0.
                         0.      1.      0.      0.      1.      0.
CBAR     2147    1       3483    1553    0.      1.      0.
                         0.      1.      0.      0.      1.      0.
CBAR     2150    1       1568    3489    0.      1.      0.
                         0.      1.      0.      0.      1.      0.
CBAR     2151    1       3489    1583    0.      1.      0.
                         0.      1.      0.      0.      1.      0.
CBAR     2154    1       1553    3495    0.      1.      0.
                         0.      1.      0.      0.      1.      0.
CBAR     2155    1       3495    1568    0.      1.      0.
                         0.      1.      0.      0.      1.      0.
CBAR     2156    1       1311    3498    0.      1.      0.
                         0.      1.      0.      0.      1.      0.
CBAR     2157    1       3498    915     0.      1.      0.
                         0.      1.      0.      0.      1.      0.
CBAR     2166    1       1263    3513    0.      1.      0.
                         0.      1.      0.      0.      1.      0.
CBAR     2167    1       3513    1287    0.      1.      0.
                         0.      1.      0.      0.      1.      0.
CBAR     2168    1       1287    3516    0.      1.      0.
                         0.      1.      0.      0.      1.      0.
CBAR     2169    1       3516    1311    0.      1.      0.
                         0.      1.      0.      0.      1.      0.
CBAR     2170    1       1236    3519    0.      1.      0.
                         0.      1.      0.      0.      1.      0.
CBAR     2171    1       3519    1263    0.      1.      0.
                         0.      1.      0.      0.      1.      0.
CBAR     2176    1       1212    3528    0.      1.      0.
                         0.      1.      0.      0.      1.      0.
CBAR     2177    1       3528    1236    0.      1.      0.
                         0.      1.      0.      0.      1.      0.
CBAR     2180    1       1188    3534    0.      1.      0.
                         0.      1.      0.      0.      1.      0.
CBAR     2181    1       3534    1212    0.      1.      0.
                         0.      1.      0.      0.      1.      0.
CBAR     2184    1       1167    3540    0.      1.      0.
                         0.      1.      0.      0.      1.      0.
CBAR     2185    1       3540    1188    0.      1.      0.
                         0.      1.      0.      0.      1.      0.
CBAR     2186    1       1143    3543    0.      1.      0.
                         0.      1.      0.      0.      1.      0.
CBAR     2187    1       3543    1167    0.      1.      0.
                         0.      1.      0.      0.      1.      0.
CBAR     2192    1       1119    3552    0.      1.      0.
                         0.      1.      0.      0.      1.      0.
CBAR     2193    1       3552    1143    0.      1.      0.
                         0.      1.      0.      0.      1.      0.
CBAR     2196    1       1095    3558    0.      1.      0.
                         0.      1.      0.      0.      1.      0.
CBAR     2197    1       3558    1119    0.      1.      0.
                         0.      1.      0.      0.      1.      0.
CBAR     2198    1       891     3561    0.      1.      0.
                         0.      1.      0.      0.      1.      0.
CBAR     2199    1       3561    1071    0.      1.      0.
                         0.      1.      0.      0.      1.      0.
CBAR     2204    1       1071    3570    0.      1.      0.
                         0.      1.      0.      0.      1.      0.
CBAR     2205    1       3570    1095    0.      1.      0.
                         0.      1.      0.      0.      1.      0.
CBAR     2208    1       1699    2765    0.      1.      0.
                         0.      1.      0.      0.      1.      0.
CBAR     2209    1       2765    1847    0.      1.      0.
                         0.      1.      0.      0.      1.      0.
CBAR     2212    1       1847    2774    0.      1.      0.
                         0.      1.      0.      0.      1.      0.
CBAR     2213    1       2774    1912    0.      1.      0.
                         0.      1.      0.      0.      1.      0.
CBAR     2218    1       1912    2783    0.      1.      0.
                         0.      1.      0.      0.      1.      0.
CBAR     2219    1       2783    1973    0.      1.      0.
                         0.      1.      0.      0.      1.      0.
CBAR     2220    1       1973    2792    0.      1.      0.
                         0.      1.      0.      0.      1.      0.
CBAR     2221    1       2792    2038    0.      1.      0.
                         0.      1.      0.      0.      1.      0.
CBAR     2224    1       2038    2801    0.      1.      0.
                         0.      1.      0.      0.      1.      0.
CBAR     2225    1       2801    2101    0.      1.      0.
                         0.      1.      0.      0.      1.      0.
CBAR     2230    1       2101    2810    0.      1.      0.
                         0.      1.      0.      0.      1.      0.
CBAR     2231    1       2810    2218    0.      1.      0.
                         0.      1.      0.      0.      1.      0.
CBAR     2232    1       2218    2819    0.      1.      0.
                         0.      1.      0.      0.      1.      0.
CBAR     2233    1       2819    2225    0.      1.      0.
                         0.      1.      0.      0.      1.      0.
CBAR     2236    1       2225    2828    0.      1.      0.
                         0.      1.      0.      0.      1.      0.
CBAR     2237    1       2828    2288    0.      1.      0.
                         0.      1.      0.      0.      1.      0.
CBAR     2240    1       2288    2837    0.      1.      0.
                         0.      1.      0.      0.      1.      0.
CBAR     2241    1       2837    2351    0.      1.      0.
                         0.      1.      0.      0.      1.      0.
CBAR     2246    1       2351    2846    0.      1.      0.
                         0.      1.      0.      0.      1.      0.
CBAR     2247    1       2846    2414    0.      1.      0.
                         0.      1.      0.      0.      1.      0.
CBAR     2250    1       2477    2864    0.      1.      0.
                         0.      1.      0.      0.      1.      0.
CBAR     2251    1       2864    1776    0.      1.      0.
                         0.      1.      0.      0.      1.      0.
CBAR     2254    1       2414    2855    0.      1.      0.
                         0.      1.      0.      0.      1.      0.
CBAR     2255    1       2855    2477    0.      1.      0.
                         0.      1.      0.      0.      1.      0.
$ Elements and Element Properties for region : Ibeam_up_v1
PBARL    2       1               I
         2.      1.5     1.5     .3      .3      .3
$ Pset: "Ibeam_up_v1" will be imported as: "pbarl.2"
CBAR     2640    2       1352    4512    0.      1.      0.
                         0.      -1.     0.      0.      -1.     0.
CBAR     2641    2       4512    1334    0.      1.      0.
                         0.      -1.     0.      0.      -1.     0.
CBAR     2644    2       889     2767    0.      1.      0.
                         0.      -1.     0.      0.      -1.     0.
CBAR     2645    2       2767    1069    0.      1.      0.
                         0.      -1.     0.      0.      -1.     0.
CBAR     2650    2       1334    4527    0.      1.      0.
                         0.      -1.     0.      0.      -1.     0.
CBAR     2651    2       4527    1373    0.      1.      0.
                         0.      -1.     0.      0.      -1.     0.
CBAR     2652    2       1069    2776    0.      1.      0.
                         0.      -1.     0.      0.      -1.     0.
CBAR     2653    2       2776    1093    0.      1.      0.
                         0.      -1.     0.      0.      -1.     0.
CBAR     2654    2       1373    4533    0.      1.      0.
                         0.      -1.     0.      0.      -1.     0.
CBAR     2655    2       4533    1394    0.      1.      0.
                         0.      -1.     0.      0.      -1.     0.
CBAR     2656    2       1093    2785    0.      1.      0.
                         0.      -1.     0.      0.      -1.     0.
CBAR     2657    2       2785    1117    0.      1.      0.
                         0.      -1.     0.      0.      -1.     0.
CBAR     2662    2       1394    4545    0.      1.      0.
                         0.      -1.     0.      0.      -1.     0.
CBAR     2663    2       4545    1415    0.      1.      0.
                         0.      -1.     0.      0.      -1.     0.
CBAR     2664    2       1117    2794    0.      1.      0.
                         0.      -1.     0.      0.      -1.     0.
CBAR     2665    2       2794    1141    0.      1.      0.
                         0.      -1.     0.      0.      -1.     0.
CBAR     2666    2       1415    4551    0.      1.      0.
                         0.      -1.     0.      0.      -1.     0.
CBAR     2667    2       4551    1436    0.      1.      0.
                         0.      -1.     0.      0.      -1.     0.
CBAR     2668    2       1141    2803    0.      1.      0.
                         0.      -1.     0.      0.      -1.     0.
CBAR     2669    2       2803    1165    0.      1.      0.
                         0.      -1.     0.      0.      -1.     0.
CBAR     2672    2       1436    4560    0.      1.      0.
                         0.      -1.     0.      0.      -1.     0.
CBAR     2673    2       4560    1430    0.      1.      0.
                         0.      -1.     0.      0.      -1.     0.
CBAR     2674    2       1165    2812    0.      1.      0.
                         0.      -1.     0.      0.      -1.     0.
CBAR     2675    2       2812    1186    0.      1.      0.
                         0.      -1.     0.      0.      -1.     0.
CBAR     2680    2       1430    4572    0.      1.      0.
                         0.      -1.     0.      0.      -1.     0.
CBAR     2681    2       4572    1478    0.      1.      0.
                         0.      -1.     0.      0.      -1.     0.
CBAR     2682    2       1186    2821    0.      1.      0.
                         0.      -1.     0.      0.      -1.     0.
CBAR     2683    2       2821    1210    0.      1.      0.
                         0.      -1.     0.      0.      -1.     0.
CBAR     2684    2       1478    4578    0.      1.      0.
                         0.      -1.     0.      0.      -1.     0.
CBAR     2685    2       4578    1499    0.      1.      0.
                         0.      -1.     0.      0.      -1.     0.
CBAR     2686    2       1210    2830    0.      1.      0.
                         0.      -1.     0.      0.      -1.     0.
CBAR     2687    2       2830    1234    0.      1.      0.
                         0.      -1.     0.      0.      -1.     0.
CBAR     2692    2       1499    4590    0.      1.      0.
                         0.      -1.     0.      0.      -1.     0.
CBAR     2693    2       4590    1520    0.      1.      0.
                         0.      -1.     0.      0.      -1.     0.
CBAR     2694    2       1234    2839    0.      1.      0.
                         0.      -1.     0.      0.      -1.     0.
CBAR     2695    2       2839    1257    0.      1.      0.
                         0.      -1.     0.      0.      -1.     0.
CBAR     2696    2       1520    4596    0.      1.      0.
                         0.      -1.     0.      0.      -1.     0.
CBAR     2697    2       4596    1556    0.      1.      0.
                         0.      -1.     0.      0.      -1.     0.
CBAR     2698    2       1257    2848    0.      1.      0.
                         0.      -1.     0.      0.      -1.     0.
CBAR     2699    2       2848    1285    0.      1.      0.
                         0.      -1.     0.      0.      -1.     0.
CBAR     2702    2       1556    4605    0.      1.      0.
                         0.      -1.     0.      0.      -1.     0.
CBAR     2703    2       4605    1559    0.      1.      0.
                         0.      -1.     0.      0.      -1.     0.
CBAR     2704    2       1285    2857    0.      1.      0.
                         0.      -1.     0.      0.      -1.     0.
CBAR     2705    2       2857    1309    0.      1.      0.
                         0.      -1.     0.      0.      -1.     0.
CBAR     2708    2       1309    2866    0.      1.      0.
                         0.      -1.     0.      0.      -1.     0.
CBAR     2709    2       2866    913     0.      1.      0.
                         0.      -1.     0.      0.      -1.     0.
CBAR     2712    2       1559    4620    0.      1.      0.
                         0.      -1.     0.      0.      -1.     0.
CBAR     2713    2       4620    1580    0.      1.      0.
                         0.      -1.     0.      0.      -1.     0.
CBAR     2716    2       918     4626    0.      1.      0.
                         0.      -1.     0.      0.      -1.     0.
CBAR     2717    2       4626    1314    0.      1.      0.
                         0.      -1.     0.      0.      -1.     0.
CBAR     2722    2       1290    4635    0.      1.      0.
                         0.      -1.     0.      0.      -1.     0.
CBAR     2723    2       4635    1314    0.      1.      0.
                         0.      -1.     0.      0.      -1.     0.
CBAR     2724    2       1266    4638    0.      1.      0.
                         0.      -1.     0.      0.      -1.     0.
CBAR     2725    2       4638    1290    0.      1.      0.
                         0.      -1.     0.      0.      -1.     0.
CBAR     2728    2       1239    4644    0.      1.      0.
                         0.      -1.     0.      0.      -1.     0.
CBAR     2729    2       4644    1266    0.      1.      0.
                         0.      -1.     0.      0.      -1.     0.
CBAR     2734    2       1213    4653    0.      1.      0.
                         0.      -1.     0.      0.      -1.     0.
CBAR     2735    2       4653    1239    0.      1.      0.
                         0.      -1.     0.      0.      -1.     0.
CBAR     2736    2       1189    4656    0.      1.      0.
                         0.      -1.     0.      0.      -1.     0.
CBAR     2737    2       4656    1213    0.      1.      0.
                         0.      -1.     0.      0.      -1.     0.
CBAR     2740    2       1170    4662    0.      1.      0.
                         0.      -1.     0.      0.      -1.     0.
CBAR     2741    2       4662    1189    0.      1.      0.
                         0.      -1.     0.      0.      -1.     0.
CBAR     2746    2       1146    4671    0.      1.      0.
                         0.      -1.     0.      0.      -1.     0.
CBAR     2747    2       4671    1170    0.      1.      0.
                         0.      -1.     0.      0.      -1.     0.
CBAR     2748    2       1122    4674    0.      1.      0.
                         0.      -1.     0.      0.      -1.     0.
CBAR     2749    2       4674    1146    0.      1.      0.
                         0.      -1.     0.      0.      -1.     0.
CBAR     2752    2       1098    4680    0.      1.      0.
                         0.      -1.     0.      0.      -1.     0.
CBAR     2753    2       4680    1122    0.      1.      0.
                         0.      -1.     0.      0.      -1.     0.
CBAR     2758    2       1074    4689    0.      1.      0.
                         0.      -1.     0.      0.      -1.     0.
CBAR     2759    2       4689    1098    0.      1.      0.
                         0.      -1.     0.      0.      -1.     0.
CBAR     2760    2       894     4692    0.      1.      0.
                         0.      -1.     0.      0.      -1.     0.
CBAR     2761    2       4692    1074    0.      1.      0.
                         0.      -1.     0.      0.      -1.     0.
CBAR     2764    2       1358    4698    0.      1.      0.
                         0.      -1.     0.      0.      -1.     0.
CBAR     2765    2       4698    1337    0.      1.      0.
                         0.      -1.     0.      0.      -1.     0.
CBAR     2772    2       1337    4710    0.      1.      0.
                         0.      -1.     0.      0.      -1.     0.
CBAR     2773    2       4710    1379    0.      1.      0.
                         0.      -1.     0.      0.      -1.     0.
CBAR     2774    2       1379    4713    0.      1.      0.
                         0.      -1.     0.      0.      -1.     0.
CBAR     2775    2       4713    1400    0.      1.      0.
                         0.      -1.     0.      0.      -1.     0.
CBAR     2778    2       1400    4719    0.      1.      0.
                         0.      -1.     0.      0.      -1.     0.
CBAR     2779    2       4719    1421    0.      1.      0.
                         0.      -1.     0.      0.      -1.     0.
CBAR     2782    2       1421    4725    0.      1.      0.
                         0.      -1.     0.      0.      -1.     0.
CBAR     2783    2       4725    1439    0.      1.      0.
                         0.      -1.     0.      0.      -1.     0.
CBAR     2788    2       1439    4734    0.      1.      0.
                         0.      -1.     0.      0.      -1.     0.
CBAR     2789    2       4734    1463    0.      1.      0.
                         0.      -1.     0.      0.      -1.     0.
CBAR     2790    2       1463    4737    0.      1.      0.
                         0.      -1.     0.      0.      -1.     0.
CBAR     2791    2       4737    1487    0.      1.      0.
                         0.      -1.     0.      0.      -1.     0.
CBAR     2794    2       1487    4743    0.      1.      0.
                         0.      -1.     0.      0.      -1.     0.
CBAR     2795    2       4743    1502    0.      1.      0.
                         0.      -1.     0.      0.      -1.     0.
CBAR     2800    2       1502    4752    0.      1.      0.
                         0.      -1.     0.      0.      -1.     0.
CBAR     2801    2       4752    1523    0.      1.      0.
                         0.      -1.     0.      0.      -1.     0.
CBAR     2802    2       1523    4755    0.      1.      0.
                         0.      -1.     0.      0.      -1.     0.
CBAR     2803    2       4755    1550    0.      1.      0.
                         0.      -1.     0.      0.      -1.     0.
CBAR     2806    2       1550    4761    0.      1.      0.
                         0.      -1.     0.      0.      -1.     0.
CBAR     2807    2       4761    1562    0.      1.      0.
                         0.      -1.     0.      0.      -1.     0.
CBAR     2812    2       1562    4770    0.      1.      0.
                         0.      -1.     0.      0.      -1.     0.
CBAR     2813    2       4770    1586    0.      1.      0.
                         0.      -1.     0.      0.      -1.     0.
CBAR     2814    2       900     4773    0.      1.      0.
                         0.      -1.     0.      0.      -1.     0.
CBAR     2815    2       4773    1078    0.      1.      0.
                         0.      -1.     0.      0.      -1.     0.
CBAR     2820    2       1078    4782    0.      1.      0.
                         0.      -1.     0.      0.      -1.     0.
CBAR     2821    2       4782    1104    0.      1.      0.
                         0.      -1.     0.      0.      -1.     0.
CBAR     2826    2       1104    4791    0.      1.      0.
                         0.      -1.     0.      0.      -1.     0.
CBAR     2827    2       4791    1128    0.      1.      0.
                         0.      -1.     0.      0.      -1.     0.
CBAR     2828    2       1128    4794    0.      1.      0.
                         0.      -1.     0.      0.      -1.     0.
CBAR     2829    2       4794    1150    0.      1.      0.
                         0.      -1.     0.      0.      -1.     0.
CBAR     2832    2       1150    4800    0.      1.      0.
                         0.      -1.     0.      0.      -1.     0.
CBAR     2833    2       4800    1174    0.      1.      0.
                         0.      -1.     0.      0.      -1.     0.
CBAR     2836    2       1174    4806    0.      1.      0.
                         0.      -1.     0.      0.      -1.     0.
CBAR     2837    2       4806    1197    0.      1.      0.
                         0.      -1.     0.      0.      -1.     0.
CBAR     2842    2       1197    4815    0.      1.      0.
                         0.      -1.     0.      0.      -1.     0.
CBAR     2843    2       4815    1221    0.      1.      0.
                         0.      -1.     0.      0.      -1.     0.
CBAR     2844    2       1221    4818    0.      1.      0.
                         0.      -1.     0.      0.      -1.     0.
CBAR     2845    2       4818    1243    0.      1.      0.
                         0.      -1.     0.      0.      -1.     0.
CBAR     2848    2       1243    4824    0.      1.      0.
                         0.      -1.     0.      0.      -1.     0.
CBAR     2849    2       4824    1272    0.      1.      0.
                         0.      -1.     0.      0.      -1.     0.
CBAR     2854    2       1272    4833    0.      1.      0.
                         0.      -1.     0.      0.      -1.     0.
CBAR     2855    2       4833    1296    0.      1.      0.
                         0.      -1.     0.      0.      -1.     0.
CBAR     2856    2       1296    4836    0.      1.      0.
                         0.      -1.     0.      0.      -1.     0.
CBAR     2857    2       4836    1320    0.      1.      0.
                         0.      -1.     0.      0.      -1.     0.
CBAR     2860    2       1320    4842    0.      1.      0.
                         0.      -1.     0.      0.      -1.     0.
CBAR     2861    2       4842    924     0.      1.      0.
                         0.      -1.     0.      0.      -1.     0.
CBAR     2868    2       1571    4854    0.      1.      0.
                         0.      -1.     0.      0.      -1.     0.
CBAR     2869    2       4854    1592    0.      1.      0.
                         0.      -1.     0.      0.      -1.     0.
CBAR     2870    2       1544    4857    0.      1.      0.
                         0.      -1.     0.      0.      -1.     0.
CBAR     2871    2       4857    1571    0.      1.      0.
                         0.      -1.     0.      0.      -1.     0.
CBAR     2874    2       1538    4863    0.      1.      0.
                         0.      -1.     0.      0.      -1.     0.
CBAR     2875    2       4863    1544    0.      1.      0.
                         0.      -1.     0.      0.      -1.     0.
CBAR     2878    2       1511    4869    0.      1.      0.
                         0.      -1.     0.      0.      -1.     0.
CBAR     2879    2       4869    1538    0.      1.      0.
                         0.      -1.     0.      0.      -1.     0.
CBAR     2886    2       1448    4881    0.      1.      0.
                         0.      -1.     0.      0.      -1.     0.
CBAR     2887    2       4881    1475    0.      1.      0.
                         0.      -1.     0.      0.      -1.     0.
CBAR     2888    2       1424    4884    0.      1.      0.
                         0.      -1.     0.      0.      -1.     0.
CBAR     2889    2       4884    1448    0.      1.      0.
                         0.      -1.     0.      0.      -1.     0.
CBAR     2892    2       1403    4890    0.      1.      0.
                         0.      -1.     0.      0.      -1.     0.
CBAR     2893    2       4890    1424    0.      1.      0.
                         0.      -1.     0.      0.      -1.     0.
CBAR     2898    2       1382    4899    0.      1.      0.
                         0.      -1.     0.      0.      -1.     0.
CBAR     2899    2       4899    1403    0.      1.      0.
                         0.      -1.     0.      0.      -1.     0.
CBAR     2900    2       1340    4902    0.      1.      0.
                         0.      -1.     0.      0.      -1.     0.
CBAR     2901    2       4902    1382    0.      1.      0.
                         0.      -1.     0.      0.      -1.     0.
CBAR     2904    2       1364    4908    0.      1.      0.
                         0.      -1.     0.      0.      -1.     0.
CBAR     2905    2       4908    1340    0.      1.      0.
                         0.      -1.     0.      0.      -1.     0.
CBAR     2910    2       1490    4917    0.      1.      0.
                         0.      -1.     0.      0.      -1.     0.
CBAR     2911    2       4917    1511    0.      1.      0.
                         0.      -1.     0.      0.      -1.     0.
CBAR     2912    2       1475    4920    0.      1.      0.
                         0.      -1.     0.      0.      -1.     0.
CBAR     2913    2       4920    1490    0.      1.      0.
                         0.      -1.     0.      0.      -1.     0.
CBAR     2916    2       906     4926    0.      1.      0.
                         0.      -1.     0.      0.      -1.     0.
CBAR     2917    2       4926    1086    0.      1.      0.
                         0.      -1.     0.      0.      -1.     0.
CBAR     2920    2       1086    4932    0.      1.      0.
                         0.      -1.     0.      0.      -1.     0.
CBAR     2921    2       4932    1108    0.      1.      0.
                         0.      -1.     0.      0.      -1.     0.
CBAR     2926    2       1108    4941    0.      1.      0.
                         0.      -1.     0.      0.      -1.     0.
CBAR     2927    2       4941    1134    0.      1.      0.
                         0.      -1.     0.      0.      -1.     0.
CBAR     2928    2       1134    4944    0.      1.      0.
                         0.      -1.     0.      0.      -1.     0.
CBAR     2929    2       4944    1158    0.      1.      0.
                         0.      -1.     0.      0.      -1.     0.
CBAR     2932    2       1158    4950    0.      1.      0.
                         0.      -1.     0.      0.      -1.     0.
CBAR     2933    2       4950    1182    0.      1.      0.
                         0.      -1.     0.      0.      -1.     0.
CBAR     2938    2       1182    4959    0.      1.      0.
                         0.      -1.     0.      0.      -1.     0.
CBAR     2939    2       4959    1203    0.      1.      0.
                         0.      -1.     0.      0.      -1.     0.
CBAR     2940    2       1203    4962    0.      1.      0.
                         0.      -1.     0.      0.      -1.     0.
CBAR     2941    2       4962    1225    0.      1.      0.
                         0.      -1.     0.      0.      -1.     0.
CBAR     2944    2       1225    4968    0.      1.      0.
                         0.      -1.     0.      0.      -1.     0.
CBAR     2945    2       4968    1251    0.      1.      0.
                         0.      -1.     0.      0.      -1.     0.
CBAR     2950    2       1251    4977    0.      1.      0.
                         0.      -1.     0.      0.      -1.     0.
CBAR     2951    2       4977    1276    0.      1.      0.
                         0.      -1.     0.      0.      -1.     0.
CBAR     2952    2       1276    4980    0.      1.      0.
                         0.      -1.     0.      0.      -1.     0.
CBAR     2953    2       4980    1302    0.      1.      0.
                         0.      -1.     0.      0.      -1.     0.
CBAR     2956    2       1302    4986    0.      1.      0.
                         0.      -1.     0.      0.      -1.     0.
CBAR     2957    2       4986    1326    0.      1.      0.
                         0.      -1.     0.      0.      -1.     0.
CBAR     2960    2       1326    4992    0.      1.      0.
                         0.      -1.     0.      0.      -1.     0.
CBAR     2961    2       4992    930     0.      1.      0.
                         0.      -1.     0.      0.      -1.     0.
CBAR     2966    2       1370    5001    0.      1.      0.
                         0.      -1.     0.      0.      -1.     0.
CBAR     2967    2       5001    1601    0.      1.      0.
                         0.      -1.     0.      0.      -1.     0.
CBAR     2970    2       1601    5007    0.      1.      0.
                         0.      -1.     0.      0.      -1.     0.
CBAR     2971    2       5007    1385    0.      1.      0.
                         0.      -1.     0.      0.      -1.     0.
CBAR     2976    2       1385    5016    0.      1.      0.
                         0.      -1.     0.      0.      -1.     0.
CBAR     2977    2       5016    1412    0.      1.      0.
                         0.      -1.     0.      0.      -1.     0.
CBAR     2978    2       1412    5019    0.      1.      0.
                         0.      -1.     0.      0.      -1.     0.
CBAR     2979    2       5019    1427    0.      1.      0.
                         0.      -1.     0.      0.      -1.     0.
CBAR     2982    2       1427    5025    0.      1.      0.
                         0.      -1.     0.      0.      -1.     0.
CBAR     2983    2       5025    1460    0.      1.      0.
                         0.      -1.     0.      0.      -1.     0.
CBAR     2988    2       1460    5034    0.      1.      0.
                         0.      -1.     0.      0.      -1.     0.
CBAR     2989    2       5034    1457    0.      1.      0.
                         0.      -1.     0.      0.      -1.     0.
CBAR     2990    2       1457    5037    0.      1.      0.
                         0.      -1.     0.      0.      -1.     0.
CBAR     2991    2       5037    1496    0.      1.      0.
                         0.      -1.     0.      0.      -1.     0.
CBAR     2994    2       1496    5043    0.      1.      0.
                         0.      -1.     0.      0.      -1.     0.
CBAR     2995    2       5043    5044    0.      1.      0.
                         0.      -1.     0.      0.      -1.     0.
CBAR     2998    2       5044    5049    0.      1.      0.
                         0.      -1.     0.      0.      -1.     0.
CBAR     2999    2       5049    1535    0.      1.      0.
                         0.      -1.     0.      0.      -1.     0.
CBAR     3004    2       1535    5058    0.      1.      0.
                         0.      -1.     0.      0.      -1.     0.
CBAR     3005    2       5058    1541    0.      1.      0.
                         0.      -1.     0.      0.      -1.     0.
CBAR     3008    2       1577    5064    0.      1.      0.
                         0.      -1.     0.      0.      -1.     0.
CBAR     3009    2       5064    1598    0.      1.      0.
                         0.      -1.     0.      0.      -1.     0.
CBAR     3012    2       1541    5070    0.      1.      0.
                         0.      -1.     0.      0.      -1.     0.
CBAR     3013    2       5070    1577    0.      1.      0.
                         0.      -1.     0.      0.      -1.     0.
CBAR     3018    2       912     2963    0.      1.      0.
                         0.      -1.     0.      0.      -1.     0.
CBAR     3019    2       2963    1092    0.      1.      0.
                         0.      -1.     0.      0.      -1.     0.
CBAR     3020    2       1092    2972    0.      1.      0.
                         0.      -1.     0.      0.      -1.     0.
CBAR     3021    2       2972    1116    0.      1.      0.
                         0.      -1.     0.      0.      -1.     0.
CBAR     3024    2       1116    2954    0.      1.      0.
                         0.      -1.     0.      0.      -1.     0.
CBAR     3025    2       2954    1140    0.      1.      0.
                         0.      -1.     0.      0.      -1.     0.
CBAR     3030    2       1140    2945    0.      1.      0.
                         0.      -1.     0.      0.      -1.     0.
CBAR     3031    2       2945    1164    0.      1.      0.
                         0.      -1.     0.      0.      -1.     0.
CBAR     3032    2       1164    2936    0.      1.      0.
                         0.      -1.     0.      0.      -1.     0.
CBAR     3033    2       2936    1455    0.      1.      0.
                         0.      -1.     0.      0.      -1.     0.
CBAR     3036    2       1455    2927    0.      1.      0.
                         0.      -1.     0.      0.      -1.     0.
CBAR     3037    2       2927    1209    0.      1.      0.
                         0.      -1.     0.      0.      -1.     0.
CBAR     3042    2       1209    2918    0.      1.      0.
                         0.      -1.     0.      0.      -1.     0.
CBAR     3043    2       2918    1233    0.      1.      0.
                         0.      -1.     0.      0.      -1.     0.
CBAR     3044    2       1233    2909    0.      1.      0.
                         0.      -1.     0.      0.      -1.     0.
CBAR     3045    2       2909    1260    0.      1.      0.
                         0.      -1.     0.      0.      -1.     0.
CBAR     3048    2       1260    2900    0.      1.      0.
                         0.      -1.     0.      0.      -1.     0.
CBAR     3049    2       2900    1284    0.      1.      0.
                         0.      -1.     0.      0.      -1.     0.
CBAR     3054    2       1284    2891    0.      1.      0.
                         0.      -1.     0.      0.      -1.     0.
CBAR     3055    2       2891    1308    0.      1.      0.
                         0.      -1.     0.      0.      -1.     0.
CBAR     3056    2       1308    2882    0.      1.      0.
                         0.      -1.     0.      0.      -1.     0.
CBAR     3057    2       2882    1332    0.      1.      0.
                         0.      -1.     0.      0.      -1.     0.
CBAR     3060    2       1332    2873    0.      1.      0.
                         0.      -1.     0.      0.      -1.     0.
CBAR     3061    2       2873    936     0.      1.      0.
                         0.      -1.     0.      0.      -1.     0.
$ Elements and Element Properties for region : forward_aft
PSHELL   3       1       .05     1               1
$ Pset: "forward_aft" will be imported as: "pshell.3"
CQUAD4   1714    3       1699    1698    2766    2765
CQUAD4   1715    3       1698    889     2767    2766
CQUAD4   1716    3       2765    2766    1848    1847
CQUAD4   1717    3       2766    2767    1069    1848
CQUAD4   1718    3       1847    1848    2775    2774
CQUAD4   1719    3       1848    1069    2776    2775
CQUAD4   1720    3       2774    2775    1911    1912
CQUAD4   1721    3       2775    2776    1093    1911
CQUAD4   1722    3       1912    1911    2784    2783
CQUAD4   1723    3       1911    1093    2785    2784
CQUAD4   1724    3       2783    2784    1978    1973
CQUAD4   1725    3       2784    2785    1117    1978
CQUAD4   1726    3       1973    1978    2793    2792
CQUAD4   1727    3       1978    1117    2794    2793
CQUAD4   1728    3       2792    2793    2037    2038
CQUAD4   1729    3       2793    2794    1141    2037
CQUAD4   1730    3       2038    2037    2802    2801
CQUAD4   1731    3       2037    1141    2803    2802
CQUAD4   1732    3       2801    2802    2100    2101
CQUAD4   1733    3       2802    2803    1165    2100
CQUAD4   1734    3       2101    2100    2811    2810
CQUAD4   1735    3       2100    1165    2812    2811
CQUAD4   1736    3       2810    2811    2223    2218
CQUAD4   1737    3       2811    2812    1186    2223
CQUAD4   1738    3       2218    2223    2820    2819
CQUAD4   1739    3       2223    1186    2821    2820
CQUAD4   1740    3       2819    2820    2226    2225
CQUAD4   1741    3       2820    2821    1210    2226
CQUAD4   1742    3       2225    2226    2829    2828
CQUAD4   1743    3       2226    1210    2830    2829
CQUAD4   1744    3       2828    2829    2293    2288
CQUAD4   1745    3       2829    2830    1234    2293
CQUAD4   1746    3       2288    2293    2838    2837
CQUAD4   1747    3       2293    1234    2839    2838
CQUAD4   1748    3       2837    2838    2356    2351
CQUAD4   1749    3       2838    2839    1257    2356
CQUAD4   1750    3       2351    2356    2847    2846
CQUAD4   1751    3       2356    1257    2848    2847
CQUAD4   1752    3       2846    2847    2419    2414
CQUAD4   1753    3       2847    2848    1285    2419
CQUAD4   1754    3       2414    2419    2856    2855
CQUAD4   1755    3       2419    1285    2857    2856
CQUAD4   1756    3       2855    2856    2482    2477
CQUAD4   1757    3       2856    2857    1309    2482
CQUAD4   1758    3       2477    2482    2865    2864
CQUAD4   1759    3       2482    1309    2866    2865
CQUAD4   1760    3       2864    2865    1775    1776
CQUAD4   1761    3       2865    2866    913     1775
CQUAD4   1762    3       1332    2538    2874    2873
CQUAD4   1763    3       2538    2539    2875    2874
CQUAD4   1764    3       2873    2874    1781    936
CQUAD4   1765    3       2874    2875    1779    1781
CQUAD4   1766    3       1308    2474    2883    2882
CQUAD4   1767    3       2474    994     2884    2883
CQUAD4   1768    3       2882    2883    2538    1332
CQUAD4   1769    3       2883    2884    2539    2538
CQUAD4   1770    3       1284    2412    2892    2891
CQUAD4   1771    3       2412    988     2893    2892
CQUAD4   1772    3       2891    2892    2474    1308
CQUAD4   1773    3       2892    2893    994     2474
CQUAD4   1774    3       1260    2338    2901    2900
CQUAD4   1775    3       2338    982     2902    2901
CQUAD4   1776    3       2900    2901    2412    1284
CQUAD4   1777    3       2901    2902    988     2412
CQUAD4   1778    3       1233    2285    2910    2909
CQUAD4   1779    3       2285    2283    2911    2910
CQUAD4   1780    3       2909    2910    2338    1260
CQUAD4   1781    3       2910    2911    982     2338
CQUAD4   1782    3       1209    2167    2919    2918
CQUAD4   1783    3       2167    970     2920    2919
CQUAD4   1784    3       2918    2919    2285    1233
CQUAD4   1785    3       2919    2920    2283    2285
CQUAD4   1786    3       1455    2156    2928    2927
CQUAD4   1787    3       2156    2155    2929    2928
CQUAD4   1788    3       2927    2928    2167    1209
CQUAD4   1789    3       2928    2929    970     2167
CQUAD4   1790    3       1164    2096    2937    2936
CQUAD4   1791    3       2096    958     2718    2937
CQUAD4   1792    3       2936    2937    2156    1455
CQUAD4   1793    3       2937    2718    2155    2156
CQUAD4   1794    3       1140    2034    2946    2945
CQUAD4   1795    3       2034    2035    2727    2946
CQUAD4   1796    3       2945    2946    2096    1164
CQUAD4   1797    3       2946    2727    958     2096
CQUAD4   1798    3       1116    1971    2955    2954
CQUAD4   1799    3       1971    946     2739    2955
CQUAD4   1800    3       2954    2955    2034    1140
CQUAD4   1801    3       2955    2739    2035    2034
CQUAD4   1802    3       912     1767    2964    2963
CQUAD4   1803    3       1767    1765    2748    2964
CQUAD4   1804    3       2963    2964    1907    1092
CQUAD4   1805    3       2964    2748    943     1907
CQUAD4   1806    3       1092    1907    2973    2972
CQUAD4   1807    3       1907    943     2757    2973
CQUAD4   1808    3       2972    2973    1971    1116
CQUAD4   1809    3       2973    2757    946     1971
$ Elements and Element Properties for region : upperlower
PSHELL   4       1       .03     1               1
$ Pset: "upperlower" will be imported as: "pshell.4"
CQUAD4   2256    4       2984    2748    3651    2988
CQUAD4   2257    4       2748    1765    1764    3651
CQUAD4   2258    4       2988    3651    2979    2978
CQUAD4   2259    4       3651    1764    907     2979
CQUAD4   2260    4       2990    2997    3660    2991
CQUAD4   2261    4       2997    2984    2988    3660
CQUAD4   2262    4       2991    3660    2994    2992
CQUAD4   2263    4       3660    2988    2978    2994
CQUAD4   2264    4       2035    2739    3669    2033
CQUAD4   2265    4       2739    2990    2991    3669
CQUAD4   2266    4       2033    3669    3000    1137
CQUAD4   2267    4       3669    2991    2992    3000
CQUAD4   2268    4       958     2727    3678    3009
CQUAD4   2269    4       2727    2035    2033    3678
CQUAD4   2270    4       3009    3678    3012    3010
CQUAD4   2271    4       3678    2033    1137    3012
CQUAD4   2272    4       2155    2718    3687    2160
CQUAD4   2273    4       2718    958     3009    3687
CQUAD4   2274    4       2160    3687    3018    1185
CQUAD4   2275    4       3687    3009    3010    3018
CQUAD4   2276    4       970     2929    3696    3033
CQUAD4   2277    4       2929    2155    2160    3696
CQUAD4   2278    4       3033    3696    3027    3026
CQUAD4   2279    4       3696    2160    1185    3027
CQUAD4   2280    4       2283    2920    3705    2282
CQUAD4   2281    4       2920    970     3033    3705
CQUAD4   2282    4       2282    3705    3039    1230
CQUAD4   2283    4       3705    3033    3026    3039
CQUAD4   2284    4       982     2911    3714    983
CQUAD4   2285    4       2911    2283    2282    3714
CQUAD4   2286    4       983     3714    3045    3044
CQUAD4   2287    4       3714    2282    1230    3045
CQUAD4   2288    4       988     2902    3723    989
CQUAD4   2289    4       2902    982     983     3723
CQUAD4   2290    4       989     3723    3057    990
CQUAD4   2291    4       3723    983     3044    3057
CQUAD4   2292    4       994     2893    3732    995
CQUAD4   2293    4       2893    988     989     3732
CQUAD4   2294    4       995     3732    3063    996
CQUAD4   2295    4       3732    989     990     3063
CQUAD4   2296    4       2539    2537    3741    2875
CQUAD4   2297    4       2537    1329    3078    3741
CQUAD4   2298    4       2875    3741    1778    1779
CQUAD4   2299    4       3741    3078    931     1778
CQUAD4   2300    4       2539    2884    3750    2537
CQUAD4   2301    4       2884    994     995     3750
CQUAD4   2302    4       2537    3750    3087    1329
CQUAD4   2303    4       3750    995     996     3087
CQUAD4   2304    4       1367    3099    3759    1750
CQUAD4   2305    4       3099    1349    3096    3759
CQUAD4   2306    4       1750    3759    2979    907
CQUAD4   2307    4       3759    3096    945     2979
CQUAD4   2308    4       1349    3105    3768    3096
CQUAD4   2309    4       3105    1388    3102    3768
CQUAD4   2310    4       3096    3768    3108    945
CQUAD4   2311    4       3768    3102    948     3108
CQUAD4   2312    4       1388    3114    3777    3102
CQUAD4   2313    4       3114    1409    3111    3777
CQUAD4   2314    4       3102    3777    3000    948
CQUAD4   2315    4       3777    3111    1137    3000
CQUAD4   2316    4       1409    3126    3786    3111
CQUAD4   2317    4       3126    1433    3123    3786
CQUAD4   2318    4       3111    3786    3012    1137
CQUAD4   2319    4       3786    3123    960     3012
CQUAD4   2320    4       1433    3132    3795    3123
CQUAD4   2321    4       3132    1451    3129    3795
CQUAD4   2322    4       3123    3795    3018    960
CQUAD4   2323    4       3795    3129    1185    3018
CQUAD4   2324    4       1451    3144    3804    3129
CQUAD4   2325    4       3144    1472    3141    3804
CQUAD4   2326    4       3129    3804    3027    1185
CQUAD4   2327    4       3804    3141    972     3027
CQUAD4   2328    4       1472    3150    3813    3141
CQUAD4   2329    4       3150    1493    3147    3813
CQUAD4   2330    4       3141    3813    3039    972
CQUAD4   2331    4       3813    3147    1230    3039
CQUAD4   2332    4       1493    3159    3822    3147
CQUAD4   2333    4       3159    1514    3156    3822
CQUAD4   2334    4       3147    3822    3045    1230
CQUAD4   2335    4       3822    3156    984     3045
CQUAD4   2336    4       1514    3171    3831    3156
CQUAD4   2337    4       3171    1532    3168    3831
CQUAD4   2338    4       3156    3831    3165    984
CQUAD4   2339    4       3831    3168    990     3165
CQUAD4   2340    4       1532    3177    3840    3168
CQUAD4   2341    4       3177    1607    3174    3840
CQUAD4   2342    4       3168    3840    3063    990
CQUAD4   2343    4       3840    3174    996     3063
CQUAD4   2344    4       1574    3189    3849    3183
CQUAD4   2345    4       3189    1595    1836    3849
CQUAD4   2346    4       3183    3849    3078    1329
CQUAD4   2347    4       3849    1836    931     3078
CQUAD4   2348    4       1607    3192    3858    3174
CQUAD4   2349    4       3192    1574    3183    3858
CQUAD4   2350    4       3174    3858    3087    996
CQUAD4   2351    4       3858    3183    1329    3087
CQUAD4   2352    4       927     3201    3867    1832
CQUAD4   2353    4       3201    1323    3198    3867
CQUAD4   2354    4       1832    3867    3189    1595
CQUAD4   2355    4       3867    3198    1574    3189
CQUAD4   2356    4       1323    3210    3876    3198
CQUAD4   2357    4       3210    1299    3207    3876
CQUAD4   2358    4       3198    3876    3192    1574
CQUAD4   2359    4       3876    3207    1607    3192
CQUAD4   2360    4       1299    3213    3885    3207
CQUAD4   2361    4       3213    1275    3216    3885
CQUAD4   2362    4       3207    3885    3177    1607
CQUAD4   2363    4       3885    3216    1532    3177
CQUAD4   2364    4       1275    3219    3894    3216
CQUAD4   2365    4       3219    1248    3222    3894
CQUAD4   2366    4       3216    3894    3171    1532
CQUAD4   2367    4       3894    3222    1514    3171
CQUAD4   2368    4       1248    3228    3903    3222
CQUAD4   2369    4       3228    1224    3225    3903
CQUAD4   2370    4       3222    3903    3159    1514
CQUAD4   2371    4       3903    3225    1493    3159
CQUAD4   2372    4       1224    3231    3912    3225
CQUAD4   2373    4       3231    1200    3234    3912
CQUAD4   2374    4       3225    3912    3150    1493
CQUAD4   2375    4       3912    3234    1472    3150
CQUAD4   2376    4       1200    3237    3921    3234
CQUAD4   2377    4       3237    1179    3240    3921
CQUAD4   2378    4       3234    3921    3144    1472
CQUAD4   2379    4       3921    3240    1451    3144
CQUAD4   2380    4       1179    3243    3930    3240
CQUAD4   2381    4       3243    1155    3246    3930
CQUAD4   2382    4       3240    3930    3132    1451
CQUAD4   2383    4       3930    3246    1433    3132
CQUAD4   2384    4       1155    3252    3939    3246
CQUAD4   2385    4       3252    1131    3249    3939
CQUAD4   2386    4       3246    3939    3126    1433
CQUAD4   2387    4       3939    3249    1409    3126
CQUAD4   2388    4       1131    3255    3948    3249
CQUAD4   2389    4       3255    1107    3258    3948
CQUAD4   2390    4       3249    3948    3114    1409
CQUAD4   2391    4       3948    3258    1388    3114
CQUAD4   2392    4       1083    3264    3957    3267
CQUAD4   2393    4       3264    903     1746    3957
CQUAD4   2394    4       3267    3957    3099    1349
CQUAD4   2395    4       3957    1746    1367    3099
CQUAD4   2396    4       1107    3270    3966    3258
CQUAD4   2397    4       3270    1083    3267    3966
CQUAD4   2398    4       3258    3966    3105    1388
CQUAD4   2399    4       3966    3267    1349    3105
CQUAD4   2400    4       1361    3276    3975    1732
CQUAD4   2401    4       3276    1346    3273    3975
CQUAD4   2402    4       1732    3975    3264    903
CQUAD4   2403    4       3975    3273    1083    3264
CQUAD4   2404    4       1346    3282    3984    3273
CQUAD4   2405    4       3282    1391    3285    3984
CQUAD4   2406    4       3273    3984    3270    1083
CQUAD4   2407    4       3984    3285    1107    3270
CQUAD4   2408    4       1391    3291    3993    3285
CQUAD4   2409    4       3291    1406    3288    3993
CQUAD4   2410    4       3285    3993    3255    1107
CQUAD4   2411    4       3993    3288    1131    3255
CQUAD4   2412    4       1406    3294    4002    3288
CQUAD4   2413    4       3294    1604    3297    4002
CQUAD4   2414    4       3288    4002    3252    1131
CQUAD4   2415    4       4002    3297    1155    3252
CQUAD4   2416    4       1604    3300    4011    3297
CQUAD4   2417    4       3300    1445    3303    4011
CQUAD4   2418    4       3297    4011    3243    1155
CQUAD4   2419    4       4011    3303    1179    3243
CQUAD4   2420    4       1445    3306    4020    3303
CQUAD4   2421    4       3306    1469    3309    4020
CQUAD4   2422    4       3303    4020    3237    1179
CQUAD4   2423    4       4020    3309    1200    3237
CQUAD4   2424    4       1469    3315    4029    3309
CQUAD4   2425    4       3315    1484    3312    4029
CQUAD4   2426    4       3309    4029    3231    1200
CQUAD4   2427    4       4029    3312    1224    3231
CQUAD4   2428    4       1484    3318    4038    3312
CQUAD4   2429    4       3318    1508    3321    4038
CQUAD4   2430    4       3312    4038    3228    1224
CQUAD4   2431    4       4038    3321    1248    3228
CQUAD4   2432    4       1508    3324    4047    3321
CQUAD4   2433    4       3324    1529    3327    4047
CQUAD4   2434    4       3321    4047    3219    1248
CQUAD4   2435    4       4047    3327    1275    3219
CQUAD4   2436    4       1529    3330    4056    3327
CQUAD4   2437    4       3330    1547    3333    4056
CQUAD4   2438    4       3327    4056    3213    1275
CQUAD4   2439    4       4056    3333    1299    3213
CQUAD4   2440    4       1565    3342    4065    3336
CQUAD4   2441    4       3342    1589    1816    4065
CQUAD4   2442    4       3336    4065    3201    1323
CQUAD4   2443    4       4065    1816    927     3201
CQUAD4   2444    4       1547    3345    4074    3333
CQUAD4   2445    4       3345    1565    3336    4074
CQUAD4   2446    4       3333    4074    3210    1299
CQUAD4   2447    4       4074    3336    1323    3210
CQUAD4   2448    4       1315    3351    4083    3354
CQUAD4   2449    4       3351    1565    3342    4083
CQUAD4   2450    4       3354    4083    1812    921
CQUAD4   2451    4       4083    3342    1589    1812
CQUAD4   2452    4       1291    3360    4092    3357
CQUAD4   2453    4       3360    1547    3345    4092
CQUAD4   2454    4       3357    4092    3351    1315
CQUAD4   2455    4       4092    3345    1565    3351
CQUAD4   2456    4       1291    3363    4101    3360
CQUAD4   2457    4       3363    1269    3366    4101
CQUAD4   2458    4       3360    4101    3330    1547
CQUAD4   2459    4       4101    3366    1529    3330
CQUAD4   2460    4       1269    3369    4110    3366
CQUAD4   2461    4       3369    1242    3372    4110
CQUAD4   2462    4       3366    4110    3324    1529
CQUAD4   2463    4       4110    3372    1508    3324
CQUAD4   2464    4       1218    3375    4119    3378
CQUAD4   2465    4       3375    1484    3318    4119
CQUAD4   2466    4       3378    4119    3372    1242
CQUAD4   2467    4       4119    3318    1508    3372
CQUAD4   2468    4       1218    3384    4128    3375
CQUAD4   2469    4       3384    1194    3381    4128
CQUAD4   2470    4       3375    4128    3315    1484
CQUAD4   2471    4       4128    3381    1469    3315
CQUAD4   2472    4       1194    3387    4137    3381
CQUAD4   2473    4       3387    1173    3390    4137
CQUAD4   2474    4       3381    4137    3306    1469
CQUAD4   2475    4       4137    3390    1445    3306
CQUAD4   2476    4       1173    3393    4146    3390
CQUAD4   2477    4       3393    1149    3396    4146
CQUAD4   2478    4       3390    4146    3300    1445
CQUAD4   2479    4       4146    3396    1604    3300
CQUAD4   2480    4       1125    3402    4155    3399
CQUAD4   2481    4       3402    1406    3294    4155
CQUAD4   2482    4       3399    4155    3396    1149
CQUAD4   2483    4       4155    3294    1604    3396
CQUAD4   2484    4       1101    3405    4164    3408
CQUAD4   2485    4       3405    1391    3291    4164
CQUAD4   2486    4       3408    4164    3402    1125
CQUAD4   2487    4       4164    3291    1406    3402
CQUAD4   2488    4       1077    3414    4173    3417
CQUAD4   2489    4       3414    897     1728    4173
CQUAD4   2490    4       3417    4173    3276    1346
CQUAD4   2491    4       4173    1728    1361    3276
CQUAD4   2492    4       1101    3420    4182    3405
CQUAD4   2493    4       3420    1077    3417    4182
CQUAD4   2494    4       3405    4182    3282    1391
CQUAD4   2495    4       4182    3417    1346    3282
CQUAD4   2496    4       1355    3426    4191    1714
CQUAD4   2497    4       3426    1343    3423    4191
CQUAD4   2498    4       1714    4191    3414    897
CQUAD4   2499    4       4191    3423    1077    3414
CQUAD4   2500    4       1343    3432    4200    3423
CQUAD4   2501    4       3432    1376    3435    4200
CQUAD4   2502    4       3423    4200    3420    1077
CQUAD4   2503    4       4200    3435    1101    3420
CQUAD4   2504    4       1376    3441    4209    3435
CQUAD4   2505    4       3441    1397    3438    4209
CQUAD4   2506    4       3435    4209    3408    1101
CQUAD4   2507    4       4209    3438    1125    3408
CQUAD4   2508    4       1397    3444    4218    3438
CQUAD4   2509    4       3444    1418    3447    4218
CQUAD4   2510    4       3438    4218    3399    1125
CQUAD4   2511    4       4218    3447    1149    3399
CQUAD4   2512    4       1418    3450    4227    3447
CQUAD4   2513    4       3450    1442    3453    4227
CQUAD4   2514    4       3447    4227    3393    1149
CQUAD4   2515    4       4227    3453    1173    3393
CQUAD4   2516    4       1442    3456    4236    3453
CQUAD4   2517    4       3456    1466    3459    4236
CQUAD4   2518    4       3453    4236    3387    1173
CQUAD4   2519    4       4236    3459    1194    3387
CQUAD4   2520    4       1466    3465    4245    3459
CQUAD4   2521    4       3465    1481    3462    4245
CQUAD4   2522    4       3459    4245    3384    1194
CQUAD4   2523    4       4245    3462    1218    3384
CQUAD4   2524    4       1481    3468    4254    3462
CQUAD4   2525    4       3468    1505    3471    4254
CQUAD4   2526    4       3462    4254    3378    1218
CQUAD4   2527    4       4254    3471    1242    3378
CQUAD4   2528    4       1505    3474    4263    3471
CQUAD4   2529    4       3474    1526    3477    4263
CQUAD4   2530    4       3471    4263    3369    1242
CQUAD4   2531    4       4263    3477    1269    3369
CQUAD4   2532    4       1526    3483    4272    3477
CQUAD4   2533    4       3483    1553    3480    4272
CQUAD4   2534    4       3477    4272    3363    1269
CQUAD4   2535    4       4272    3480    1291    3363
CQUAD4   2536    4       1568    3489    4281    3492
CQUAD4   2537    4       3489    1583    1800    4281
CQUAD4   2538    4       3492    4281    3354    1315
CQUAD4   2539    4       4281    1800    921     3354
CQUAD4   2540    4       1553    3495    4290    3480
CQUAD4   2541    4       3495    1568    3492    4290
CQUAD4   2542    4       3480    4290    3357    1291
CQUAD4   2543    4       4290    3492    1315    3357
CQUAD4   2544    4       1311    3504    4299    3498
CQUAD4   2545    4       3504    1568    3489    4299
CQUAD4   2546    4       3498    4299    1798    915
CQUAD4   2547    4       4299    3489    1583    1798
CQUAD4   2548    4       1263    3510    4308    3513
CQUAD4   2549    4       3510    1526    3483    4308
CQUAD4   2550    4       3513    4308    3507    1287
CQUAD4   2551    4       4308    3483    1553    3507
CQUAD4   2552    4       1287    3507    4317    3516
CQUAD4   2553    4       3507    1553    3495    4317
CQUAD4   2554    4       3516    4317    3504    1311
CQUAD4   2555    4       4317    3495    1568    3504
CQUAD4   2556    4       1236    3522    4326    3519
CQUAD4   2557    4       3522    1505    3474    4326
CQUAD4   2558    4       3519    4326    3510    1263
CQUAD4   2559    4       4326    3474    1526    3510
CQUAD4   2560    4       1212    3525    4335    3528
CQUAD4   2561    4       3525    1481    3468    4335
CQUAD4   2562    4       3528    4335    3522    1236
CQUAD4   2563    4       4335    3468    1505    3522
CQUAD4   2564    4       1188    3531    4344    3534
CQUAD4   2565    4       3531    1466    3465    4344
CQUAD4   2566    4       3534    4344    3525    1212
CQUAD4   2567    4       4344    3465    1481    3525
CQUAD4   2568    4       1167    3537    4353    3540
CQUAD4   2569    4       3537    1442    3456    4353
CQUAD4   2570    4       3540    4353    3531    1188
CQUAD4   2571    4       4353    3456    1466    3531
CQUAD4   2572    4       1143    3546    4362    3543
CQUAD4   2573    4       3546    1418    3450    4362
CQUAD4   2574    4       3543    4362    3537    1167
CQUAD4   2575    4       4362    3450    1442    3537
CQUAD4   2576    4       1119    3549    4371    3552
CQUAD4   2577    4       3549    1397    3444    4371
CQUAD4   2578    4       3552    4371    3546    1143
CQUAD4   2579    4       4371    3444    1418    3546
CQUAD4   2580    4       1095    3555    4380    3558
CQUAD4   2581    4       3555    1376    3441    4380
CQUAD4   2582    4       3558    4380    3549    1119
CQUAD4   2583    4       4380    3441    1397    3549
CQUAD4   2584    4       891     1710    4389    3561
CQUAD4   2585    4       1710    1355    3426    4389
CQUAD4   2586    4       3561    4389    3564    1071
CQUAD4   2587    4       4389    3426    1343    3564
CQUAD4   2588    4       1071    3564    4398    3570
CQUAD4   2589    4       3564    1343    3432    4398
CQUAD4   2590    4       3570    4398    3555    1095
CQUAD4   2591    4       4398    3432    1376    3555
CQUAD4   2592    4       1699    2765    4407    1697
CQUAD4   2593    4       2765    1847    1852    4407
CQUAD4   2594    4       1697    4407    3561    891
CQUAD4   2595    4       4407    1852    1071    3561
CQUAD4   2596    4       1847    2774    4416    1852
CQUAD4   2597    4       2774    1912    1914    4416
CQUAD4   2598    4       1852    4416    3570    1071
CQUAD4   2599    4       4416    1914    1095    3570
CQUAD4   2600    4       1912    2783    4425    1914
CQUAD4   2601    4       2783    1973    1974    4425
CQUAD4   2602    4       1914    4425    3558    1095
CQUAD4   2603    4       4425    1974    1119    3558
CQUAD4   2604    4       1973    2792    4434    1974
CQUAD4   2605    4       2792    2038    2040    4434
CQUAD4   2606    4       1974    4434    3552    1119
CQUAD4   2607    4       4434    2040    1143    3552
CQUAD4   2608    4       2038    2801    4443    2040
CQUAD4   2609    4       2801    2101    2103    4443
CQUAD4   2610    4       2040    4443    3543    1143
CQUAD4   2611    4       4443    2103    1167    3543
CQUAD4   2612    4       2101    2810    4452    2103
CQUAD4   2613    4       2810    2218    2219    4452
CQUAD4   2614    4       2103    4452    3540    1167
CQUAD4   2615    4       4452    2219    1188    3540
CQUAD4   2616    4       2218    2819    4461    2219
CQUAD4   2617    4       2819    2225    2230    4461
CQUAD4   2618    4       2219    4461    3534    1188
CQUAD4   2619    4       4461    2230    1212    3534
CQUAD4   2620    4       2225    2828    4470    2230
CQUAD4   2621    4       2828    2288    2289    4470
CQUAD4   2622    4       2230    4470    3528    1212
CQUAD4   2623    4       4470    2289    1236    3528
CQUAD4   2624    4       2288    2837    4479    2289
CQUAD4   2625    4       2837    2351    2352    4479
CQUAD4   2626    4       2289    4479    3519    1236
CQUAD4   2627    4       4479    2352    1263    3519
CQUAD4   2628    4       2351    2846    4488    2352
CQUAD4   2629    4       2846    2414    2415    4488
CQUAD4   2630    4       2352    4488    3513    1263
CQUAD4   2631    4       4488    2415    1287    3513
CQUAD4   2632    4       2477    2864    4497    2478
CQUAD4   2633    4       2864    1776    1774    4497
CQUAD4   2634    4       2478    4497    3498    1311
CQUAD4   2635    4       4497    1774    915     3498
CQUAD4   2636    4       2414    2855    4506    2415
CQUAD4   2637    4       2855    2477    2478    4506
CQUAD4   2638    4       2415    4506    3516    1287
CQUAD4   2639    4       4506    2478    1311    3516
CQUAD4   3064    4       1069    2767    5151    4521
CQUAD4   3065    4       2767    889     1701    5151
CQUAD4   3066    4       4521    5151    4512    1334
CQUAD4   3067    4       5151    1701    1352    4512
CQUAD4   3068    4       1093    2776    5160    4524
CQUAD4   3069    4       2776    1069    4521    5160
CQUAD4   3070    4       4524    5160    4527    1373
CQUAD4   3071    4       5160    4521    1334    4527
CQUAD4   3072    4       1117    2785    5169    4539
CQUAD4   3073    4       2785    1093    4524    5169
CQUAD4   3074    4       4539    5169    4533    1394
CQUAD4   3075    4       5169    4524    1373    4533
CQUAD4   3076    4       1141    2794    5178    4542
CQUAD4   3077    4       2794    1117    4539    5178
CQUAD4   3078    4       4542    5178    4545    1415
CQUAD4   3079    4       5178    4539    1394    4545
CQUAD4   3080    4       1165    2803    5187    4557
CQUAD4   3081    4       2803    1141    4542    5187
CQUAD4   3082    4       4557    5187    4551    1436
CQUAD4   3083    4       5187    4542    1415    4551
CQUAD4   3084    4       1186    2812    5196    4566
CQUAD4   3085    4       2812    1165    4557    5196
CQUAD4   3086    4       4566    5196    4560    1430
CQUAD4   3087    4       5196    4557    1436    4560
CQUAD4   3088    4       1210    2821    5205    4569
CQUAD4   3089    4       2821    1186    4566    5205
CQUAD4   3090    4       4569    5205    4572    1478
CQUAD4   3091    4       5205    4566    1430    4572
CQUAD4   3092    4       1234    2830    5214    4584
CQUAD4   3093    4       2830    1210    4569    5214
CQUAD4   3094    4       4584    5214    4578    1499
CQUAD4   3095    4       5214    4569    1478    4578
CQUAD4   3096    4       1257    2839    5223    4587
CQUAD4   3097    4       2839    1234    4584    5223
CQUAD4   3098    4       4587    5223    4590    1520
CQUAD4   3099    4       5223    4584    1499    4590
CQUAD4   3100    4       1285    2848    5232    4602
CQUAD4   3101    4       2848    1257    4587    5232
CQUAD4   3102    4       4602    5232    4596    1556
CQUAD4   3103    4       5232    4587    1520    4596
CQUAD4   3104    4       1309    2857    5241    4611
CQUAD4   3105    4       2857    1285    4602    5241
CQUAD4   3106    4       4611    5241    4605    1559
CQUAD4   3107    4       5241    4602    1556    4605
CQUAD4   3108    4       1309    4611    5250    2866
CQUAD4   3109    4       4611    1559    4620    5250
CQUAD4   3110    4       2866    5250    1791    913
CQUAD4   3111    4       5250    4620    1580    1791
CQUAD4   3112    4       1314    4626    5259    4629
CQUAD4   3113    4       4626    918     1787    5259
CQUAD4   3114    4       4629    5259    4620    1559
CQUAD4   3115    4       5259    1787    1580    4620
CQUAD4   3116    4       1290    4635    5268    4632
CQUAD4   3117    4       4635    1314    4629    5268
CQUAD4   3118    4       4632    5268    4605    1556
CQUAD4   3119    4       5268    4629    1559    4605
CQUAD4   3120    4       1266    4638    5277    4641
CQUAD4   3121    4       4638    1290    4632    5277
CQUAD4   3122    4       4641    5277    4596    1520
CQUAD4   3123    4       5277    4632    1556    4596
CQUAD4   3124    4       1239    4644    5286    4647
CQUAD4   3125    4       4644    1266    4641    5286
CQUAD4   3126    4       4647    5286    4590    1499
CQUAD4   3127    4       5286    4641    1520    4590
CQUAD4   3128    4       1213    4653    5295    4650
CQUAD4   3129    4       4653    1239    4647    5295
CQUAD4   3130    4       4650    5295    4578    1478
CQUAD4   3131    4       5295    4647    1499    4578
CQUAD4   3132    4       1189    4656    5304    4659
CQUAD4   3133    4       4656    1213    4650    5304
CQUAD4   3134    4       4659    5304    4572    1430
CQUAD4   3135    4       5304    4650    1478    4572
CQUAD4   3136    4       1170    4662    5313    4665
CQUAD4   3137    4       4662    1189    4659    5313
CQUAD4   3138    4       4665    5313    4560    1436
CQUAD4   3139    4       5313    4659    1430    4560
CQUAD4   3140    4       1146    4671    5322    4668
CQUAD4   3141    4       4671    1170    4665    5322
CQUAD4   3142    4       4668    5322    4551    1415
CQUAD4   3143    4       5322    4665    1436    4551
CQUAD4   3144    4       1122    4674    5331    4677
CQUAD4   3145    4       4674    1146    4668    5331
CQUAD4   3146    4       4677    5331    4545    1394
CQUAD4   3147    4       5331    4668    1415    4545
CQUAD4   3148    4       1098    4680    5340    4683
CQUAD4   3149    4       4680    1122    4677    5340
CQUAD4   3150    4       4683    5340    4533    1373
CQUAD4   3151    4       5340    4677    1394    4533
CQUAD4   3152    4       1074    4689    5349    4686
CQUAD4   3153    4       4689    1098    4683    5349
CQUAD4   3154    4       4686    5349    4527    1334
CQUAD4   3155    4       5349    4683    1373    4527
CQUAD4   3156    4       894     4692    5358    1705
CQUAD4   3157    4       4692    1074    4686    5358
CQUAD4   3158    4       1705    5358    4512    1352
CQUAD4   3159    4       5358    4686    1334    4512
CQUAD4   3160    4       894     1719    5367    4692
CQUAD4   3161    4       1719    1358    4698    5367
CQUAD4   3162    4       4692    5367    4704    1074
CQUAD4   3163    4       5367    4698    1337    4704
CQUAD4   3164    4       1074    4704    5376    4689
CQUAD4   3165    4       4704    1337    4710    5376
CQUAD4   3166    4       4689    5376    4707    1098
CQUAD4   3167    4       5376    4710    1379    4707
CQUAD4   3168    4       1098    4707    5385    4680
CQUAD4   3169    4       4707    1379    4713    5385
CQUAD4   3170    4       4680    5385    4716    1122
CQUAD4   3171    4       5385    4713    1400    4716
CQUAD4   3172    4       1122    4716    5394    4674
CQUAD4   3173    4       4716    1400    4719    5394
CQUAD4   3174    4       4674    5394    4722    1146
CQUAD4   3175    4       5394    4719    1421    4722
CQUAD4   3176    4       1146    4722    5403    4671
CQUAD4   3177    4       4722    1421    4725    5403
CQUAD4   3178    4       4671    5403    4728    1170
CQUAD4   3179    4       5403    4725    1439    4728
CQUAD4   3180    4       1170    4728    5412    4662
CQUAD4   3181    4       4728    1439    4734    5412
CQUAD4   3182    4       4662    5412    4731    1189
CQUAD4   3183    4       5412    4734    1463    4731
CQUAD4   3184    4       1189    4731    5421    4656
CQUAD4   3185    4       4731    1463    4737    5421
CQUAD4   3186    4       4656    5421    4740    1213
CQUAD4   3187    4       5421    4737    1487    4740
CQUAD4   3188    4       1213    4740    5430    4653
CQUAD4   3189    4       4740    1487    4743    5430
CQUAD4   3190    4       4653    5430    4746    1239
CQUAD4   3191    4       5430    4743    1502    4746
CQUAD4   3192    4       1239    4746    5439    4644
CQUAD4   3193    4       4746    1502    4752    5439
CQUAD4   3194    4       4644    5439    4749    1266
CQUAD4   3195    4       5439    4752    1523    4749
CQUAD4   3196    4       1266    4749    5448    4638
CQUAD4   3197    4       4749    1523    4755    5448
CQUAD4   3198    4       4638    5448    4758    1290
CQUAD4   3199    4       5448    4755    1550    4758
CQUAD4   3200    4       1290    4758    5457    4635
CQUAD4   3201    4       4758    1550    4761    5457
CQUAD4   3202    4       4635    5457    4764    1314
CQUAD4   3203    4       5457    4761    1562    4764
CQUAD4   3204    4       1314    4764    5466    4626
CQUAD4   3205    4       4764    1562    4770    5466
CQUAD4   3206    4       4626    5466    1805    918
CQUAD4   3207    4       5466    4770    1586    1805
CQUAD4   3208    4       1358    1723    5475    4698
CQUAD4   3209    4       1723    900     4773    5475
CQUAD4   3210    4       4698    5475    4779    1337
CQUAD4   3211    4       5475    4773    1078    4779
CQUAD4   3212    4       1337    4779    5484    4710
CQUAD4   3213    4       4779    1078    4782    5484
CQUAD4   3214    4       4710    5484    4785    1379
CQUAD4   3215    4       5484    4782    1104    4785
CQUAD4   3216    4       1379    4785    5493    4713
CQUAD4   3217    4       4785    1104    4791    5493
CQUAD4   3218    4       4713    5493    4788    1400
CQUAD4   3219    4       5493    4791    1128    4788
CQUAD4   3220    4       1400    4788    5502    4719
CQUAD4   3221    4       4788    1128    4794    5502
CQUAD4   3222    4       4719    5502    4797    1421
CQUAD4   3223    4       5502    4794    1150    4797
CQUAD4   3224    4       1421    4797    5511    4725
CQUAD4   3225    4       4797    1150    4800    5511
CQUAD4   3226    4       4725    5511    4803    1439
CQUAD4   3227    4       5511    4800    1174    4803
CQUAD4   3228    4       1439    4803    5520    4734
CQUAD4   3229    4       4803    1174    4806    5520
CQUAD4   3230    4       4734    5520    4809    1463
CQUAD4   3231    4       5520    4806    1197    4809
CQUAD4   3232    4       1463    4809    5529    4737
CQUAD4   3233    4       4809    1197    4815    5529
CQUAD4   3234    4       4737    5529    4812    1487
CQUAD4   3235    4       5529    4815    1221    4812
CQUAD4   3236    4       1487    4812    5538    4743
CQUAD4   3237    4       4812    1221    4818    5538
CQUAD4   3238    4       4743    5538    4821    1502
CQUAD4   3239    4       5538    4818    1243    4821
CQUAD4   3240    4       1502    4821    5547    4752
CQUAD4   3241    4       4821    1243    4824    5547
CQUAD4   3242    4       4752    5547    4827    1523
CQUAD4   3243    4       5547    4824    1272    4827
CQUAD4   3244    4       1523    4827    5556    4755
CQUAD4   3245    4       4827    1272    4833    5556
CQUAD4   3246    4       4755    5556    4830    1550
CQUAD4   3247    4       5556    4833    1296    4830
CQUAD4   3248    4       1550    4830    5565    4761
CQUAD4   3249    4       4830    1296    4836    5565
CQUAD4   3250    4       4761    5565    4839    1562
CQUAD4   3251    4       5565    4836    1320    4839
CQUAD4   3252    4       1562    4839    5574    4770
CQUAD4   3253    4       4839    1320    4842    5574
CQUAD4   3254    4       4770    5574    1803    1586
CQUAD4   3255    4       5574    4842    924     1803
CQUAD4   3256    4       1571    4854    5583    4848
CQUAD4   3257    4       4854    1592    1823    5583
CQUAD4   3258    4       4848    5583    4842    1320
CQUAD4   3259    4       5583    1823    924     4842
CQUAD4   3260    4       1544    4857    5592    4860
CQUAD4   3261    4       4857    1571    4848    5592
CQUAD4   3262    4       4860    5592    4836    1296
CQUAD4   3263    4       5592    4848    1320    4836
CQUAD4   3264    4       1538    4863    5601    4866
CQUAD4   3265    4       4863    1544    4860    5601
CQUAD4   3266    4       4866    5601    4833    1272
CQUAD4   3267    4       5601    4860    1296    4833
CQUAD4   3268    4       1511    4869    5610    4872
CQUAD4   3269    4       4869    1538    4866    5610
CQUAD4   3270    4       4872    5610    4824    1243
CQUAD4   3271    4       5610    4866    1272    4824
CQUAD4   3272    4       1448    4881    5619    4875
CQUAD4   3273    4       4881    1475    4878    5619
CQUAD4   3274    4       4875    5619    4806    1174
CQUAD4   3275    4       5619    4878    1197    4806
CQUAD4   3276    4       1424    4884    5628    4887
CQUAD4   3277    4       4884    1448    4875    5628
CQUAD4   3278    4       4887    5628    4800    1150
CQUAD4   3279    4       5628    4875    1174    4800
CQUAD4   3280    4       1403    4890    5637    4893
CQUAD4   3281    4       4890    1424    4887    5637
CQUAD4   3282    4       4893    5637    4794    1128
CQUAD4   3283    4       5637    4887    1150    4794
CQUAD4   3284    4       1382    4899    5646    4896
CQUAD4   3285    4       4899    1403    4893    5646
CQUAD4   3286    4       4896    5646    4791    1104
CQUAD4   3287    4       5646    4893    1128    4791
CQUAD4   3288    4       1340    4902    5655    4905
CQUAD4   3289    4       4902    1382    4896    5655
CQUAD4   3290    4       4905    5655    4782    1078
CQUAD4   3291    4       5655    4896    1104    4782
CQUAD4   3292    4       1364    4908    5664    1737
CQUAD4   3293    4       4908    1340    4905    5664
CQUAD4   3294    4       1737    5664    4773    900
CQUAD4   3295    4       5664    4905    1078    4773
CQUAD4   3296    4       1490    4917    5673    4914
CQUAD4   3297    4       4917    1511    4872    5673
CQUAD4   3298    4       4914    5673    4818    1221
CQUAD4   3299    4       5673    4872    1243    4818
CQUAD4   3300    4       1475    4920    5682    4878
CQUAD4   3301    4       4920    1490    4914    5682
CQUAD4   3302    4       4878    5682    4815    1197
CQUAD4   3303    4       5682    4914    1221    4815
CQUAD4   3304    4       1086    4926    5691    4929
CQUAD4   3305    4       4926    906     1741    5691
CQUAD4   3306    4       4929    5691    4908    1340
CQUAD4   3307    4       5691    1741    1364    4908
CQUAD4   3308    4       1108    4932    5700    4935
CQUAD4   3309    4       4932    1086    4929    5700
CQUAD4   3310    4       4935    5700    4902    1382
CQUAD4   3311    4       5700    4929    1340    4902
CQUAD4   3312    4       1134    4941    5709    4938
CQUAD4   3313    4       4941    1108    4935    5709
CQUAD4   3314    4       4938    5709    4899    1403
CQUAD4   3315    4       5709    4935    1382    4899
CQUAD4   3316    4       1158    4944    5718    4947
CQUAD4   3317    4       4944    1134    4938    5718
CQUAD4   3318    4       4947    5718    4890    1424
CQUAD4   3319    4       5718    4938    1403    4890
CQUAD4   3320    4       1182    4950    5727    4953
CQUAD4   3321    4       4950    1158    4947    5727
CQUAD4   3322    4       4953    5727    4884    1448
CQUAD4   3323    4       5727    4947    1424    4884
CQUAD4   3324    4       1203    4959    5736    4956
CQUAD4   3325    4       4959    1182    4953    5736
CQUAD4   3326    4       4956    5736    4881    1475
CQUAD4   3327    4       5736    4953    1448    4881
CQUAD4   3328    4       1225    4962    5745    4965
CQUAD4   3329    4       4962    1203    4956    5745
CQUAD4   3330    4       4965    5745    4920    1490
CQUAD4   3331    4       5745    4956    1475    4920
CQUAD4   3332    4       1251    4968    5754    4971
CQUAD4   3333    4       4968    1225    4965    5754
CQUAD4   3334    4       4971    5754    4917    1511
CQUAD4   3335    4       5754    4965    1490    4917
CQUAD4   3336    4       1276    4977    5763    4974
CQUAD4   3337    4       4977    1251    4971    5763
CQUAD4   3338    4       4974    5763    4869    1538
CQUAD4   3339    4       5763    4971    1511    4869
CQUAD4   3340    4       1302    4980    5772    4983
CQUAD4   3341    4       4980    1276    4974    5772
CQUAD4   3342    4       4983    5772    4863    1544
CQUAD4   3343    4       5772    4974    1538    4863
CQUAD4   3344    4       1326    4986    5781    4989
CQUAD4   3345    4       4986    1302    4983    5781
CQUAD4   3346    4       4989    5781    4857    1571
CQUAD4   3347    4       5781    4983    1544    4857
CQUAD4   3348    4       1326    4989    5790    4992
CQUAD4   3349    4       4989    1571    4854    5790
CQUAD4   3350    4       4992    5790    1821    930
CQUAD4   3351    4       5790    4854    1592    1821
CQUAD4   3352    4       1370    5001    5799    1757
CQUAD4   3353    4       5001    1601    4998    5799
CQUAD4   3354    4       1757    5799    4926    906
CQUAD4   3355    4       5799    4998    1086    4926
CQUAD4   3356    4       1601    5007    5808    4998
CQUAD4   3357    4       5007    1385    5010    5808
CQUAD4   3358    4       4998    5808    4932    1086
CQUAD4   3359    4       5808    5010    1108    4932
CQUAD4   3360    4       1385    5016    5817    5010
CQUAD4   3361    4       5016    1412    5013    5817
CQUAD4   3362    4       5010    5817    4941    1108
CQUAD4   3363    4       5817    5013    1134    4941
CQUAD4   3364    4       1412    5019    5826    5013
CQUAD4   3365    4       5019    1427    5022    5826
CQUAD4   3366    4       5013    5826    4944    1134
CQUAD4   3367    4       5826    5022    1158    4944
CQUAD4   3368    4       1427    5025    5835    5022
CQUAD4   3369    4       5025    1460    5028    5835
CQUAD4   3370    4       5022    5835    4950    1158
CQUAD4   3371    4       5835    5028    1182    4950
CQUAD4   3372    4       1460    5034    5844    5028
CQUAD4   3373    4       5034    1457    5031    5844
CQUAD4   3374    4       5028    5844    4959    1182
CQUAD4   3375    4       5844    5031    1203    4959
CQUAD4   3376    4       1457    5037    5853    5031
CQUAD4   3377    4       5037    1496    5040    5853
CQUAD4   3378    4       5031    5853    4962    1203
CQUAD4   3379    4       5853    5040    1225    4962
CQUAD4   3380    4       1496    5043    5862    5040
CQUAD4   3381    4       5043    5044    5046    5862
CQUAD4   3382    4       5040    5862    4968    1225
CQUAD4   3383    4       5862    5046    1251    4968
CQUAD4   3384    4       5044    5049    5871    5046
CQUAD4   3385    4       5049    1535    5052    5871
CQUAD4   3386    4       5046    5871    4977    1251
CQUAD4   3387    4       5871    5052    1276    4977
CQUAD4   3388    4       1535    5058    5880    5052
CQUAD4   3389    4       5058    1541    5055    5880
CQUAD4   3390    4       5052    5880    4980    1276
CQUAD4   3391    4       5880    5055    1302    4980
CQUAD4   3392    4       1577    5064    5889    5067
CQUAD4   3393    4       5064    1598    1845    5889
CQUAD4   3394    4       5067    5889    4992    1326
CQUAD4   3395    4       5889    1845    930     4992
CQUAD4   3396    4       1541    5070    5898    5055
CQUAD4   3397    4       5070    1577    5067    5898
CQUAD4   3398    4       5055    5898    4986    1302
CQUAD4   3399    4       5898    5067    1326    4986
CQUAD4   3400    4       1092    2963    5907    5073
CQUAD4   3401    4       2963    912     1755    5907
CQUAD4   3402    4       5073    5907    5001    1601
CQUAD4   3403    4       5907    1755    1370    5001
CQUAD4   3404    4       1116    2972    5916    5085
CQUAD4   3405    4       2972    1092    5073    5916
CQUAD4   3406    4       5085    5916    5007    1385
CQUAD4   3407    4       5916    5073    1601    5007
CQUAD4   3408    4       1140    2954    5925    5091
CQUAD4   3409    4       2954    1116    5085    5925
CQUAD4   3410    4       5091    5925    5016    1412
CQUAD4   3411    4       5925    5085    1385    5016
CQUAD4   3412    4       1164    2945    5934    5094
CQUAD4   3413    4       2945    1140    5091    5934
CQUAD4   3414    4       5094    5934    5019    1427
CQUAD4   3415    4       5934    5091    1412    5019
CQUAD4   3416    4       1455    2936    5943    5103
CQUAD4   3417    4       2936    1164    5094    5943
CQUAD4   3418    4       5103    5943    5025    1460
CQUAD4   3419    4       5943    5094    1427    5025
CQUAD4   3420    4       1209    2927    5952    5109
CQUAD4   3421    4       2927    1455    5103    5952
CQUAD4   3422    4       5109    5952    5034    1457
CQUAD4   3423    4       5952    5103    1460    5034
CQUAD4   3424    4       1233    2918    5961    5112
CQUAD4   3425    4       2918    1209    5109    5961
CQUAD4   3426    4       5112    5961    5037    1496
CQUAD4   3427    4       5961    5109    1457    5037
CQUAD4   3428    4       1260    2909    5970    5121
CQUAD4   3429    4       2909    1233    5112    5970
CQUAD4   3430    4       5121    5970    5043    5044
CQUAD4   3431    4       5970    5112    1496    5043
CQUAD4   3432    4       1284    2900    5979    5127
CQUAD4   3433    4       2900    1260    5121    5979
CQUAD4   3434    4       5127    5979    5049    1535
CQUAD4   3435    4       5979    5121    5044    5049
CQUAD4   3436    4       1308    2891    5988    5130
CQUAD4   3437    4       2891    1284    5127    5988
CQUAD4   3438    4       5130    5988    5058    1541
CQUAD4   3439    4       5988    5127    1535    5058
CQUAD4   3440    4       1332    2882    5997    5139
CQUAD4   3441    4       2882    1308    5130    5997
CQUAD4   3442    4       5139    5997    5070    1577
CQUAD4   3443    4       5997    5130    1541    5070
CQUAD4   3444    4       936     2873    6006    1841
CQUAD4   3445    4       2873    1332    5139    6006
CQUAD4   3446    4       1841    6006    5064    1598
CQUAD4   3447    4       6006    5139    1577    5064
$ Elements and Element Properties for region : bulkhead
PSHELL   5       1       .125    1               1
$ Pset: "bulkhead" will be imported as: "pshell.5"
CQUAD4   1201    5       889     890     1696    1698
CQUAD4   1202    5       890     891     1697    1696
CQUAD4   1203    5       1696    1697    1699    1698
CQUAD4   1204    5       889     1701    1704    890
CQUAD4   1205    5       1701    1352    1705    1704
CQUAD4   1206    5       890     1704    893     891
CQUAD4   1207    5       1704    1705    894     893
CQUAD4   1208    5       891     1710    1713    893
CQUAD4   1209    5       1710    1355    1714    1713
CQUAD4   1210    5       893     1713    896     894
CQUAD4   1211    5       1713    1714    897     896
CQUAD4   1212    5       894     1719    1722    896
CQUAD4   1213    5       1719    1358    1723    1722
CQUAD4   1214    5       896     1722    899     897
CQUAD4   1215    5       1722    1723    900     899
CQUAD4   1216    5       897     1728    1731    899
CQUAD4   1217    5       1728    1361    1732    1731
CQUAD4   1218    5       899     1731    902     900
CQUAD4   1219    5       1731    1732    903     902
CQUAD4   1220    5       900     1737    1740    902
CQUAD4   1221    5       1737    1364    1741    1740
CQUAD4   1222    5       902     1740    905     903
CQUAD4   1223    5       1740    1741    906     905
CQUAD4   1224    5       903     1746    1749    905
CQUAD4   1225    5       1746    1367    1750    1749
CQUAD4   1226    5       905     1749    908     906
CQUAD4   1227    5       1749    1750    907     908
CQUAD4   1228    5       1370    1755    1758    1757
CQUAD4   1229    5       1755    912     911     1758
CQUAD4   1230    5       1757    1758    908     906
CQUAD4   1231    5       1758    911     907     908
CQUAD4   1232    5       907     1764    1766    911
CQUAD4   1233    5       1764    1765    1767    1766
CQUAD4   1234    5       1766    1767    912     911
CQUAD4   1235    5       913     914     1773    1775
CQUAD4   1236    5       914     915     1774    1773
CQUAD4   1237    5       1773    1774    1776    1775
CQUAD4   1238    5       931     1778    1780    935
CQUAD4   1239    5       1778    1779    1781    1780
CQUAD4   1240    5       1780    1781    936     935
CQUAD4   1241    5       918     917     1788    1787
CQUAD4   1242    5       917     915     914     1788
CQUAD4   1243    5       1787    1788    1791    1580
CQUAD4   1244    5       1788    914     913     1791
CQUAD4   1245    5       918     917     1797    920
CQUAD4   1246    5       917     915     1798    1797
CQUAD4   1247    5       920     1797    1800    921
CQUAD4   1248    5       1797    1798    1583    1800
CQUAD4   1249    5       1586    1803    1806    1805
CQUAD4   1250    5       1803    924     923     1806
CQUAD4   1251    5       1805    1806    920     918
CQUAD4   1252    5       1806    923     921     920
CQUAD4   1253    5       921     1812    1815    923
CQUAD4   1254    5       1812    1589    1816    1815
CQUAD4   1255    5       923     1815    926     924
CQUAD4   1256    5       1815    1816    927     926
CQUAD4   1257    5       1592    1821    1824    1823
CQUAD4   1258    5       1821    930     929     1824
CQUAD4   1259    5       1823    1824    926     924
CQUAD4   1260    5       1824    929     927     926
CQUAD4   1261    5       927     929     1833    1832
CQUAD4   1262    5       929     930     932     1833
CQUAD4   1263    5       1832    1833    1836    1595
CQUAD4   1264    5       1833    932     931     1836
CQUAD4   1265    5       936     935     1842    1841
CQUAD4   1266    5       935     931     932     1842
CQUAD4   1267    5       1841    1842    1845    1598
CQUAD4   1268    5       1842    932     930     1845
CQUAD4   1269    5       1847    1848    1850    1852
CQUAD4   1270    5       1848    1069    1070    1850
CQUAD4   1271    5       1850    1070    1071    1852
CQUAD4   1272    5       1069    1070    1857    1334
CQUAD4   1273    5       1070    1071    1073    1857
CQUAD4   1274    5       1857    1073    1074    1334
CQUAD4   1275    5       1071    1073    1864    1343
CQUAD4   1276    5       1073    1074    1076    1864
CQUAD4   1277    5       1864    1076    1077    1343
CQUAD4   1278    5       1078    1079    1871    1337
CQUAD4   1279    5       1079    1077    1076    1871
CQUAD4   1280    5       1871    1076    1074    1337
CQUAD4   1281    5       1077    1079    1878    1346
CQUAD4   1282    5       1079    1078    1082    1878
CQUAD4   1283    5       1878    1082    1083    1346
CQUAD4   1284    5       1078    1082    1885    1340
CQUAD4   1285    5       1082    1083    1085    1885
CQUAD4   1286    5       1885    1085    1086    1340
CQUAD4   1287    5       1083    1085    1892    1349
CQUAD4   1288    5       1085    1086    1088    1892
CQUAD4   1289    5       1892    1088    945     1349
CQUAD4   1290    5       1086    1088    1899    1601
CQUAD4   1291    5       1088    945     1091    1899
CQUAD4   1292    5       1899    1091    1092    1601
CQUAD4   1293    5       945     944     1906    1091
CQUAD4   1294    5       944     943     1907    1906
CQUAD4   1295    5       1906    1907    1092    1091
CQUAD4   1296    5       1093    1911    1913    1094
CQUAD4   1297    5       1911    1912    1914    1913
CQUAD4   1298    5       1913    1914    1095    1094
CQUAD4   1299    5       1093    1094    1920    1373
CQUAD4   1300    5       1094    1095    1097    1920
CQUAD4   1301    5       1920    1097    1098    1373
CQUAD4   1302    5       1095    1376    1928    1097
CQUAD4   1303    5       1376    1101    1100    1928
CQUAD4   1304    5       1928    1100    1098    1097
CQUAD4   1305    5       1104    1103    1934    1379
CQUAD4   1306    5       1103    1101    1100    1934
CQUAD4   1307    5       1934    1100    1098    1379
CQUAD4   1308    5       1104    1103    1941    1106
CQUAD4   1309    5       1103    1101    1391    1941
CQUAD4   1310    5       1941    1391    1107    1106
CQUAD4   1311    5       1104    1106    1948    1382
CQUAD4   1312    5       1106    1107    1109    1948
CQUAD4   1313    5       1948    1109    1108    1382
CQUAD4   1314    5       1108    1109    1955    1112
CQUAD4   1315    5       1109    1107    1388    1955
CQUAD4   1316    5       1955    1388    948     1112
CQUAD4   1317    5       1108    1112    1962    1385
CQUAD4   1318    5       1112    948     1115    1962
CQUAD4   1319    5       1962    1115    1116    1385
CQUAD4   1320    5       1116    1115    1969    1971
CQUAD4   1321    5       1115    948     947     1969
CQUAD4   1322    5       1969    947     946     1971
CQUAD4   1323    5       1973    1974    1976    1978
CQUAD4   1324    5       1974    1119    1118    1976
CQUAD4   1325    5       1976    1118    1117    1978
CQUAD4   1326    5       1117    1118    1983    1394
CQUAD4   1327    5       1118    1119    1121    1983
CQUAD4   1328    5       1983    1121    1122    1394
CQUAD4   1329    5       1122    1121    1990    1124
CQUAD4   1330    5       1121    1119    1397    1990
CQUAD4   1331    5       1990    1397    1125    1124
CQUAD4   1332    5       1122    1124    1997    1400
CQUAD4   1333    5       1124    1125    1127    1997
CQUAD4   1334    5       1997    1127    1128    1400
CQUAD4   1335    5       1128    1127    2004    1130
CQUAD4   1336    5       1127    1125    1406    2004
CQUAD4   1337    5       2004    1406    1131    1130
CQUAD4   1338    5       1128    1130    2011    1403
CQUAD4   1339    5       1130    1131    1133    2011
CQUAD4   1340    5       2011    1133    1134    1403
CQUAD4   1341    5       1134    1133    2018    1136
CQUAD4   1342    5       1133    1131    1409    2018
CQUAD4   1343    5       2018    1409    1137    1136
CQUAD4   1344    5       1134    1136    2025    1412
CQUAD4   1345    5       1136    1137    1139    2025
CQUAD4   1346    5       2025    1139    1140    1412
CQUAD4   1347    5       1140    1139    2032    2034
CQUAD4   1348    5       1139    1137    2033    2032
CQUAD4   1349    5       2032    2033    2035    2034
CQUAD4   1350    5       1141    2037    2039    1142
CQUAD4   1351    5       2037    2038    2040    2039
CQUAD4   1352    5       2039    2040    1143    1142
CQUAD4   1353    5       1141    1142    2046    1415
CQUAD4   1354    5       1142    1143    1145    2046
CQUAD4   1355    5       2046    1145    1146    1415
CQUAD4   1356    5       1146    1145    2053    1148
CQUAD4   1357    5       1145    1143    1418    2053
CQUAD4   1358    5       2053    1418    1149    1148
CQUAD4   1359    5       1146    1148    2060    1421
CQUAD4   1360    5       1148    1149    1151    2060
CQUAD4   1361    5       2060    1151    1150    1421
CQUAD4   1362    5       1150    1151    2067    1154
CQUAD4   1363    5       1151    1149    1604    2067
CQUAD4   1364    5       2067    1604    1155    1154
CQUAD4   1365    5       1150    1154    2074    1424
CQUAD4   1366    5       1154    1155    1157    2074
CQUAD4   1367    5       2074    1157    1158    1424
CQUAD4   1368    5       1158    1157    2081    1160
CQUAD4   1369    5       1157    1155    1433    2081
CQUAD4   1370    5       2081    1433    960     1160
CQUAD4   1371    5       1158    1160    2088    1427
CQUAD4   1372    5       1160    960     1163    2088
CQUAD4   1373    5       2088    1163    1164    1427
CQUAD4   1374    5       960     959     2095    1163
CQUAD4   1375    5       959     958     2096    2095
CQUAD4   1376    5       2095    2096    1164    1163
CQUAD4   1377    5       1165    2100    2102    1166
CQUAD4   1378    5       2100    2101    2103    2102
CQUAD4   1379    5       2102    2103    1167    1166
CQUAD4   1380    5       1165    1166    2109    1436
CQUAD4   1381    5       1166    1167    1169    2109
CQUAD4   1382    5       2109    1169    1170    1436
CQUAD4   1383    5       1170    1169    2116    1172
CQUAD4   1384    5       1169    1167    1442    2116
CQUAD4   1385    5       2116    1442    1173    1172
CQUAD4   1386    5       1170    1172    2123    1439
CQUAD4   1387    5       1172    1173    1175    2123
CQUAD4   1388    5       2123    1175    1174    1439
CQUAD4   1389    5       1174    1175    2130    1178
CQUAD4   1390    5       1175    1173    1445    2130
CQUAD4   1391    5       2130    1445    1179    1178
CQUAD4   1392    5       1174    1178    2137    1448
CQUAD4   1393    5       1178    1179    1181    2137
CQUAD4   1394    5       2137    1181    1182    1448
CQUAD4   1395    5       1182    1181    2144    1184
CQUAD4   1396    5       1181    1179    1451    2144
CQUAD4   1397    5       2144    1451    1185    1184
CQUAD4   1398    5       1182    1184    2151    1460
CQUAD4   1399    5       1184    1185    1454    2151
CQUAD4   1400    5       2151    1454    1455    1460
CQUAD4   1401    5       2155    2156    2158    2160
CQUAD4   1402    5       2156    1455    1454    2158
CQUAD4   1403    5       2158    1454    1185    2160
CQUAD4   1404    5       1209    1208    2165    2167
CQUAD4   1405    5       1208    972     971     2165
CQUAD4   1406    5       2165    971     970     2167
CQUAD4   1407    5       1203    1205    2172    1457
CQUAD4   1408    5       1205    972     1208    2172
CQUAD4   1409    5       2172    1208    1209    1457
CQUAD4   1410    5       1200    1202    2179    1472
CQUAD4   1411    5       1202    1203    1205    2179
CQUAD4   1412    5       2179    1205    972     1472
CQUAD4   1413    5       1197    1199    2186    1475
CQUAD4   1414    5       1199    1200    1202    2186
CQUAD4   1415    5       2186    1202    1203    1475
CQUAD4   1416    5       1194    1469    2194    1196
CQUAD4   1417    5       1469    1200    1199    2194
CQUAD4   1418    5       2194    1199    1197    1196
CQUAD4   1419    5       1189    1193    2200    1463
CQUAD4   1420    5       1193    1194    1196    2200
CQUAD4   1421    5       2200    1196    1197    1463
CQUAD4   1422    5       1189    1193    2207    1190
CQUAD4   1423    5       1193    1194    1466    2207
CQUAD4   1424    5       2207    1466    1188    1190
CQUAD4   1425    5       1186    1187    2214    1430
CQUAD4   1426    5       1187    1188    1190    2214
CQUAD4   1427    5       2214    1190    1189    1430
CQUAD4   1428    5       2218    2219    2221    2223
CQUAD4   1429    5       2219    1188    1187    2221
CQUAD4   1430    5       2221    1187    1186    2223
CQUAD4   1431    5       2225    2226    2228    2230
CQUAD4   1432    5       2226    1210    1211    2228
CQUAD4   1433    5       2228    1211    1212    2230
CQUAD4   1434    5       1210    1211    2235    1478
CQUAD4   1435    5       1211    1212    1214    2235
CQUAD4   1436    5       2235    1214    1213    1478
CQUAD4   1437    5       1212    1214    2242    1481
CQUAD4   1438    5       1214    1213    1217    2242
CQUAD4   1439    5       2242    1217    1218    1481
CQUAD4   1440    5       1213    1217    2249    1487
CQUAD4   1441    5       1217    1218    1220    2249
CQUAD4   1442    5       2249    1220    1221    1487
CQUAD4   1443    5       1221    1220    2256    1223
CQUAD4   1444    5       1220    1218    1484    2256
CQUAD4   1445    5       2256    1484    1224    1223
CQUAD4   1446    5       1221    1223    2263    1490
CQUAD4   1447    5       1223    1224    1226    2263
CQUAD4   1448    5       2263    1226    1225    1490
CQUAD4   1449    5       1225    1226    2270    1229
CQUAD4   1450    5       1226    1224    1493    2270
CQUAD4   1451    5       2270    1493    1230    1229
CQUAD4   1452    5       1225    1229    2277    1496
CQUAD4   1453    5       1229    1230    1232    2277
CQUAD4   1454    5       2277    1232    1233    1496
CQUAD4   1455    5       1230    2282    2284    1232
CQUAD4   1456    5       2282    2283    2285    2284
CQUAD4   1457    5       2284    2285    1233    1232
CQUAD4   1458    5       2288    2289    2291    2293
CQUAD4   1459    5       2289    1236    1235    2291
CQUAD4   1460    5       2291    1235    1234    2293
CQUAD4   1461    5       1239    1238    2298    1499
CQUAD4   1462    5       1238    1236    1235    2298
CQUAD4   1463    5       2298    1235    1234    1499
CQUAD4   1464    5       1236    1505    2306    1238
CQUAD4   1465    5       1505    1242    1241    2306
CQUAD4   1466    5       2306    1241    1239    1238
CQUAD4   1467    5       1239    1241    2312    1502
CQUAD4   1468    5       1241    1242    1244    2312
CQUAD4   1469    5       2312    1244    1243    1502
CQUAD4   1470    5       1242    1244    2319    1508
CQUAD4   1471    5       1244    1243    1247    2319
CQUAD4   1472    5       2319    1247    1248    1508
CQUAD4   1473    5       1243    1247    2326    1511
CQUAD4   1474    5       1247    1248    1250    2326
CQUAD4   1475    5       2326    1250    1251    1511
CQUAD4   1476    5       1251    1250    2333    1253
CQUAD4   1477    5       1250    1248    1514    2333
CQUAD4   1478    5       2333    1514    984     1253
CQUAD4   1479    5       982     2338    2340    983
CQUAD4   1480    5       2338    1260    1259    2340
CQUAD4   1481    5       2340    1259    984     983
CQUAD4   1482    5       1251    1517    2347    1253
CQUAD4   1483    5       1517    1260    1259    2347
CQUAD4   1484    5       2347    1259    984     1253
CQUAD4   1485    5       2351    2352    2354    2356
CQUAD4   1486    5       2352    1263    1262    2354
CQUAD4   1487    5       2354    1262    1257    2356
CQUAD4   1488    5       1257    1262    2361    1520
CQUAD4   1489    5       1262    1263    1265    2361
CQUAD4   1490    5       2361    1265    1266    1520
CQUAD4   1491    5       1266    1265    2368    1268
CQUAD4   1492    5       1265    1263    1526    2368
CQUAD4   1493    5       2368    1526    1269    1268
CQUAD4   1494    5       1266    1268    2375    1523
CQUAD4   1495    5       1268    1269    1271    2375
CQUAD4   1496    5       2375    1271    1272    1523
CQUAD4   1497    5       1272    1271    2382    1274
CQUAD4   1498    5       1271    1269    1529    2382
CQUAD4   1499    5       2382    1529    1275    1274
CQUAD4   1500    5       1272    1274    2389    1538
CQUAD4   1501    5       1274    1275    1277    2389
CQUAD4   1502    5       2389    1277    1276    1538
CQUAD4   1503    5       1276    1277    2396    1280
CQUAD4   1504    5       1277    1275    1532    2396
CQUAD4   1505    5       2396    1532    990     1280
CQUAD4   1506    5       1276    1280    2403    1535
CQUAD4   1507    5       1280    990     1283    2403
CQUAD4   1508    5       2403    1283    1284    1535
CQUAD4   1509    5       1284    1283    2410    2412
CQUAD4   1510    5       1283    990     989     2410
CQUAD4   1511    5       2410    989     988     2412
CQUAD4   1512    5       2414    2415    2417    2419
CQUAD4   1513    5       2415    1287    1286    2417
CQUAD4   1514    5       2417    1286    1285    2419
CQUAD4   1515    5       1285    1286    2424    1556
CQUAD4   1516    5       1286    1287    1289    2424
CQUAD4   1517    5       2424    1289    1290    1556
CQUAD4   1518    5       1291    1553    2432    1292
CQUAD4   1519    5       1553    1287    1289    2432
CQUAD4   1520    5       2432    1289    1290    1292
CQUAD4   1521    5       1290    1292    2438    1550
CQUAD4   1522    5       1292    1291    1295    2438
CQUAD4   1523    5       2438    1295    1296    1550
CQUAD4   1524    5       1296    1295    2445    1298
CQUAD4   1525    5       1295    1291    1547    2445
CQUAD4   1526    5       2445    1547    1299    1298
CQUAD4   1527    5       1296    1298    2452    1544
CQUAD4   1528    5       1298    1299    1301    2452
CQUAD4   1529    5       2452    1301    1302    1544
CQUAD4   1530    5       1302    1301    2459    1304
CQUAD4   1531    5       1301    1299    1607    2459
CQUAD4   1532    5       2459    1607    996     1304
CQUAD4   1533    5       1302    1304    2466    1541
CQUAD4   1534    5       1304    996     1307    2466
CQUAD4   1535    5       2466    1307    1308    1541
CQUAD4   1536    5       996     995     2473    1307
CQUAD4   1537    5       995     994     2474    2473
CQUAD4   1538    5       2473    2474    1308    1307
CQUAD4   1539    5       2477    2478    2480    2482
CQUAD4   1540    5       2478    1311    1310    2480
CQUAD4   1541    5       2480    1310    1309    2482
CQUAD4   1542    5       1309    1310    2487    1559
CQUAD4   1543    5       1310    1311    1313    2487
CQUAD4   1544    5       2487    1313    1314    1559
CQUAD4   1545    5       1315    1568    2495    1316
CQUAD4   1546    5       1568    1311    1313    2495
CQUAD4   1547    5       2495    1313    1314    1316
CQUAD4   1548    5       1315    1316    2501    1319
CQUAD4   1549    5       1316    1314    1562    2501
CQUAD4   1550    5       2501    1562    1320    1319
CQUAD4   1551    5       1315    1319    2508    1565
CQUAD4   1552    5       1319    1320    1322    2508
CQUAD4   1553    5       2508    1322    1323    1565
CQUAD4   1554    5       1326    1325    2515    1571
CQUAD4   1555    5       1325    1323    1322    2515
CQUAD4   1556    5       2515    1322    1320    1571
CQUAD4   1557    5       1326    1325    2522    1328
CQUAD4   1558    5       1325    1323    1574    2522
CQUAD4   1559    5       2522    1574    1329    1328
CQUAD4   1560    5       1326    1328    2529    1577
CQUAD4   1561    5       1328    1329    1331    2529
CQUAD4   1562    5       2529    1331    1332    1577
CQUAD4   1563    5       1332    1331    2536    2538
CQUAD4   1564    5       1331    1329    2537    2536
CQUAD4   1565    5       2536    2537    2539    2538
$ Referenced Material Records
$ Material Record : Al7xxx_v1
$ Description of Material : Date: 15-Apr-26           Time: 12:08:31
MAT1     1       1.+7            .33
$ Nodes of the Entire Model
GRID*    889                            5.346530087991-6 9.6873731613159
*       -65.999137878418
GRID*    890                            6.391534952854-62.27965068817139
*       -57.749542236328
GRID*    891                            7.436539817718-6-5.1280717849731
*       -49.499942779541
GRID*    893                            7.811998329998-6 2.7827615737915
*       -41.249786376953
GRID*    894                            8.187456842279-610.6935949325562
*       -32.999626159668
GRID*    896                            9.249431968783-6 2.8978579044342
*       -24.749917984009
GRID*    897                            1.031140618579-5-4.8978791236877
*        -16.50020980835
GRID*    899                            1.070183861884-52.67003035545349
*        -8.250226020813
GRID*    900                            1.109227196139-510.2379398345947
*       -2.42212976445-4
GRID*    902                            1.211960079672-53.23559474945068
*       8.24986553192139
GRID*    903                            1.314693054155-5-3.7667503356934
*       16.4999732971191
GRID*    905                            1.359840462101-52.40465450286865
*       24.7499389648438
GRID*    906                            1.404987960996-58.57605934143066
*       32.9999046325684
GRID*    907                            1.596297806827-5-2.1919505596161
*       49.4992065429688
GRID*    908                            1.500642883911-5 3.192054271698
*       41.2495574951172
GRID*    911                            1.650321064517-51.95197427272797
*       57.7507057189941
GRID*    912                            1.704344322206-56.09589910507202
*       66.0022048950195
GRID*    913                            255.600006103516 5.3280553817749
*       83.7004699707031
GRID*    914                            255.6000061035161.25380802154541
*       88.2377471923828
GRID*    915                            255.600006103516-2.8204393386841
*        92.775016784668
GRID*    917                            255.6000061035161.53051924705505
*       97.3126373291016
GRID*    918                            255.6000061035165.88147783279419
*       101.850250244141
GRID*    920                            255.6000061035161.59382224082947
*       106.387573242188
GRID*    921                            255.600006103516-2.6938333511353
*        110.92488861084
GRID*    923                            255.6000061035161.46851706504822
*       115.462371826172
GRID*    924                            255.6000061035165.63086748123169
*       119.999855041504
GRID*    926                            255.6000061035161.77957737445831
*       124.537414550781
GRID*    927                            255.600006103516-2.0717127323151
*       129.074981689453
GRID*    929                            255.6000061035161.32256066799164
*       133.612457275391
GRID*    930                            255.6000213623054.71683406829834
*       138.149932861328
GRID*    931                            255.600021362305-1.2055728435516
*       147.224563598633
GRID*    932                            255.6000213623051.75563061237335
*       142.687255859375
GRID*    935                            255.6000213623051.07358586788177
*       151.762878417969
GRID*    936                            255.6000213623053.35274457931519
*       156.301208496094
GRID*    943                            21.3000144958496-1.3102276325226
*       73.5313568115234
GRID*    944                            21.2999725341797-1.7073030471802
*       65.5870056152344
GRID*    945                            21.2999324798584-2.1097528934479
*       57.6429252624512
GRID*    946                            42.6000061035156-1.2591798305511
*       81.0560989379883
GRID*    947                            42.6000061035156-1.6407651901245
*       73.4212951660156
GRID*    948                            42.6000061035156-2.0275542736053
*       65.7867584228516
GRID*    958                            85.2000045776367 -1.157084107399
*       96.1056060791016
GRID*    959                            85.2000045776367-1.5077369213104
*        89.08984375
GRID*    960                            85.2000045776367-1.8631579875946
*       82.0743179321289
GRID*    970                            127.799995422363-1.0549885034561
*        111.15510559082
GRID*    971                            127.800003051758 -1.374743103981
*       104.758392333984
GRID*    972                            127.800010681152-1.6987617015839
*       98.3618850708008
GRID*    982                            170.400009155273 -.9528928399086
*       126.204612731934
GRID*    983                            170.400009155273-1.2417492866516
*       120.426940917969
GRID*    984                            170.400024414062-1.5343652963638
*       114.649452209473
GRID*    988                            191.700012207031-.90184503793716
*       133.729370117188
GRID*    989                            191.700012207031-1.1752415895462
*       128.261199951172
GRID*    990                            191.700012207031-1.4521672725677
*        122.79322052002
GRID*    994                            213.000030517578-.85079711675644
*       141.254119873047
GRID*    995                            213.000030517578-1.1087210178375
*       136.095489501953
GRID*    996                            213.000030517578-1.3699690103531
*        130.93701171875
GRID*    1069                           21.30006027221689.32409477233887
*       -53.524105072021
GRID*    1070                           21.30005073547362.19416332244873
*       -45.583896636963
GRID*    1071                           21.3000411987305-4.9357681274414
*       -37.643688201904
GRID*    1073                           21.3000297546387 2.6784086227417
*       -29.702865600586
GRID*    1074                           21.300018310546910.2925853729248
*       -21.762042999268
GRID*    1076                           21.29999542236332.78918814659119
*       -13.821764945984
GRID*    1077                           21.2999725341797-4.7142090797424
*       -5.8814868927002
GRID*    1078                           21.2999877929688 9.8540182113647
*        9.9997463226318
GRID*    1079                           21.29998016357422.56990456581116
*       2.05912971496582
GRID*    1082                           21.30002975463873.11426091194153
*       17.9405136108398
GRID*    1083                           21.3000717163086-3.6254963874817
*       25.8812789916992
GRID*    1085                           21.30003929138182.31448149681091
*       33.8218231201172
GRID*    1086                           21.30000686645518.25445938110352
*       41.7623672485352
GRID*    1088                           21.29996871948243.07235336303711
*       49.7026443481445
GRID*    1091                           21.29996681213381.87877571582794
*       65.5850143432617
GRID*    1092                           21.30000114440925.86730432510376
*        73.527099609375
GRID*    1093                           42.60000610351568.96082019805908
*       -41.049205780029
GRID*    1094                           42.60000610351562.10867691040039
*       -33.418327331543
GRID*    1095                           42.6000061035156-4.7434663772583
*       -25.787450790405
GRID*    1097                           42.60000610351562.57405471801758
*       -18.156009674072
GRID*    1098                           42.6000061035156 9.8915758132935
*       -10.524570465088
GRID*    1100                           42.60000610351562.68051886558533
*       -2.8936305046082
GRID*    1101                           42.6000099182129-4.5305380821228
*       4.73730945587158
GRID*    1103                           42.60000610351562.46977829933167
*       12.3685417175293
GRID*    1104                           42.60000610351569.47009468078613
*       19.9997730255127
GRID*    1106                           42.60000610351562.99292540550232
*       27.6311225891113
GRID*    1107                           42.6000061035156-3.4842441082001
*       35.2624702453613
GRID*    1108                           42.60000610351567.93285751342773
*       50.5248680114746
GRID*    1109                           42.60000610351562.22430658340454
*        42.893669128418
GRID*    1112                           42.6000061035156 2.9526515007019
*       58.1558151245117
GRID*    1115                           42.60000610351561.80557692050934
*       73.4193878173828
GRID*    1116                           42.60000610351565.63870811462402
*       81.0520248413086
GRID*    1117                           63.90000534057628.59754371643066
*       -28.574235916138
GRID*    1118                           63.90000152587892.02319002151489
*       -21.252735137939
GRID*    1119                           63.9000015258789-4.5511636734009
*       -13.931233406067
GRID*    1121                           63.90000152587892.46970129013062
*       -6.6091618537903
GRID*    1122                           63.90000534057629.49056625366211
*       .712909936904907
GRID*    1124                           63.90000915527342.57184934616089
*        8.0344877243042
GRID*    1125                           63.9000091552734-4.3468675613403
*       15.3560647964478
GRID*    1127                           63.90000534057622.36965227127075
*        22.677921295166
GRID*    1128                           63.90000152587899.08617210388184
*        29.99977684021
GRID*    1130                           63.90000152587892.87159061431885
*       37.3217506408691
GRID*    1131                           63.9000053405762-3.3429908752441
*       44.6437225341797
GRID*    1133                           63.90000152587892.13413214683533
*       51.9655456542969
GRID*    1134                           63.90000152587897.61125516891479
*       59.2873725891113
GRID*    1136                           63.9000053405762 2.8329496383667
*       66.6089553833008
GRID*    1137                           63.9000091552734 -1.9453561306
*       73.9305419921875
GRID*    1139                           63.90000915527341.73237764835358
*       81.2537384033203
GRID*    1140                           63.90000915527345.41011142730713
*       88.5769424438477
GRID*    1141                           85.20000457763678.23426723480225
*       -16.099271774292
GRID*    1142                           85.2000045776367 1.9377030134201
*       -9.0871162414551
GRID*    1143                           85.2000045776367-4.3588609695435
*       -2.0749597549438
GRID*    1145                           85.20000457763672.36534786224365
*       4.93771553039551
GRID*    1146                           85.20000457763679.08955669403076
*       11.9503908157349
GRID*    1148                           85.20001220703122.46317982673645
*        18.962610244751
GRID*    1149                           85.2000122070312-4.1631970405579
*       25.9748287200928
GRID*    1150                           85.20001220703128.70224952697754
*       39.9997940063477
GRID*    1151                           85.20001220703122.26952624320984
*       32.9873123168945
GRID*    1154                           85.20001220703122.75025582313538
*       47.0123825073242
GRID*    1155                           85.2000045776367-3.2017378807068
*        54.024974822998
GRID*    1157                           85.19999694824222.04395747184753
*       61.0374221801758
GRID*    1158                           85.19999694824227.28965282440186
*       68.0498733520508
GRID*    1160                           85.19999694824222.71324729919434
*       75.0620956420898
GRID*    1163                           85.19999694824221.65917885303497
*       89.0880889892578
GRID*    1164                           85.19999694824225.18151569366455
*       96.1018524169922
GRID*    1165                            106.5          7.87099075317383
*       -3.6243064403534
GRID*    1166                            106.5           1.8522162437439
*       3.07847929000854
GRID*    1167                            106.5           -4.166558265686
*        9.7812652587891
GRID*    1169                            106.5          2.26099443435669
*       16.4845695495605
GRID*    1170                            106.5          8.68854713439941
*       23.1878719329834
GRID*    1172                            106.5          2.35451030731201
*       29.8907203674316
GRID*    1173                            106.5           -3.979526758194
*       36.5935707092285
GRID*    1174                            106.5          8.31832695007324
*       49.9997940063477
GRID*    1175                            106.5          2.16939997673035
*       43.2966842651367
GRID*    1178                            106.5           2.6289210319519
*       56.7030067443848
GRID*    1179                           106.499992370605-3.0604848861694
*       63.4062194824219
GRID*    1181                            106.5          1.95378279685974
*       70.1092987060547
GRID*    1182                            106.5          6.96805047988892
*        76.812385559082
GRID*    1184                            106.5          2.59354519844055
*       83.5152435302734
GRID*    1185                           106.499992370605-1.7809599637985
*       90.2180938720703
GRID*    1186                           127.8000030517587.50771427154541
*       8.85066699981689
GRID*    1187                           127.800003051758 1.7667293548584
*       15.2440948486328
GRID*    1188                           127.800003051758-3.9742555618286
*       21.6375217437744
GRID*    1189                           127.8000030517588.28753662109375
*       34.4253540039062
GRID*    1190                           127.8000030517582.15664052963257
*        28.031436920166
GRID*    1193                           127.8000030517582.24584031105042
*        40.81884765625
GRID*    1194                           127.800003051758-3.7958559989929
*       47.2123413085938
GRID*    1196                           127.8000030517582.06927394866943
*        53.606071472168
GRID*    1197                           127.8000030517587.93440389633179
*       59.9998054504395
GRID*    1199                           127.8000030517582.50758624076843
*       66.3936462402344
GRID*    1200                           127.800003051758-2.9192314147949
*        72.787483215332
GRID*    1202                           127.8000030517581.86360836029053
*       79.1811828613281
GRID*    1203                           127.7999954223636.64644813537598
*       85.5748825073242
GRID*    1205                           127.8000030517582.47384333610535
*       91.9683837890625
GRID*    1208                           127.8000030517581.51278078556061
*       104.756790161133
GRID*    1209                           127.7999954223634.72432327270508
*        111.15168762207
GRID*    1210                           149.1000061035167.14443778991699
*       21.3256320953369
GRID*    1211                           149.100006103516 1.6812424659729
*       27.4096984863281
GRID*    1212                           149.100006103516-3.7819528579712
*        33.493766784668
GRID*    1213                           149.100006103516 7.8865270614624
*       45.6628303527832
GRID*    1214                           149.1000061035162.05228710174561
*       39.5783004760742
GRID*    1217                           149.1000061035162.13717079162598
*       51.7469673156738
GRID*    1218                           149.100006103516-3.6121854782104
*       57.8311042785645
GRID*    1220                           149.1000061035161.96914792060852
*       63.9154586791992
GRID*    1221                           149.1000061035167.55048131942749
*       69.9998092651367
GRID*    1223                           149.1000061035162.38625144958496
*       76.0842742919922
GRID*    1224                           149.100006103516-2.7779784202576
*       82.1687316894531
GRID*    1225                           149.1000061035166.32484531402588
*        94.33740234375
GRID*    1226                           149.1000061035161.77343344688416
*       88.2530670166016
GRID*    1229                           149.100006103516 2.3541407585144
*       100.421524047852
GRID*    1230                           149.099990844727-1.6165636777878
*       106.505653381348
GRID*    1232                           149.1000061035161.43958151340485
*       112.591133117676
GRID*    1233                           149.1000061035164.49572658538818
*       118.676612854004
GRID*    1234                           170.4000091552736.78116130828857
*       33.8006057739258
GRID*    1235                           170.3999938964841.59575545787811
*       39.5753059387207
GRID*    1236                           170.399993896484-3.5896503925323
*       45.3500061035156
GRID*    1238                           170.3999938964841.94793331623077
*       51.1251564025879
GRID*    1239                           170.399993896484 7.4855170249939
*       56.9003067016602
GRID*    1241                           170.3999938964842.02850079536438
*       62.6750793457031
GRID*    1242                           170.400009155273-3.4285151958466
*       68.4498519897461
GRID*    1243                           170.4000091552737.16655874252319
*       79.9998168945312
GRID*    1244                           170.4000091552731.86902177333832
*       74.2248382568359
GRID*    1247                           170.3999938964842.26491665840149
*       85.7748870849609
GRID*    1248                           170.399993896484-2.6367254257202
*       91.5499649047852
GRID*    1250                           170.3999938964841.68325877189636
*       97.3249359130859
GRID*    1251                           170.4000091552736.00324296951294
*       103.099906921387
GRID*    1253                           170.400024414062 2.2344388961792
*        108.87467956543
GRID*    1255                           191.7000122070314.86597919464111
*       46.2754974365234
GRID*    1256                           191.7000122070315.64193201065063
*       46.2755355834961
GRID*    1257                           191.7000122070316.41788482666016
*       46.2755699157715
GRID*    1259                           170.4000244140621.36638247966766
*       120.425491333008
GRID*    1260                           170.4000091552734.26713037490845
*       126.201530456543
GRID*    1262                           191.7000122070311.51026856899261
*       51.7409133911133
GRID*    1263                           191.699996948242-3.3973476886749
*       57.2062530517578
GRID*    1265                           191.7000122070311.84357941150665
*       62.6720199584961
GRID*    1266                           191.7000122070317.08450651168823
*       68.1377868652344
GRID*    1268                           191.7000122070311.91983091831207
*       73.6032028198242
GRID*    1269                           191.700012207031-3.2448446750641
*       79.0686187744141
GRID*    1271                           191.7000122070311.76889550685883
*       84.5342254638672
GRID*    1272                           191.7000122070316.78263568878174
*       89.9998321533203
GRID*    1274                           191.7000122070312.14358186721802
*       95.4655303955078
GRID*    1275                           191.700012207031-2.4954719543457
*        100.93123626709
GRID*    1276                           191.700012207031 5.681640625
*       111.862411499023
GRID*    1277                           191.7000122070311.59308433532715
*       106.396820068359
GRID*    1280                           191.7000122070312.11473655700684
*       117.327812194824
GRID*    1283                           191.7000122070311.29318344593048
*       128.259841918945
GRID*    1284                           191.7000122070314.03853416442871
*       133.726455688477
GRID*    1285                           213.0000152587896.05460834503174
*       58.7505416870117
GRID*    1286                           213.0000152587891.42478179931641
*       63.9065322875977
GRID*    1287                           213.000015258789-3.2050447463989
*       69.0625228881836
GRID*    1289                            213.           1.73922634124756
*       74.2189025878906
GRID*    1290                            213.           6.68349742889404
*       79.3752746582031
GRID*    1291                           213.000015258789-3.0611743927002
*        89.687370300293
GRID*    1292                            213.           1.81116151809692
*       84.5313262939453
GRID*    1295                           213.0000152587891.66876935958862
*       94.8436050415039
GRID*    1296                           213.0000152587896.39871311187744
*        99.999839782715
GRID*    1298                           213.0000152587892.02224707603455
*       105.156158447266
GRID*    1299                           213.000015258789-2.3542189598083
*       110.312484741211
GRID*    1301                           213.0000152587891.50290966033936
*       115.468704223633
GRID*    1302                           213.0000152587895.36003828048706
*       120.624923706055
GRID*    1304                           213.0000305175781.99503469467163
*       125.780967712402
GRID*    1307                           213.0000305175781.21998429298401
*       136.094192504883
GRID*    1308                           213.0000305175783.80993747711182
*       141.251373291016
GRID*    1309                           234.3000183105475.69133186340332
*       71.2255096435547
GRID*    1310                           234.3000183105471.33929491043091
*       76.0721435546875
GRID*    1311                           234.300018310547-3.0127420425415
*       80.9187698364258
GRID*    1313                           234.3000183105471.63487267494202
*       85.7657623291016
GRID*    1314                           234.3000183105476.28248739242554
*       90.6127624511719
GRID*    1315                           234.300033569336-2.8775036334991
*       100.306144714355
GRID*    1316                           234.300018310547 1.7024918794632
*       95.4594573974609
GRID*    1319                           234.300018310547 1.568643450737
*       105.152992248535
GRID*    1320                           234.3000183105476.01479053497314
*       109.999839782715
GRID*    1322                           234.3000183105471.90091240406036
*       114.846786499023
GRID*    1323                           234.300018310547-2.2129657268524
*       119.693740844727
GRID*    1325                            234.300292968751.41272699832916
*       124.540809631348
GRID*    1326                           234.3005676269535.03841972351074
*       129.387878417969
GRID*    1328                            234.300292968751.87532448768616
*       134.234344482422
GRID*    1329                           234.300018310547-1.2877708673477
*       139.080795288086
GRID*    1331                           234.3000183105471.14678537845612
*       143.928527832031
GRID*    1332                           234.3000183105473.58134150505066
*       148.776275634766
GRID*    1334                           21.3000946044922 9.9607601165771
*       -37.647750854492
GRID*    1337                           21.3000373840332 10.25514793396
*       -5.8787541389465
GRID*    1340                           21.30000686645519.16967868804932
*       25.8869113922119
GRID*    1343                           21.3000030517578-4.9427380561829
*       -21.761636734009
GRID*    1346                           21.3000106811523-4.2484502792358
*       10.0026149749756
GRID*    1349                           21.3000831604004-2.8998296260834
*        41.763599395752
GRID*    1352                           6.759652933397-610.3488483428955
*       -49.504165649414
GRID*    1355                           8.879404049367-6-5.1353125572205
*       -32.999126434326
GRID*    1358                           9.631826287659-610.6547002792358
*       -16.497409820557
GRID*    1361                           1.173298551294-5-4.4139747619629
*       .002703996840864
GRID*    1364                           1.256635277969-5 9.5269432067871
*       16.5057716369629
GRID*    1367                           1.455655637983-5-3.0128059387207
*       33.0011787414551
GRID*    1370                           1.554367918288-5 7.4162483215332
*       49.5070762634277
GRID*    1373                           42.6000061035156 9.5726833343506
*       -25.791385650635
GRID*    1376                           42.6000061035156-4.7501640319824
*       -10.524170875549
GRID*    1379                           42.6000061035156 9.8555965423584
*       4.73989868164062
GRID*    1382                           42.60000610351568.81241893768311
*       35.2679481506348
GRID*    1385                           42.60000610351566.86003112792969
*       65.7940368652344
GRID*    1388                           42.6000061035156-2.7868461608887
*       50.5260810852051
GRID*    1391                           42.6000061035156-4.0829272270203
*       20.0024852752686
GRID*    1394                           63.90000534057629.18460178375244
*       -13.934977531433
GRID*    1397                           63.9000091552734-4.5575895309448
*       .713294267654419
GRID*    1400                           63.90000534057629.45604705810547
*       15.3585338592529
GRID*    1403                           63.90000152587898.45515918731689
*       44.6489753723145
GRID*    1406                           63.9000053405762-3.9174029827118
*       30.0023899078369
GRID*    1409                           63.9000053405762-2.6738657951355
*       59.2885398864746
GRID*    1412                           63.89999389648446.58192110061646
*       73.9375228881836
GRID*    1415                           85.2000045776367 8.7965202331543
*       -2.0785722732544
GRID*    1418                           85.2000045776367-4.3650155067444
*       11.9507598876953
GRID*    1421                           85.20000457763679.05649566650391
*       25.9771919250488
GRID*    1424                           85.20000457763678.09789848327637
*       54.0300140380859
GRID*    1427                           85.2000122070312 6.3038125038147
*       82.0810012817383
GRID*    1430                           127.8000030517588.02035522460938
*       21.6341743469238
GRID*    1433                           85.2000045776367-2.5608854293823
*       68.0509948730469
GRID*    1436                            106.5          8.40843677520752
*        9.7777585983276
GRID*    1439                            106.5          8.65694427490234
*       36.5958442687988
GRID*    1442                            106.5          -4.1724410057068
*       23.1882171630859
GRID*    1445                            106.5          -3.5863547325134
*       50.0021934509277
GRID*    1448                           106.5000076293957.74063777923584
*       63.4110374450684
GRID*    1451                            106.5          -2.4479055404663
*       76.8134460449219
GRID*    1454                            106.5           1.5859797000885
*       96.9224319458008
GRID*    1455                            106.5          4.95291948318481
*       103.626770019531
GRID*    1457                           127.8000106811525.74759292602539
*       98.3679809570312
GRID*    1460                            106.5          6.02570199966431
*        90.224494934082
GRID*    1463                           127.800003051758 8.2573938369751
*       47.2144203186035
GRID*    1466                           127.800003051758-3.9798669815063
*       34.4256858825684
GRID*    1469                           127.800003051758 -3.420830488205
*       60.0020866394043
GRID*    1472                           127.799995422363-2.3349242210388
*       85.5759048461914
GRID*    1475                           127.8000030517587.38337707519531
*       72.7920608520508
GRID*    1478                           149.1000061035167.63227415084839
*       33.4905815124512
GRID*    1481                           149.100006103516-3.7872927188873
*        45.663158416748
GRID*    1484                           149.100006103516-3.2553071975708
*       70.0019683837891
GRID*    1487                           149.1000061035167.85784244537354
*       57.8330764770508
GRID*    1490                           149.1000061035167.02611541748047
*        82.173095703125
GRID*    1493                           149.100006103516-2.2219440937042
*       94.3383636474609
GRID*    1496                           149.1000061035165.46948289871216
*        106.51146697998
GRID*    1499                           170.3999938964847.24419116973877
*       45.3469848632812
GRID*    1502                           170.3999938964847.45829057693481
*       68.4517364501953
GRID*    1505                           170.399993896484-3.5947184562683
*       56.9006195068359
GRID*    1508                           170.400009155273-3.0897834300995
*       80.0018539428711
GRID*    1511                           170.4000244140626.66885471343994
*       91.5541305541992
GRID*    1514                           170.399993896484-2.1089634895325
*        103.10082244873
GRID*    1517                           170.4000244140625.96202945709229
*       103.735404968262
GRID*    1520                           191.7000122070316.85611629486084
*       57.2035522460938
GRID*    1523                           191.7000122070317.05873918533325
*       79.0703964233398
GRID*    1526                           191.700012207031-3.4021441936493
*       68.1380920410156
GRID*    1529                           191.700012207031-2.9242589473724
*       90.0017623901367
GRID*    1532                           191.700012207031-1.9959839582443
*       111.863273620605
GRID*    1535                           191.7000122070314.91326522827148
*       122.798416137695
GRID*    1538                           191.7000122070316.31159448623657
*       100.935157775879
GRID*    1541                           213.0000305175784.63515663146973
*        130.94189453125
GRID*    1544                           213.0000305175785.95433473587036
*       110.316177368164
GRID*    1547                           213.000015258789 -2.758734703064
*       100.001663208008
GRID*    1550                            213.           6.65918827056885
*       89.6890563964844
GRID*    1553                           213.000015258789-3.2095699310303
*       79.3755493164062
GRID*    1556                           213.0000305175786.46803283691406
*       69.0599517822266
GRID*    1559                           234.3000183105476.07995128631592
*       80.9163589477539
GRID*    1562                           234.3000183105476.25963687896729
*       100.307708740234
GRID*    1565                           234.300018310547-2.5932099819183
*       110.001586914062
GRID*    1568                           234.300018310547-3.0169956684113
*        90.613037109375
GRID*    1571                           234.3000183105475.59706926345825
*       119.697364807129
GRID*    1574                           234.300018310547-1.7700247764587
*       129.388168334961
GRID*    1577                           234.3000335693364.35704851150513
*       139.085388183594
GRID*    1580                           255.6000061035165.69186925888062
*       92.7727813720703
GRID*    1583                           255.600006103516-2.8244214057922
*       101.850509643555
GRID*    1586                           255.6000061035165.86008596420288
*       110.926376342773
GRID*    1589                           255.600006103516-2.4276866912842
*        120.00146484375
GRID*    1592                           255.600006103516 5.2398157119751
*       129.078231811523
GRID*    1595                           255.600021362305-1.6570434570312
*       138.150650024414
GRID*    1598                           255.6000213623054.07893800735474
*       147.228881835938
GRID*    1601                           21.30001449584967.13814067840576
*       57.6505508422852
GRID*    1604                           85.1999969482422-3.7518799304962
*       40.0022392272949
GRID*    1607                           213.000015258789 -1.883003115654
*        120.62574005127
GRID*    1696                           6.256825599849-6 -.138870626688
*       -60.499698638916
GRID*    1697                           6.712459708069-6-5.0633230209351
*       -57.750080108643
GRID*    1698                           5.666484867106-62.36706137657166
*       -65.999435424805
GRID*    1699                           5.986440100969-6-4.9532504081726
*       -65.999740600586
GRID*    1701                           6.051357559045-610.0614566802979
*       -57.749816894531
GRID*    1704                           6.930856216059-66.44012546539307
*       -49.500190734863
GRID*    1705                           7.472216566384-610.5573606491089
*       -41.249134063721
GRID*    1710                           8.158754098986-6-5.1504998207092
*       -41.249988555908
GRID*    1713                            8.70501389727-6-1.1468387842178
*       -32.999675750732
GRID*    1714                           9.597211828805-6-5.0576333999634
*       -24.749519348145
GRID*    1719                           8.906980838219-610.7324142456055
*       -24.749820709229
GRID*    1722                           9.803605280467-66.72066831588745
*       -16.499500274658
GRID*    1723                           1.036032062984-510.4852466583252
*       -8.2491312026978
GRID*    1728                            1.1023073057-5 -4.6787872314453
*       -8.2501373291016
GRID*    1731                           1.157173028332-5-.72995805740356
*       1.729638461256-4
GRID*    1732                           1.244056238647-5-4.1071591377258
*       8.24985694885254
GRID*    1737                           1.182749929285-5 9.9156112670898
*       8.24861145019531
GRID*    1740                           1.271241035283-56.17425632476807
*       16.5001430511475
GRID*    1741                           1.330653776677-59.08002853393555
*       24.7490520477295
GRID*    1746                           1.385177802149-5-3.4007112979889
*       24.7455005645752
GRID*    1749                           1.442923621653-5-.10715026408434
*       32.9976348876953
GRID*    1750                           1.525954758108-5-2.6082954406738
*       41.2447204589844
GRID*    1755                           1.629239523027-56.77494525909424
*       57.7507247924805
GRID*    1757                           1.479565071349-58.01948547363281
*       41.2522392272949
GRID*    1758                            1.56489732035-54.99506092071533
*       49.5009002685547
GRID*    1764                           1.666601565375-5-1.7739332914352
*       57.7500228881836
GRID*    1765                           1.736979174893-5 -1.361275434494
*       66.0065994262695
GRID*    1766                           1.679186061665-5 .84886634349823
*        60.500919342041
GRID*    1767                            1.72066174855-52.36731195449829
*       66.0044021606445
GRID*    1773                           255.600006103516-.07637876272202
*       86.7251663208008
GRID*    1774                           255.600006103516 -2.784827709198
*       88.2374572753906
GRID*    1775                           255.6000061035161.30188381671906
*        83.700309753418
GRID*    1776                           255.600006103516-2.7242877483368
*       83.7001419067383
GRID*    1778                           255.600006103516-.97566330432892
*       151.762512207031
GRID*    1779                           255.600006103516-.74870145320892
*       156.303619384766
GRID*    1780                           255.600021362305.466876477003098
*       153.275512695312
GRID*    1781                           255.6000061035161.30202162265778
*        156.30241394043
GRID*    1787                           255.6000061035165.80654811859131
*       97.3129806518555
GRID*    1788                           255.6000061035163.54206919670105
*       92.7748947143555
GRID*    1791                           255.6000061035165.53380107879639
*       88.2376022338867
GRID*    1797                           255.600006103516-.63076227903366
*       101.850189208984
GRID*    1798                           255.600006103516-2.8327748775482
*        97.3125
GRID*    1800                           255.600021362305-2.7816984653473
*       106.387763977051
GRID*    1803                           255.6000213623055.76688575744629
*       115.462982177734
GRID*    1805                           255.6000061035165.90282821655273
*       106.387641906738
GRID*    1806                           255.6000061035163.69637155532837
*        110.92529296875
GRID*    1812                           255.600021362305-2.5733330249786
*       115.462425231934
GRID*    1815                           255.600006103516-.40147683024406
*       120.000091552734
GRID*    1816                           255.600021362305-2.2589373588562
*       124.537422180176
GRID*    1821                           255.6000213623054.99401569366455
*        133.61198425293
GRID*    1823                           255.6000213623055.45358657836914
*       124.536727905273
GRID*    1824                           255.6000061035163.39584016799927
*       129.075073242188
GRID*    1832                           255.600006103516-1.8703911304474
*        133.61003112793
GRID*    1833                           255.600021362305-.05893228575587
*       138.148696899414
GRID*    1836                           255.600006103516-1.4345625638962
*       142.684600830078
GRID*    1841                           255.6000061035163.72622013092041
*       151.762893676758
GRID*    1842                           255.600021362305 2.7472836971283
*       147.225494384766
GRID*    1845                           255.6000061035164.41071701049805
*       142.688735961914
GRID*    1847                           21.2999649047852-4.7675046920776
*       -53.524791717529
GRID*    1848                            21.3000125885012.27829504013062
*       -53.524448394775
GRID*    1850                            21.30002784729 -.13372448086739
*       -48.230937957764
GRID*    1852                           21.3000030517578-4.8736324310303
*        -45.58447265625
GRID*    1857                           21.30006027221684.94443368911743
*        -37.64485168457
GRID*    1864                           21.3000106811523.174962729215622
*       -21.762094497681
GRID*    1871                           21.30000495910645.20472526550293
*       -5.8804268836975
GRID*    1878                           21.3000087738037.478573650121689
*       10.0007572174072
GRID*    1885                           21.30002593994144.86613464355469
*       25.8830718994141
GRID*    1892                            21.30002784729 .829001903533936
*       41.7626762390137
GRID*    1899                           21.29998397827154.02975368499756
*       57.6460609436035
GRID*    1906                           21.2999877929688.817113935947418
*       68.2337341308594
GRID*    1907                           21.30001068115232.27853775024414
*       73.5292358398438
GRID*    1911                           42.60000610351562.18953156471252
*       -41.049480438232
GRID*    1912                           42.6000061035156 -4.581757068634
*       -41.049755096436
GRID*    1913                           42.6000061035156-.12856708467007
*       -35.962223052979
GRID*    1914                           42.6000061035156-4.6839098930359
*       -33.418842315674
GRID*    1920                           42.60000610351564.75179481506348
*       -25.788585662842
GRID*    1928                           42.6000061035156.168146371841431
*       -10.524613380432
GRID*    1934                           42.60000610351565.00194406509399
*       4.73830556869507
GRID*    1941                           42.6000061035156.459925651550293
*       20.0007190704346
GRID*    1948                           42.60000610351564.67654466629028
*        35.264232635498
GRID*    1955                           42.6000061035156.796703815460205
*       50.5251884460449
GRID*    1962                           42.6000061035156 3.8727502822876
*       65.7897338867188
GRID*    1969                           42.6000061035156.785821676254272
*       75.9648742675781
GRID*    1971                           42.60000610351562.18976354598999
*       81.0540618896484
GRID*    1973                           63.9000053405762-4.3960089683533
*       -28.574823379517
GRID*    1974                           63.9000053405762-4.4940457344055
*       -21.253244400024
GRID*    1976                           63.9000053405762-.12336247414351
*       -23.693502426147
GRID*    1978                           63.9000053405762 2.1007673740387
*       -28.574529647827
GRID*    1983                           63.90000534057624.55915498733521
*        -13.93230342865
GRID*    1990                           63.9000091552734.161321103572845
*       .712878942489624
GRID*    1997                           63.90000534057624.79917287826538
*       15.3569602966309
GRID*    2004                           63.9000053405762.441280007362366
*       30.0006923675537
GRID*    2011                           63.9000053405762 4.4869556427002
*       44.6454124450684
GRID*    2018                           63.9000053405762.764405012130737
*       59.2876777648926
GRID*    2025                           63.90000152587893.71574664115906
*       73.9333953857422
GRID*    2032                           63.9000053405762.753966212272644
*       83.6960220336914
GRID*    2033                           63.9000053405762-1.5742446184158
*       81.2555694580078
GRID*    2034                           63.90000152587892.10098934173584
*       88.5789031982422
GRID*    2035                           63.9000015258789-1.2081320285797
*       88.5808486938477
GRID*    2037                           85.20000457763672.01200199127197
*        -16.09952545166
GRID*    2038                           85.2000045776367-4.2102632522583
*        -16.09977722168
GRID*    2039                           85.2000045776367-.11812424659729
*       -11.424750328064
GRID*    2040                           85.2000045776367-4.3040776252747
*       -9.0875864028931
GRID*    2046                           85.20000457763674.36651420593262
*       -2.0760016441345
GRID*    2053                           85.2000045776367.154504477977753
*       11.9503622055054
GRID*    2060                           85.20000457763674.59639072418213
*       25.9756889343262
GRID*    2067                           85.2000045776367.422634363174438
*       40.0006484985352
GRID*    2074                           85.20000457763674.29736518859863
*       54.0265922546387
GRID*    2081                           85.2000045776367.732106685638428
*       68.0501708984375
GRID*    2088                           85.2000045776367 3.5587432384491
*       82.0770492553711
GRID*    2095                           85.2000045776367.721612870693207
*       91.4272079467773
GRID*    2096                           85.20000457763672.01221513748169
*       96.1037368774414
GRID*    2100                            106.5          1.92323732376099
*       -3.6245491504669
GRID*    2101                            106.5          -4.0245161056519
*       -3.6247918605804
GRID*    2102                            106.5          -.11286167055368
*       .843986928462982
GRID*    2103                            106.5          -4.1140384674072
*       3.07804107666016
GRID*    2109                            106.5          4.17387437820435
*        9.7802619934082
GRID*    2116                            106.5          .147688686847687
*       23.1878395080566
GRID*    2123                            106.5          4.39360952377319
*       36.5944023132324
GRID*    2130                            106.5          .403988987207413
*       50.0006294250488
GRID*    2137                            106.5          4.10777521133423
*        63.407772064209
GRID*    2144                            106.5          .699807584285736
*       76.8126602172852
GRID*    2151                            106.5          3.40173959732056
*       90.2207183837891
GRID*    2155                            106.5          -1.1060363054276
*       103.630355834961
GRID*    2156                            106.5          1.92344164848328
*       103.628562927246
GRID*    2158                            106.5          .689523220062256
*       99.1583633422852
GRID*    2160                            106.5          -1.4412379264832
*       96.9241104125977
GRID*    2165                           127.800003051758.658357441425323
*       106.889488220215
GRID*    2167                           127.8000030517581.83466672897339
*        111.15340423584
GRID*    2172                           127.8000106811523.24473690986633
*        98.364372253418
GRID*    2179                           127.799995422363.665491580963135
*       85.5752563476562
GRID*    2186                           127.8000030517583.91818618774414
*       72.7889556884766
GRID*    2194                           127.800003051758.385344922542572
*       60.0006065368652
GRID*    2200                           127.800003051758 4.1908278465271
*       47.2130966186523
GRID*    2207                           127.800003051758.140871524810791
*       34.4253234863281
GRID*    2214                           127.8000030517583.98123383522034
*       21.6365642547607
GRID*    2218                           127.800003051758-3.8387684822083
*       8.85015296936035
GRID*    2219                           127.800003051758-3.9239633083344
*       15.2436532974243
GRID*    2221                           127.800003051758-.10953152179718
*       13.1127042770386
GRID*    2223                           127.8000030517581.83447289466858
*       8.85041046142578
GRID*    2225                           149.100006103516-3.6530222892761
*       21.3251895904541
GRID*    2226                           149.1000061035161.74570775032043
*       21.3254108428955
GRID*    2228                           149.100006103516-.10414047539234
*       25.3814544677734
GRID*    2230                           149.100006103516-3.7338893413544
*       27.4093055725098
GRID*    2235                           149.1000061035163.78859353065491
*        33.492847442627
GRID*    2242                           149.100006103516.134062379598618
*       45.6627998352051
GRID*    2249                           149.1000061035163.98804616928101
*       57.8318214416504
GRID*    2256                           149.100006103516.366697251796722
*       70.0005722045898
GRID*    2263                           149.1000061035163.72859597206116
*       82.1701354980469
GRID*    2270                           149.100006103516 .63521021604538
*       94.3376541137695
GRID*    2277                           149.1000061035163.08773303031921
*       106.508026123047
GRID*    2282                           149.100006103516-1.3082484006882
*       112.592658996582
GRID*    2283                           149.100006103516-1.0039407014847
*       118.679862976074
GRID*    2284                           149.100006103516.626072943210602
*       114.620666503906
GRID*    2285                           149.1000061035161.74589252471924
*       118.678245544434
GRID*    2288                           170.400009155273-3.4672746658325
*       33.8001403808594
GRID*    2289                           170.400009155273-3.5438497066498
*       39.5749092102051
GRID*    2291                           170.400009155273-.09876479953527
*       37.6501846313477
GRID*    2293                           170.4000091552731.65694332122803
*       33.8003730773926
GRID*    2298                           170.3999938964843.59595203399658
*       45.3491554260254
GRID*    2306                           170.399993896484.127245277166367
*       56.9002723693848
GRID*    2312                           170.4000091552733.78526401519775
*       68.4505462646484
GRID*    2319                           170.400009155273.348053127527237
*       80.0005264282227
GRID*    2326                           170.4000091552733.53900623321533
*       91.5513153076172
GRID*    2333                           170.399993896484.602911591529846
*       103.100151062012
GRID*    2338                           170.4000091552731.65711879730225
*       126.203071594238
GRID*    2340                           170.400009155273.594024360179901
*       122.351821899414
GRID*    2347                           170.4000244140623.18758487701416
*       111.011688232422
GRID*    2351                           191.700012207031-3.2815277576447
*       46.2751274108887
GRID*    2352                           191.700012207031-3.3538808822632
*        51.740535736084
GRID*    2354                           191.700012207031-.09342051297426
*       49.9189186096191
GRID*    2356                           191.7000122070311.56817853450775
*       46.2753486633301
GRID*    2361                           191.700012207031 3.4033145904541
*       57.2054862976074
GRID*    2368                           191.700012207031 .12042224407196
*       68.1377792358398
GRID*    2375                           191.7000122070313.58248209953308
*       79.0692672729492
GRID*    2382                           191.700012207031.329406589269638
*       90.0005111694336
GRID*    2389                           191.7000122070313.34941673278809
*       100.932487487793
GRID*    2396                           191.700012207031.570612490177155
*       111.862640380859
GRID*    2403                           191.7000122070312.77372622489929
*       122.795341491699
GRID*    2410                           191.700012207031.562748610973358
*       130.082962036133
GRID*    2412                           191.7000122070311.56834411621094
*       133.727905273438
GRID*    2414                           213.000015258789-3.0957808494568
*        58.750129699707
GRID*    2415                           213.000015258789-3.1640174388885
*       63.9061813354492
GRID*    2417                           213.000015258789 -.0881230905652
*        62.187671661377
GRID*    2419                           213.0000152587891.47941374778748
*       58.7503356933594
GRID*    2424                           213.0000152587893.21067428588867
*       69.0617904663086
GRID*    2432                           213.000015258789.113607779145241
*       79.3752670288086
GRID*    2438                           213.0000152587893.37970066070557
*       89.6879806518555
GRID*    2445                           213.000015258789.310760766267776
*       100.000465393066
GRID*    2452                           213.0000152587893.15982675552368
*       110.313659667969
GRID*    2459                           213.000015258789.538313925266266
*       120.625129699707
GRID*    2466                           213.0000305175782.61672329902649
*       130.939010620117
GRID*    2473                           213.000030517578.530552446842194
*        137.81413269043
GRID*    2474                           213.0000305175781.47956991195679
*        141.25276184082
GRID*    2477                           234.300018310547-2.9100341796875
*       71.2251205444336
GRID*    2478                           234.300018310547-2.9742949008942
*       76.0718154907227
GRID*    2480                           234.300018310547 -.0828879326582
*        74.456413269043
GRID*    2482                           234.3000183105471.39064884185791
*       71.2253189086914
GRID*    2487                           234.3000183105473.01803374290466
*       80.9180755615234
GRID*    2495                           234.300018310547.106791280210018
*       90.6127548217773
GRID*    2501                           234.3000183105473.17692303657532
*        100.30672454834
GRID*    2508                           234.300018310547.292116552591324
*       110.000457763672
GRID*    2515                           234.300109863281 2.9702308177948
*        119.69499206543
GRID*    2522                           234.300201416016.506008863449097
*       129.387756347656
GRID*    2529                           234.3000488281252.45972037315369
*       139.082672119141
GRID*    2536                           234.300018310547.499049723148346
*       145.545257568359
GRID*    2537                           234.300018310547-1.0421832799911
*       143.929748535156
GRID*    2538                           234.3000183105471.39079570770264
*       148.777587890625
GRID*    2539                           234.300018310547-.79974937438965
*       148.778869628906
GRID*    2718                           95.8499984741211-1.1315602064133
*        99.867980957031
GRID*    2727                           74.5499954223633 -1.182608127594
*       92.3432312011719
GRID*    2739                           53.2499961853027-1.2336559295654
*        84.818473815918
GRID*    2748                           10.6500215530396-1.3357515335083
*       69.7689743041992
GRID*    2757                           31.9500102996826-1.2847037315369
*       77.2937240600586
GRID*    2765                           10.6500301361084-4.8603758811951
*        -59.76229095459
GRID*    2766                           10.65003013610842.32267928123474
*       -59.761966705322
GRID*    2767                           10.6500291824341 9.5057344436646
*       -59.761638641357
GRID*    2774                           31.9499778747559-4.6746296882629
*       -47.287330627441
GRID*    2775                           31.94997787475592.23391485214233
*       -47.287017822266
GRID*    2776                           31.94997596740729.14245891571045
*       -47.286701202393
GRID*    2783                           53.2500038146973-4.4888825416565
*       -34.812320709229
GRID*    2784                           53.25000381469732.14514970779419
*       -34.812019348145
GRID*    2785                           53.25000381469738.77918243408203
*       -34.811717987061
GRID*    2792                           74.5500030517578 -4.30313539505
*       -22.337329864502
GRID*    2793                           74.5500030517578 2.0563850402832
*        -22.33703994751
GRID*    2794                           74.55000305175788.41590595245361
*       -22.336751937866
GRID*    2801                           95.8499984741211-4.1173887252808
*        -9.86233997345
GRID*    2802                           95.84999847412111.96762025356293
*        -9.862063407898
GRID*    2803                           95.8499984741211 8.0526294708252
*        -9.861787796021
GRID*    2810                           117.150001525879-3.9316418170929
*        2.6126537322998
GRID*    2811                           117.1500015258791.87885534763336
*       2.61291742324829
GRID*    2812                           117.1500015258797.68935251235962
*       2.61318111419678
GRID*    2819                           138.450012207031-3.7458951473236
*       15.0876474380493
GRID*    2820                           138.4500122070311.79009056091309
*       15.0878982543945
GRID*    2821                           138.450012207031 7.3260760307312
*       15.0881500244141
GRID*    2828                           159.750015258789-3.5601482391357
*       27.5626411437988
GRID*    2829                           159.7500152587891.70132577419281
*       27.5628795623779
GRID*    2830                           159.7500152587896.96279954910278
*        27.563117980957
GRID*    2837                           181.050018310547-3.3744013309479
*       40.0376358032227
GRID*    2838                           181.0500183105471.61256086826324
*       40.0378608703613
GRID*    2839                           181.0500183105476.59952306747437
*       40.0380897521973
GRID*    2846                           202.350021362305 -3.18865442276
*       52.5126266479492
GRID*    2847                           202.3500213623051.52379608154297
*       52.5128440856934
GRID*    2848                           202.3500213623056.23624658584595
*       52.5130577087402
GRID*    2855                           223.650024414062-3.0029075145721
*       64.9876251220703
GRID*    2856                           223.6500244140621.43503129482269
*       64.9878234863281
GRID*    2857                           223.6500244140625.87297010421753
*       64.9880294799805
GRID*    2864                           244.950012207031-2.8171606063843
*       77.4626159667969
GRID*    2865                            244.950027465821.34626638889313
*       77.4628067016602
GRID*    2866                            244.950027465825.50969314575195
*        77.463005065918
GRID*    2873                           244.9500122070313.46704268455505
*       152.538757324219
GRID*    2874                           244.9500122070311.34640872478485
*       152.540008544922
GRID*    2875                           244.950012207031-.77422541379929
*       152.541244506836
GRID*    2882                           223.6500091552733.69563889503479
*        145.01383972168
GRID*    2883                           223.6500091552731.43518280982971
*       145.015167236328
GRID*    2884                           223.650009155273-.82527327537537
*       145.016494750977
GRID*    2891                           202.3500213623053.92423510551453
*       137.488922119141
GRID*    2892                           202.3500213623051.52395701408386
*       137.490341186523
GRID*    2893                           202.350021362305 -.8763210773468
*       137.491744995117
GRID*    2900                           181.0500183105474.15283155441284
*       129.964004516602
GRID*    2901                           181.0500183105471.61273121833801
*        129.96549987793
GRID*    2902                           181.050018310547-.92736893892288
*       129.966995239258
GRID*    2909                           159.7500152587894.38142776489258
*       122.439079284668
GRID*    2910                           159.7500152587891.70150542259216
*       122.440658569336
GRID*    2911                           159.750015258789-.97841674089432
*       122.442237854004
GRID*    2918                           138.4500122070314.61002397537231
*       114.914161682129
GRID*    2919                           138.4500122070311.79027962684631
*       114.915824890137
GRID*    2920                           138.450012207031-1.0294646024704
*       114.917488098145
GRID*    2927                           117.1500015258794.83862018585205
*        107.38924407959
GRID*    2928                           117.1500015258791.87905383110046
*       107.390991210938
GRID*    2929                           117.150001525879-1.0805124044418
*       107.392730712891
GRID*    2936                           95.84999847412115.06721639633179
*        99.864326477051
GRID*    2937                           95.84999847412111.96782803535461
*        99.866149902344
GRID*    2945                           74.55000305175785.29581260681152
*       92.3394088745117
GRID*    2946                           74.55000305175782.05660223960876
*       92.3413162231445
GRID*    2954                           53.25000381469735.52440881729126
*       84.8144912719727
GRID*    2955                           53.25000381469732.14537644386292
*       84.8164825439453
GRID*    2963                            10.6500139236455.98160123825073
*       69.7646636962891
GRID*    2964                            10.6500139236452.32292485237122
*       69.7668151855469
GRID*    2972                           31.9500064849854 5.753005027771
*       77.2895812988281
GRID*    2973                            31.9500083923342.23415064811707
*       77.2916488647461
GRID*    2978                           21.1556186676025-2.1103096008301
*        57.587776184082
GRID*    2979                           10.5778169631958-2.1511301994324
*       53.5434913635254
GRID*    2984                           21.1914482116699-1.3104877471924
*       73.4929962158203
GRID*    2988                           21.1728324890137-1.7077686786652
*       65.5375823974609
GRID*    2990                           42.4957084655762-1.2594298124313
*       81.0192565917969
GRID*    2991                           42.4776153564453-1.6412130594254
*       73.3737030029297
GRID*    2992                           42.4612274169922 -2.028089761734
*       65.7337036132812
GRID*    2994                            31.808422088623-2.0691998004913
*       61.6607398986816
GRID*    2997                            31.843578338623-1.2849588394165
*       77.2561264038086
GRID*    3000                           53.1806144714355-1.9867224693298
*       69.8321304321289
GRID*    3009                            85.088005065918-1.5081465244293
*       89.0462875366211
GRID*    3010                           85.0724716186523-1.8636492490768
*       82.0255813598633
GRID*    3012                           74.4862365722656-1.9045020341873
*       77.9780731201172
GRID*    3018                           95.7862319946289-1.8222947120667
*       86.1220321655273
GRID*    3026                           127.683746337891-1.6991945505142
*        98.317741394043
GRID*    3027                           117.091873168945-1.7400676012039
*       94.2681121826172
GRID*    3033                           127.697906494141-1.3751100301743
*       104.718856811523
GRID*    3039                           138.391876220703-1.6578660011292
*       102.411956787109
GRID*    3044                           170.295028686523-1.5347509384155
*       114.609687805176
GRID*    3045                           159.697509765625-1.5756443738937
*       110.557929992676
GRID*    3057                           180.947845458984-1.4936438798904
*       118.682601928711
GRID*    3063                           202.253479003906-1.4114294052124
*       126.828430175781
GRID*    3078                            244.95002746582-1.2466719150543
*       143.152679443359
GRID*    3087                           223.559127807617-1.3292143344879
*       134.974273681641
GRID*    3096                           21.3000087738037-2.5103487968445
*       49.6980972290039
GRID*    3099                           10.6500177383423-2.9568526744843
*       37.3712501525879
GRID*    3102                           42.6000061035156-2.4125816822052
*       58.1514167785645
GRID*    3105                           31.9500064849854-2.8438520431519
*       46.1341247558594
GRID*    3108                           31.9499588012695-2.0686535835266
*       61.7148551940918
GRID*    3111                           63.9000053405762-2.3147802352905
*        66.604736328125
GRID*    3114                           53.2499923706055-2.7308514118195
*       54.8970031738281
GRID*    3123                           85.2000045776367-2.2169535160065
*       75.0580520629883
GRID*    3126                           74.5500030517578-2.6178505420685
*       63.6598892211914
GRID*    3129                           106.499992370605-2.1191098690033
*       83.5113754272461
GRID*    3132                           95.8499984741211-2.5048499107361
*       72.4227676391602
GRID*    3141                           127.800003051758-2.0212574005127
*       91.9646911621094
GRID*    3144                           117.149993896484-2.3918490409851
*       81.1856460571289
GRID*    3147                           149.099990844727 -1.92340528965
*       100.418014526367
GRID*    3150                           138.450012207031-2.2788484096527
*       89.9485397338867
GRID*    3156                           170.400009155273-1.8255615234375
*        108.87133026123
GRID*    3159                            159.75         -2.1658475399017
*       98.7114181518555
GRID*    3165                           181.050003051758-1.4932663440704
*       118.721328735352
GRID*    3168                           191.699996948242-1.7277348041534
*       117.324653625488
GRID*    3171                           181.050003051758-2.0528469085693
*       107.474296569824
GRID*    3174                           213.000030517578-1.6299332380295
*       125.777984619141
GRID*    3177                           202.350021362305-1.9398460388184
*       116.237190246582
GRID*    3183                           234.300018310547-1.5321657657623
*       134.231307983398
GRID*    3189                            244.95036315918-1.7138427495956
*       133.763092041016
GRID*    3192                           223.650360107422-1.8268435001373
*       125.000213623047
GRID*    3198                           234.300277709961-1.9977672100067
*       124.538108825684
GRID*    3201                           244.950012207031-2.1423392295837
*        124.38436126709
GRID*    3207                           213.000015258789-2.1252269744873
*       115.465850830078
GRID*    3210                           223.650009155273-2.2835924625397
*       115.003112792969
GRID*    3213                           202.350006103516 -2.424845457077
*       105.621856689453
GRID*    3216                           191.700012207031-2.2527513504028
*       106.393798828125
GRID*    3219                           181.050018310547 -2.566098690033
*        96.240608215332
GRID*    3222                           170.400009155273-2.3803253173828
*       97.3217468261719
GRID*    3225                           149.100006103516 -2.507933139801
*       88.2497100830078
GRID*    3228                            159.75         -2.7073519229889
*       86.8593521118164
GRID*    3231                           138.449996948242-2.8486049175262
*       77.4780960083008
GRID*    3234                           127.799995422363-2.6355571746826
*       79.1776580810547
GRID*    3237                           117.149993896484-2.9898581504822
*       68.0968475341797
GRID*    3240                           106.499992370605-2.7631814479828
*       70.1056060791016
GRID*    3243                           95.8499984741211-3.1311113834381
*       58.7155952453613
GRID*    3246                           85.1999969482422-2.8907890319824
*       61.0335693359375
GRID*    3249                           63.9000015258789 -3.018363237381
*       51.9615249633789
GRID*    3252                           74.5500030517578-3.2723643779755
*       49.3343505859375
GRID*    3255                           53.2500038146973-3.4136176109314
*       39.9530982971191
GRID*    3258                           42.6000061035156-3.1458871364594
*        42.889476776123
GRID*    3264                           10.6500434875488-3.6961236000061
*       21.1906127929688
GRID*    3267                           21.3000068664551-3.2733447551727
*       33.8174285888672
GRID*    3270                           31.9500389099121-3.5548703670502
*       30.5718612670898
GRID*    3273                           21.3000411987305-3.9534649848938
*       17.9405555725098
GRID*    3276                            10.650013923645 -4.331356048584
*       4.99853467941284
GRID*    3282                            31.950008392334-4.1658263206482
*       14.9985885620117
GRID*    3285                           42.6000061035156-3.7995529174805
*       27.6311588287354
GRID*    3288                           63.9000053405762-3.6455357074738
*       37.3217849731445
GRID*    3291                           53.2500038146973-4.0002970695496
*       24.9986419677734
GRID*    3294                           74.5500030517578-3.8347673416138
*       34.9986991882324
GRID*    3297                           85.1999969482422-3.4914395809174
*       47.0124130249023
GRID*    3300                           95.8500061035156-3.6692378520966
*       44.9987564086914
GRID*    3303                           106.499992370605-3.3372910022736
*       56.7030334472656
GRID*    3306                           117.150001525879-3.5037083625793
*       54.9988098144531
GRID*    3309                           127.800003051758-3.1831159591675
*       66.3936614990234
GRID*    3312                           149.100006103516-3.0289409160614
*       76.0842895507812
GRID*    3315                           138.449996948242-3.3381788730621
*       64.9988632202148
GRID*    3318                           159.750015258789-3.1726491451263
*       74.9989318847656
GRID*    3321                           170.399993896484-2.8747923374176
*        85.77490234375
GRID*    3324                           181.050018310547-3.0071196556091
*       84.9989852905273
GRID*    3327                           191.700012207031-2.7206959724426
*       95.4655456542969
GRID*    3330                           202.350006103516-2.8415901660919
*       94.9990386962891
GRID*    3333                           213.000015258789-2.5666787624359
*        105.15616607666
GRID*    3336                           234.300018310547 -2.412766456604
*       114.846809387207
GRID*    3342                           244.949813842773 -2.510532617569
*       114.999053955078
GRID*    3345                           223.649810791016-2.6760621070862
*       104.999000549316
GRID*    3351                           234.299865722656-2.7487025260925
*       105.152877807617
GRID*    3354                            244.95002746582-2.7856683731079
*       105.615516662598
GRID*    3357                           223.650024414062-2.9693388938904
*       94.9967651367188
GRID*    3360                           213.000015258789-2.9240198135376
*       94.8436279296875
GRID*    3363                           202.350006103516-3.1530094146729
*       84.3779983520508
GRID*    3366                           191.700012207031-3.0994839668274
*       84.5342407226562
GRID*    3369                           181.050003051758-3.3366799354553
*       73.7592391967773
GRID*    3372                           170.400024414062-3.2750568389893
*       74.2248687744141
GRID*    3375                           149.100006103516-3.4507024288177
*       63.9154891967773
GRID*    3378                           159.750015258789-3.5203504562378
*       63.1404800415039
GRID*    3381                           127.799995422363-3.6263842582703
*       53.6061058044434
GRID*    3384                           138.450012207031-3.7040209770203
*       52.5217208862305
GRID*    3387                           117.150001525879-3.8876914978027
*       41.9029579162598
GRID*    3390                            106.5          -3.8020658493042
*       43.2967338562012
GRID*    3393                           95.8500061035156-4.0713620185852
*       31.2842025756836
GRID*    3396                           85.2000045776367-3.9777112007141
*       32.9873580932617
GRID*    3399                           74.5500106811523-4.2550325393677
*       20.6654453277588
GRID*    3402                           63.9000091552734 -4.153284072876
*       22.6779823303223
GRID*    3405                           42.6000061035156-4.3287482261658
*        12.368595123291
GRID*    3408                           53.2500076293945-4.4387030601501
*       10.0466842651367
GRID*    3414                           10.6499843597412-4.8060441017151
*       -11.190843582153
GRID*    3417                           21.3000068664551-4.5040674209595
*       2.05921077728271
GRID*    3420                           31.9499816894531-4.6223735809326
*       -.57208621501923
GRID*    3423                           21.2999877929688-4.8660402297974
*        -13.82143497467
GRID*    3426                           10.6500024795532-5.0390291213989
*       -27.381189346313
GRID*    3432                           31.9500007629395-4.8464550971985
*       -16.143692016602
GRID*    3435                           42.6000061035156-4.6767258644104
*       -2.8933067321777
GRID*    3438                           63.9000091552734-4.4871711730957
*       8.03480243682861
GRID*    3441                           53.2500076293945-4.6538805961609
*       -4.9061913490295
GRID*    3444                           74.5500106811523-4.4613060951233
*       6.33130931854248
GRID*    3447                           85.2000045776367-4.2974367141724
*       18.9629058837891
GRID*    3450                           95.8500137329102-4.2687315940857
*       17.5688076019287
GRID*    3453                            106.5           -4.107581615448
*       29.8910045623779
GRID*    3456                           117.150009155273-4.0761570930481
*       28.8063011169434
GRID*    3459                           127.800003051758-3.9176666736603
*       40.8191146850586
GRID*    3462                           149.100006103516 -3.727751493454
*       51.7472152709961
GRID*    3465                           138.449996948242-3.8835830688477
*       40.0437927246094
GRID*    3468                           159.749984741211-3.6910085678101
*       51.2812881469727
GRID*    3471                           170.399993896484-3.5378966331482
*       62.6753158569336
GRID*    3474                           181.050003051758-3.4984340667725
*       62.5187911987305
GRID*    3477                           191.700012207031-3.3481619358063
*       73.6034240722656
GRID*    3480                            213.           -3.1586074829102
*       84.5315322875977
GRID*    3483                           202.350006103516-3.3058598041534
*       73.7562942504883
GRID*    3489                           244.950012207031-2.9207110404968
*       96.2312850952148
GRID*    3492                           234.300018310547-2.9692931175232
*       95.4596557617188
GRID*    3495                           223.650009155273-3.1132853031158
*       84.9937973022461
GRID*    3498                           244.950012207031-2.9165906906128
*       86.8468933105469
GRID*    3504                           234.300018310547-3.0266642570496
*       85.7656555175781
GRID*    3507                           213.000015258789-3.2197403907776
*       74.2187881469727
GRID*    3510                           191.700012207031-3.4129452705383
*       62.6719017028809
GRID*    3513                           202.349990844727-3.3011960983276
*       63.1343955993652
GRID*    3516                           223.650009155273-3.1088933944702
*       74.9906539916992
GRID*    3519                           181.049987792969-3.4934990406036
*       51.2781410217285
GRID*    3522                           170.400009155273 -3.606246471405
*       51.1250305175781
GRID*    3525                           149.099990844727-3.7996120452881
*       39.5781555175781
GRID*    3528                            159.75         -3.6858017444611
*       39.4218978881836
GRID*    3531                           127.800003051758-3.9930098056793
*       28.0312881469727
GRID*    3534                           138.449996948242-3.8781042098999
*       27.5656547546387
GRID*    3537                            106.5          -4.1864070892334
*       16.4844207763672
GRID*    3540                           117.149993896484-4.0704069137573
*       15.7094068527222
GRID*    3543                           95.8499984741211-4.2627096176147
*       3.85315871238708
GRID*    3546                           85.2000045776367-4.3797726631165
*        4.9375467300415
GRID*    3549                           63.9000053405762-4.5730738639832
*       -6.6093225479126
GRID*    3552                           74.5500030517578-4.4550123214722
*       -8.0030832290649
GRID*    3555                           42.6000061035156-4.7662787437439
*       -18.156196594238
GRID*    3558                            53.25          -4.6473150253296
*       -19.859331130981
GRID*    3561                           10.6500205993652-5.0319204330444
*       -43.571811676025
GRID*    3564                           21.3000221252441-4.9593544006348
*       -29.703048706055
GRID*    3570                           31.9500160217285 -4.839617729187
*        -31.71556854248
GRID*    3651                           10.5864248275757-1.7408480644226
*       61.6438026428223
GRID*    3660                           31.8252258300781-1.6744884252548
*       69.4556427001953
GRID*    3669                           53.1886978149414-1.6076949834824
*       77.3146133422852
GRID*    3678                           74.4938888549805-1.5411649942398
*       85.1508560180664
GRID*    3687                           95.7939147949219-1.4747161865234
*        92.984130859375
GRID*    3696                           117.120704650879-1.4081302881241
*        100.82844543457
GRID*    3705                           138.420761108398-1.3416318893433
*       108.662895202637
GRID*    3714                           159.723587036133-1.2751233577728
*       116.498344421387
GRID*    3723                           180.998657226562-1.2086983919144
*       124.323516845703
GRID*    3732                           202.300888061523-1.1421777009964
*       132.158660888672
GRID*    3741                           244.949661254883-1.0089102983475
*       147.845977783203
GRID*    3750                           223.603530883789-1.0756003856659
*       139.994750976562
GRID*    3759                           10.6500482559204-2.5594382286072
*       45.4713935852051
GRID*    3768                           31.9499778747559-2.4616875648499
*        53.924690246582
GRID*    3777                           53.2500076293945-2.3638949394226
*       62.3780250549316
GRID*    3786                           74.5500030517578-2.2660706043243
*       70.8313446044922
GRID*    3795                           95.8500061035156-2.1682231426239
*        79.28466796875
GRID*    3804                           117.150001525879-2.0703620910645
*       87.7379913330078
GRID*    3813                           138.450012207031-1.9724961519241
*       96.1913146972656
GRID*    3822                            159.75         -1.8746349811554
*       104.644638061523
GRID*    3831                           181.050003051758-1.7767876386642
*       113.097961425781
GRID*    3840                           202.350006103516-1.6789630651474
*       121.551292419434
GRID*    3849                            244.95002746582-1.4834196567535
*       138.457946777344
GRID*    3858                           223.650024414062-1.5811706781387
*       130.004623413086
GRID*    3867                           244.949996948242-1.9340668916702
*       129.073989868164
GRID*    3876                           223.650299072266-2.0614829063416
*       120.002075195312
GRID*    3885                           202.350021362305-2.1889772415161
*       110.929901123047
GRID*    3894                           181.050018310547-2.3165280818939
*       101.857856750488
GRID*    3903                           159.750015258789-2.4441206455231
*       92.7858200073242
GRID*    3912                           138.449996948242 -2.571738243103
*       83.7137756347656
GRID*    3921                           117.149993896484-2.6993641853333
*       74.6417388916016
GRID*    3930                           95.8499984741211-2.8269817829132
*       65.5697021484375
GRID*    3939                           74.5500030517578-2.9545743465424
*       56.4976615905762
GRID*    3948                           53.2500038146973-3.0821251869202
*       47.4256172180176
GRID*    3957                           10.6500120162964-3.3370356559753
*       29.2815265655518
GRID*    3966                           31.9500064849854-3.2096178531647
*       38.3535766601562
GRID*    3975                           10.6500329971313-4.0302867889404
*       13.0951862335205
GRID*    3984                           31.9500064849854-3.8764383792877
*       22.7858104705811
GRID*    3993                           53.2500038146973-3.7224729061127
*       32.4764442443848
GRID*    4002                           74.5499954223633 -3.568416595459
*       42.1670684814453
GRID*    4011                           95.8499984741211-3.4142954349518
*       51.8576965332031
GRID*    4020                           117.149993896484 -3.260134935379
*       61.5483207702637
GRID*    4029                           138.449996948242 -3.105961561203
*       71.2389450073242
GRID*    4038                            159.75         -2.9518013000488
*        80.929573059082
GRID*    4047                           181.050018310547 -2.797679901123
*       90.6202087402344
GRID*    4056                           202.350006103516-2.6436235904694
*       100.310836791992
GRID*    4065                           244.950012207031-2.3358097076416
*       119.692100524902
GRID*    4074                           223.650009155273-2.4896581172943
*        110.00146484375
GRID*    4083                           244.949935913086-2.6608777046204
*       110.307662963867
GRID*    4092                           223.649948120117-2.8361036777496
*        99.998268127441
GRID*    4101                           202.350021362305-3.0114853382111
*       89.6889572143555
GRID*    4110                           181.050018310547 -3.186990737915
*       79.3795776367188
GRID*    4119                           159.750015258789 -3.362601518631
*       69.0695953369141
GRID*    4128                           138.449996948242-3.5382640361786
*       58.7596321105957
GRID*    4137                           117.150001525879-3.7139227390289
*       48.4503936767578
GRID*    4146                           95.8499984741211-3.8895637989044
*        38.141170501709
GRID*    4155                           74.5500106811523-4.0651612281799
*       27.8316383361816
GRID*    4164                           53.2500038146973 -4.24063539505
*       17.5233306884766
GRID*    4173                           10.6500072479248-4.5912337303162
*       -3.0950736999512
GRID*    4182                           31.9500045776367-4.4159870147705
*       7.21500825881958
GRID*    4191                           10.6500062942505 -4.963161945343
*       -19.285461425781
GRID*    4200                           31.9499893188477 -4.773946762085
*       -8.3573570251465
GRID*    4209                           53.2500038146973 -4.584424495697
*       2.57076001167297
GRID*    4218                           74.5500030517578 -4.39466381073
*       13.4988651275635
GRID*    4227                           95.8499984741211-4.2047328948975
*       24.4269676208496
GRID*    4236                           117.149993896484-4.0146994590759
*       35.3550682067871
GRID*    4245                           138.449996948242-3.8246321678162
*       46.2831687927246
GRID*    4254                            159.75         -3.6345992088318
*       57.2112693786621
GRID*    4263                           181.050003051758-3.4446680545807
*       68.1393737792969
GRID*    4272                           202.350021362305-3.2549073696136
*       79.0674896240234
GRID*    4281                           244.950012207031-2.8761696815491
*       100.923706054688
GRID*    4290                           223.650009155273-3.0653853416443
*       89.9955978393555
GRID*    4299                           244.950012207031-2.9292063713074
*        91.5390625
GRID*    4308                           202.350021362305 -3.315265417099
*       68.4453201293945
GRID*    4317                           223.650024414062-3.1221759319305
*       79.9921951293945
GRID*    4326                           181.050003051758-3.5084481239319
*       56.8984336853027
GRID*    4335                            159.75         -3.7016973495483
*       45.3515586853027
GRID*    4344                           138.449996948242-3.8949863910675
*        33.8046875
GRID*    4353                           117.150001525879-4.0882887840271
*       22.2578144073486
GRID*    4362                           95.8500061035156-4.2815775871277
*       10.7109403610229
GRID*    4371                           74.5500106811523-4.4748268127441
*       -.83593219518661
GRID*    4380                           53.2500076293945-4.6680092811584
*       -12.382806777954
GRID*    4389                           10.6500234603882-5.0540680885315
*       -35.476543426514
GRID*    4398                           31.9500064849854-4.8610987663269
*       -23.929681777954
GRID*    4407                            10.650016784668-4.9685735702515
*       -51.667259216309
GRID*    4416                           31.9499893188477 -4.778932094574
*       -39.501651763916
GRID*    4425                           53.2500076293945-4.5891304016113
*       -27.336011886597
GRID*    4434                           74.5500030517578-4.3992037773132
*       -15.170387268066
GRID*    4443                           95.8499984741211-4.2091879844666
*       -3.0047597885132
GRID*    4452                           117.150001525879-4.0191187858582
*       9.16086959838867
GRID*    4461                           138.449996948242-3.8290319442749
*       21.3264999389648
GRID*    4470                            159.75         -3.6389629840851
*        33.492130279541
GRID*    4479                           181.050003051758-3.4489471912384
*       45.6577606201172
GRID*    4488                           202.350021362305-3.2590205669403
*       57.8233947753906
GRID*    4497                           244.950012207031-2.8795771598816
*       82.1546478271484
GRID*    4506                           223.650024414062-3.0692186355591
*       69.9890289306641
GRID*    4512                           10.650059700012210.1550168991089
*        -43.56888961792
GRID*    4521                           21.3000774383545 9.6846504211426
*       -45.584133148193
GRID*    4524                           42.60000610351569.30763339996338
*       -33.418613433838
GRID*    4527                           31.9500637054443 9.7669267654419
*       -31.712757110596
GRID*    4533                           53.25000381469739.37883853912354
*       -19.856657028198
GRID*    4539                           63.9000015258789 8.930344581604
*       -21.252996444702
GRID*    4542                           85.20000457763678.55285358428955
*       -9.0873746871948
GRID*    4545                           74.55000305175788.99074840545654
*       -8.0005283355713
GRID*    4551                           95.85000610351568.60265827178955
*       3.85560774803162
GRID*    4557                            106.5          8.17522811889648
*       3.07825136184692
GRID*    4560                           117.1500015258798.21456813812256
*       15.7117376327515
GRID*    4566                           127.8000030517587.79753446578979
*       15.2438888549805
GRID*    4569                           149.1000061035167.41984176635742
*       27.4095191955566
GRID*    4572                           138.4499969482427.82647848129272
*       27.5678691864014
GRID*    4578                            159.75         7.43838834762573
*        39.423999786377
GRID*    4584                           170.399993896484 7.0422158241272
*       39.5751457214355
GRID*    4587                           191.700012207031 6.6647253036499
*       51.7407646179199
GRID*    4590                           181.049987792969 7.0502986907959
*       51.2801284790039
GRID*    4596                           202.3500061035166.66220808029175
*       63.1362724304199
GRID*    4602                           213.0000152587896.28743553161621
*       63.9063911437988
GRID*    4605                           223.6500091552736.27411794662476
*       74.9924087524414
GRID*    4611                           234.3000183105475.91041660308838
*       76.0719985961914
GRID*    4620                           244.9500122070315.88602828979492
*       86.8485412597656
GRID*    4626                           244.9500122070316.08198261260986
*       96.2315063476562
GRID*    4629                           234.3000183105476.20304775238037
*       85.7661743164062
GRID*    4632                           213.0000152587896.59877443313599
*       74.2193374633789
GRID*    4635                           223.6500091552736.48299217224121
*       84.9940185546875
GRID*    4638                           202.3500213623056.88400220870972
*       73.7565307617188
GRID*    4641                           191.7000122070316.99473905563354
*        62.672492980957
GRID*    4644                           181.0500030517587.28501176834106
*       62.5190353393555
GRID*    4647                           170.3999938964847.39088106155396
*       51.1256446838379
GRID*    4650                           149.1000061035167.78714179992676
*        39.578800201416
GRID*    4653                            159.75         7.68602180480957
*       51.2815399169922
GRID*    4656                           138.4499969482428.08703136444092
*       40.0440559387207
GRID*    4659                           127.8000030517588.18346214294434
*       28.0319557189941
GRID*    4662                           117.1500167846688.48804092407227
*       28.8065719604492
GRID*    4665                            106.5          8.57978248596191
*       16.4851016998291
GRID*    4668                           85.20000457763678.97604274749756
*       4.93825721740723
GRID*    4671                           95.85002899169928.88905048370361
*       17.5690898895264
GRID*    4674                           74.55003356933599.29006004333496
*       6.33160305023193
GRID*    4677                           63.90000534057629.37218475341797
*       -6.6085872650146
GRID*    4680                           53.2500381469727 9.6910696029663
*       -4.9058837890625
GRID*    4683                           42.6000061035156 9.7681484222412
*       -18.155426025391
GRID*    4686                           21.300056457519510.1638736724854
*       -29.702205657959
GRID*    4689                           31.950046539306610.0920791625977
*       -16.143369674683
GRID*    4692                           10.650030136108410.4930896759033
*       -27.380868911743
GRID*    4698                           10.650022506713910.4549646377563
*        -11.19068145752
GRID*    4704                            21.30002784729 10.3281879425049
*       -13.821598052979
GRID*    4707                           42.6000061035156 9.9261846542358
*       -2.8935046195984
GRID*    4710                            31.95002365112310.0554113388062
*       -.57192951440811
GRID*    4713                           53.2500114440918 9.6558589935303
*       10.0468139648438
GRID*    4716                           63.9000053405762 9.5238332748413
*       8.03461170196533
GRID*    4719                           74.55001068115239.25630664825439
*        20.665563583374
GRID*    4722                           85.20000457763679.12122058868408
*       18.9627265930176
GRID*    4725                           95.8500137329102 8.8567533493042
*       31.2843170166016
GRID*    4728                            106.5          8.71843528747559
*       29.8908405303955
GRID*    4731                           127.800003051758 8.3155632019043
*       40.8189582824707
GRID*    4734                           117.1500091552738.45720100402832
*       41.9030647277832
GRID*    4737                           138.4499969482428.05764865875244
*       52.5218124389648
GRID*    4740                           149.1000061035167.91269016265869
*       51.7470741271973
GRID*    4743                            159.75          7.6580958366394
*       63.1405639648438
GRID*    4746                           170.399993896484 7.5099048614502
*       62.6751861572266
GRID*    4749                           191.7000122070317.10729265213013
*       73.6033020019531
GRID*    4752                           181.0500030517587.25854301452637
*       73.7593154907227
GRID*    4755                           202.3499908447276.85899019241333
*        84.378059387207
GRID*    4758                            213.            6.7049412727356
*       84.5314178466797
GRID*    4761                           223.6500091552736.45943737030029
*       94.9968185424805
GRID*    4764                           234.3000335693366.30293655395508
*       95.4595489501953
GRID*    4770                           244.9500122070316.05988454818726
*       105.615570068359
GRID*    4773                            10.64999580383310.0459785461426
*       4.99975490570068
GRID*    4779                            21.30001258850110.0930461883545
*       2.06019258499146
GRID*    4782                           31.9499931335449 9.6620559692383
*       14.9997625350952
GRID*    4785                           42.6000061035156 9.7000894546509
*        12.369535446167
GRID*    4788                           63.90000152587899.30688571929932
*       22.6788749694824
GRID*    4791                           53.25000762939459.27813339233398
*        24.99977684021
GRID*    4794                           74.55001068115238.89421081542969
*       34.9997901916504
GRID*    4797                           85.20001220703128.91349792480469
*       32.9882164001465
GRID*    4800                           95.85000610351568.51028823852539
*       44.9997940063477
GRID*    4803                            106.5          8.51998710632324
*       43.2975463867188
GRID*    4806                           117.1500015258798.12636566162109
*       54.9998016357422
GRID*    4809                           127.8000030517588.12641525268555
*       53.6068840026855
GRID*    4812                           149.1000061035167.73284292221069
*       63.9162216186523
GRID*    4815                           138.4499969482427.74244260787964
*       64.9998092651367
GRID*    4818                            159.75         7.35852003097534
*       74.9998168945312
GRID*    4821                           170.3999938964847.33933210372925
*       74.2255477905273
GRID*    4824                           181.0500030517586.97459697723389
*       84.9998321533203
GRID*    4827                           191.7000122070316.94594383239746
*       84.5348892211914
GRID*    4830                            213.           6.55274105072021
*       94.8442306518555
GRID*    4833                           202.3500061035166.59067440032959
*       94.9998397827148
GRID*    4836                           223.6500091552736.20675134658813
*       104.999847412109
GRID*    4839                           234.3000183105476.15978336334229
*       105.153579711914
GRID*    4842                           244.9500122070315.82282876968384
*       114.999855041504
GRID*    4848                           234.300018310547 5.825026512146
*       114.846054077148
GRID*    4854                           244.9500122070315.41876745223999
*       124.381378173828
GRID*    4857                           223.6500091552735.77604913711548
*       114.999923706055
GRID*    4860                           213.0000152587896.19665193557739
*       105.155364990234
GRID*    4863                           202.3500061035166.13333082199097
*       105.618476867676
GRID*    4866                           191.7000122070316.56848382949829
*       95.4646911621094
GRID*    4869                           181.050018310547 6.4906120300293
*       96.2370223999023
GRID*    4872                           170.4000091552736.94047069549561
*       85.7740173339844
GRID*    4875                            106.5          8.05684280395508
*       56.7020225524902
GRID*    4878                           127.7999954223637.68470191955566
*       66.3926849365234
GRID*    4881                           117.150009155273 7.5624566078186
*       68.0926666259766
GRID*    4884                           95.85001373291027.91973829269409
*       58.7112236022949
GRID*    4887                           85.20000457763678.42893218994141
*       47.0113639831543
GRID*    4890                           74.55001068115238.27701950073242
*       49.3297729492188
GRID*    4893                           63.90000152587898.80091953277588
*        37.320686340332
GRID*    4896                           42.60000610351569.17275142669678
*        27.630012512207
GRID*    4899                           53.25001525878918.63430118560791
*       39.9483222961426
GRID*    4902                           31.95006752014168.99158191680908
*        30.56689453125
GRID*    4905                           21.3000373840332 9.5443754196167
*       17.9393539428711
GRID*    4908                           10.65006542205819.34886360168457
*       21.1854438781738
GRID*    4914                           149.1000061035167.31256008148193
*       76.0833511352539
GRID*    4917                            159.75         6.84789371490479
*       86.8555679321289
GRID*    4920                           138.4499969482427.20517539978027
*       77.4741134643555
GRID*    4926                           10.64999961853038.41525840759277
*       37.3811492919922
GRID*    4929                           21.30000686645518.73981285095215
*       33.8208503723145
GRID*    4932                           31.94999313354498.09365653991699
*       46.1436462402344
GRID*    4935                           42.60000610351568.39949893951416
*       42.8927726745605
GRID*    4938                           63.90000152587898.05901050567627
*       51.9646873474121
GRID*    4941                            53.25          7.77205419540405
*       54.9061508178711
GRID*    4944                           74.54999542236337.45045232772827
*       63.6686515808105
GRID*    4947                           85.20000457763677.71838903427124
*       61.0366020202637
GRID*    4950                           95.84999084472667.12885046005249
*        72.43115234375
GRID*    4953                           106.5000076293957.37768030166626
*       70.1085052490234
GRID*    4956                           127.7999954223637.03692722320557
*       79.1804046630859
GRID*    4959                            117.149986267096.80724811553955
*       81.1936492919922
GRID*    4962                           138.4499969482426.48564577102661
*       89.9561614990234
GRID*    4965                           149.1000061035166.69617462158203
*       88.2523040771484
GRID*    4968                           159.7500152587896.16404342651367
*       98.7186660766602
GRID*    4971                           170.4000091552736.35546541213989
*       97.3242111206055
GRID*    4974                           191.7000122070316.01484441757202
*       106.396118164062
GRID*    4977                           181.0500183105475.84244155883789
*       107.481170654297
GRID*    4980                           202.3500061035165.52083969116211
*       116.243675231934
GRID*    4983                           213.0000152587895.67435503005981
*       115.468048095703
GRID*    4986                           223.6503295898445.19923257827759
*       125.006309509277
GRID*    4989                           234.2999267578125.33404779434204
*       124.539863586426
GRID*    4992                           244.9503479003914.87763023376465
*       133.768814086914
GRID*    4998                           21.29999732971197.71897411346436
*       49.7053527832031
GRID*    5001                           10.6500015258789 7.2776050567627
*        53.573371887207
GRID*    5007                           31.94999122619636.99948024749756
*       61.7170600891113
GRID*    5010                           42.60000610351567.41839742660522
*       58.1584091186523
GRID*    5013                           63.90000534057627.11767673492432
*       66.6114501953125
GRID*    5016                           53.24999618530276.72135496139526
*       69.8607559204102
GRID*    5019                           74.55000305175786.44323015213013
*       78.0044479370117
GRID*    5022                           85.20000457763676.81684875488281
*       75.0644760131836
GRID*    5025                           95.85000610351566.16510486602783
*       86.1481399536133
GRID*    5028                            106.5          6.51594877243042
*       83.5175018310547
GRID*    5031                           127.800003051758 6.215012550354
*       91.9705276489258
GRID*    5034                           117.149993896484 5.8869800567627
*       94.2918319702148
GRID*    5037                           138.4499969482425.60885524749756
*       102.435523986816
GRID*    5040                           149.1000061035165.91407585144043
*       100.423561096191
GRID*    5043                           159.7500152587895.33072996139526
*       110.579223632812
GRID*    5044                           170.400009155273 5.1916675567627
*       114.651069641113
GRID*    5046                           170.4000244140625.61317586898804
*       108.876586914062
GRID*    5049                           181.0500183105475.05260515213013
*       118.722915649414
GRID*    5052                           191.7000122070315.31234788894653
*       117.329612731934
GRID*    5055                           213.0000152587895.01162719726562
*       125.782653808594
GRID*    5058                           202.3500213623054.77447986602783
*        126.86661529541
GRID*    5064                            244.95002746582 4.2182297706604
*       143.154006958008
GRID*    5067                           234.3000183105474.71105051040649
*       134.235702514648
GRID*    5070                           223.6500244140624.49635457992554
*       135.010314941406
GRID*    5073                           21.30000877380376.52110004425049
*       65.5876159667969
GRID*    5085                           42.60000610351566.26716279983521
*        73.421875
GRID*    5091                           63.90000152587896.01310920715332
*       81.2561264038086
GRID*    5094                           85.20000457763675.75896835327148
*       89.0903701782227
GRID*    5103                            106.5          5.50476980209351
*       96.9246063232422
GRID*    5109                           127.8000030517585.25054168701172
*       104.758842468262
GRID*    5112                           149.1000061035164.99631357192993
*       112.593078613281
GRID*    5121                           170.4000091552734.74211454391479
*       120.427322387695
GRID*    5127                           191.7000122070314.48797369003296
*       128.261566162109
GRID*    5130                           213.0000305175784.23391962051392
*       136.095825195312
GRID*    5139                           234.3000183105473.97998237609863
*       143.930084228516
GRID*    5151                           10.6500463485718 9.8731603622437
*       -51.666988372803
GRID*    5160                           31.95005035400399.49629592895508
*       -39.501461029053
GRID*    5169                           53.25001144409189.11912727355957
*       -27.335945129395
GRID*    5178                           74.55000305175788.74172210693359
*       -15.170385360718
GRID*    5187                           95.85000610351568.36415195465088
*       -3.0047035217285
GRID*    5196                           117.1500015258797.98647928237915
*       9.16097640991211
GRID*    5205                           138.4500122070317.60876893997192
*        21.326566696167
GRID*    5214                            159.75         7.23113107681274
*       33.4931106567383
GRID*    5223                           181.0500030517586.85358381271362
*       45.6593742370605
GRID*    5232                           202.3500061035166.47616100311279
*       57.8245124816895
GRID*    5241                           223.6500091552736.09897756576538
*       69.9897079467773
GRID*    5250                           244.9500122070315.72210264205933
*       82.1549682617188
GRID*    5259                           244.9500122070316.00421810150146
*       91.5395660400391
GRID*    5268                           223.6500091552736.39977073669434
*       79.9927291870117
GRID*    5277                           202.3500061035166.79556322097778
*       68.4458847045898
GRID*    5286                           181.0500030517587.19154214859009
*        56.899040222168
GRID*    5295                            159.75         7.58765411376953
*       45.3521881103516
GRID*    5304                           138.4499969482427.98384571075439
*       33.8053436279297
GRID*    5313                           117.1499938964848.38006401062012
*        22.258487701416
GRID*    5322                           95.84999847412118.77625560760498
*       10.7116413116455
GRID*    5331                           74.55000305175789.17236709594727
*       -.83520179986954
GRID*    5340                            53.25           9.5683460235596
*       -12.382048606873
GRID*    5349                            31.950008392334 9.9641380310059
*       -23.928884506226
GRID*    5358                           10.650048255920410.3596897125244
*       -35.475696563721
GRID*    5367                           10.650027275085410.5316820144653
*       -19.285713195801
GRID*    5376                           31.950017929077110.1298389434814
*       -8.3575859069824
GRID*    5385                           53.2500076293945 9.7275686264038
*        2.5705258846283
GRID*    5394                           74.55001068115239.32496452331543
*       13.4986438751221
GRID*    5403                           95.84999847412118.92212200164795
*       24.4267559051514
GRID*    5412                           117.1500015258798.51913738250732
*       35.3548736572266
GRID*    5421                           138.4499969482428.11610507965088
*       46.2829895019531
GRID*    5430                            159.75          7.7131199836731
*       57.2111053466797
GRID*    5439                           181.0500030517587.31027793884277
*       68.1392211914062
GRID*    5448                           202.3500061035166.90767335891724
*       79.0673446655273
GRID*    5457                           223.6500244140626.50540208816528
*       89.9954681396484
GRID*    5466                           244.950012207031 6.1035590171814
*       100.923583984375
GRID*    5475                           10.650024414062510.2889642715454
*       -3.0944101810455
GRID*    5484                           31.9500064849854 9.8961610794067
*       7.21493244171143
GRID*    5493                           53.2500076293945 9.5030870437622
*       17.5242748260498
GRID*    5502                           74.55001068115239.10980224609375
*       27.8336162567139
GRID*    5511                           95.85000610351568.71636772155762
*       38.1429443359375
GRID*    5520                           117.1500015258798.32284355163574
*       48.4522743225098
GRID*    5529                           138.4499969482427.92928838729858
*        58.761604309082
GRID*    5538                           159.7500152587897.53576374053955
*       69.0709381103516
GRID*    5547                           181.0500030517587.14232921600342
*       79.3802719116211
GRID*    5556                           202.3500213623056.74904489517212
*       89.6896133422852
GRID*    5565                           223.6500091552736.35597085952759
*        99.998954772949
GRID*    5574                            244.950027465825.96316719055176
*       110.308303833008
GRID*    5583                            244.950027465825.63923406600952
*       119.691383361816
GRID*    5592                           223.6500244140626.01073455810547
*       110.000694274902
GRID*    5601                           202.3500213623056.38246583938599
*       100.310012817383
GRID*    5610                           181.0500030517586.75437641143799
*       90.6193237304688
GRID*    5619                           117.150001525879 7.8706693649292
*       61.5473251342773
GRID*    5628                           95.84999084472668.24278450012207
*       51.8566589355469
GRID*    5637                           74.55000305175788.61482238769531
*       42.1659965515137
GRID*    5646                           53.25000762939458.98673248291016
*       32.4753189086914
GRID*    5655                           31.95000648498549.35846328735352
*       22.7846393585205
GRID*    5664                           10.6500492095947 9.7299633026123
*       13.0939664840698
GRID*    5673                            159.75         7.12641429901123
*       80.9286575317383
GRID*    5682                           138.4499969482427.49852895736694
*       71.2379913330078
GRID*    5691                           10.65001106262218.91001129150391
*       29.2850208282471
GRID*    5700                           31.95000648498548.56980037689209
*       38.3569488525391
GRID*    5709                           53.25000381469738.22939014434814
*       47.4288597106934
GRID*    5718                           74.55000305175787.88882446289062
*       56.5007705688477
GRID*    5727                           95.85000610351567.54814767837524
*       65.5726699829102
GRID*    5736                           117.1500015258797.20740461349487
*       74.6445617675781
GRID*    5745                           138.4499969482426.86663961410522
*       83.7164535522461
GRID*    5754                           159.7500152587896.52589654922485
*       92.7883529663086
GRID*    5763                           181.0500183105476.18521976470947
*       101.860252380371
GRID*    5772                           202.3500213623055.84465408325195
*       110.932167053223
GRID*    5781                           223.6499633789065.50424432754517
*       120.004058837891
GRID*    5790                           244.9499816894535.16403293609619
*       129.075988769531
GRID*    5799                           10.65000724792487.86931228637695
*       45.4787673950195
GRID*    5808                           31.94999694824227.56881904602051
*       53.9318161010742
GRID*    5817                           53.25000381469737.26816272735596
*       62.3848648071289
GRID*    5826                           74.55001068115236.96737909317017
*       70.8379058837891
GRID*    5835                           95.85000610351566.66650438308716
*       79.2909317016602
GRID*    5844                           117.1500015258796.36557531356812
*       87.7439651489258
GRID*    5853                           138.4499969482426.06462812423706
*       96.1969909667969
GRID*    5862                           159.7500152587895.76369905471802
*       104.650024414062
GRID*    5871                           181.0500183105475.46282434463501
*       113.103065490723
GRID*    5880                           202.3500213623055.16204071044922
*       121.556106567383
GRID*    5889                            244.950027465824.56089067459106
*       138.462203979492
GRID*    5898                           223.6500091552734.86138391494751
*       130.009155273438
GRID*    5907                            10.6500139236456.64796352386475
*       61.6691856384277
GRID*    5916                           31.95000267028816.39399528503418
*       69.5047302246094
GRID*    5925                           53.25000381469736.14000082015991
*       77.3389892578125
GRID*    5934                           74.55000305175785.88599920272827
*       85.1720733642578
GRID*    5943                           95.84999847412115.63191747665405
*       93.0052642822266
GRID*    5952                           117.1500015258795.37769937515259
*       100.839622497559
GRID*    5961                           138.4499969482425.12346696853638
*       108.673973083496
GRID*    5970                            159.75         4.86924886703491
*       116.508331298828
GRID*    5979                           181.0500030517584.61507415771484
*        124.34268951416
GRID*    5988                           202.3500213623054.36097145080566
*       132.177047729492
GRID*    5997                           223.6500244140624.10696983337402
*        140.01139831543
GRID*    6006                            244.950027465823.85309815406799
*       147.845733642578
$ Loads for Load Case : Default
SPCADD   2       1
$ Displacement Constraints of Load Set : fixed
SPC1     1       123456  889     891     894     897     900     903
         906     907     912     1699    1765
$ Referenced Coordinate Frames
ENDDATA 1feae722
